KishLattice Pipeline Run Log
============================================================
run_timestamp:   20260907_211224
vol_root:        C:\Users\timot\Downloads\Science\src\Unification\vol13
engine_version:  044161a55b39c521e87f4c2bf4d7558fc78cb29cd07bf67abd2b4a5260366c03d5d1612f9caf57d6b0c21459cc7e1a58f103a7c433fe81b168f54dbcdeff6e490eb924e9f91b6c93d0d0e98a9eca38c84777083d4d577d585c0c88411ee18be4
stages:          scalarize, unify, chaos, pinch, figures
started_utc:     2026-09-07 21:12:34 UTC
============================================================


============================================================
[2026-09-07 21:12:34 UTC] STAGE: SCALARIZE
Transform promoted lakes into scalar space
============================================================
[scalarize.json] Loaded config for 74 domains.

============================================================
  [MONITORING TIP] Open a new terminal and run:
  python engine/sidecar.py
  to view the live byte-streaming progress dashboard.
============================================================

Scalarizing L_emission_nist: L_emission_nist_promoted.jsonl -> L_emission_nist_scalarized.jsonl (mode=geometry)
Scalarizing L_igrf: L_igrf_promoted.jsonl -> L_igrf_scalarized.jsonl (mode=geometry)
Scalarizing L_beta_decay: L_beta_decay_promoted.jsonl -> L_beta_decay_scalarized.jsonl (mode=geometry)
Scalarizing q4_nuclear: q4_nuclear_promoted.jsonl -> q4_nuclear_scalarized.jsonl (mode=geometry)
Scalarizing q5_decay: q5_decay_promoted.jsonl -> q5_decay_scalarized.jsonl (mode=geometry)
Scalarizing q8_ionisation: q8_ionisation_promoted.jsonl -> q8_ionisation_scalarized.jsonl (mode=geometry)
Scalarizing b1_chirality: b1_chirality_promoted.jsonl -> b1_chirality_scalarized.jsonl (mode=geometry)
Scalarizing t2b_atlantic: t2b_atlantic_promoted.jsonl -> t2b_atlantic_scalarized.jsonl (mode=geometry)
Scalarizing t2c_gulf: t2c_gulf_promoted.jsonl -> t2c_gulf_scalarized.jsonl (mode=geometry)
Scalarizing t2d_pacific: t2d_pacific_promoted.jsonl -> t2d_pacific_scalarized.jsonl (mode=geometry)
Scalarizing t2g_indian: t2g_indian_promoted.jsonl -> t2g_indian_scalarized.jsonl (mode=geometry)
Scalarizing u1_usgs_san_andreas: u1_usgs_san_andreas_promoted.jsonl -> u1_usgs_san_andreas_scalarized.jsonl (mode=geometry)
Scalarizing u2_usgs_cascadia: u2_usgs_cascadia_promoted.jsonl -> u2_usgs_cascadia_scalarized.jsonl (mode=geometry)
Scalarizing u4_usgs_anatolian: u4_usgs_anatolian_promoted.jsonl -> u4_usgs_anatolian_scalarized.jsonl (mode=geometry)
Scalarizing u3_usgs_japan_trench: u3_usgs_japan_trench_promoted.jsonl -> u3_usgs_japan_trench_scalarized.jsonl (mode=geometry)
Scalarizing k3_solar_cycle: k3_solar_cycle_promoted.jsonl -> k3_solar_cycle_scalarized.jsonl (mode=geometry)
Scalarizing k2a_spindown: k2a_spindown_promoted.jsonl -> k2a_spindown_scalarized.jsonl (mode=geometry)
Scalarizing k2b_dm: k2b_dm_promoted.jsonl -> k2b_dm_scalarized.jsonl (mode=geometry)
Scalarizing k2c_age: k2c_age_promoted.jsonl -> k2c_age_scalarized.jsonl (mode=geometry)
Scalarizing k2d_bfield: k2d_bfield_promoted.jsonl -> k2d_bfield_scalarized.jsonl (mode=geometry)
Scalarizing h1_cern_lhc: h1_cern_lhc_promoted.jsonl -> h1_cern_lhc_scalarized.jsonl (mode=geometry)
Scalarizing h1b_pt_lead: h1b_pt_lead_promoted.jsonl -> h1b_pt_lead_scalarized.jsonl (mode=geometry)
Scalarizing h1c_pt_sublead: h1c_pt_sublead_promoted.jsonl -> h1c_pt_sublead_scalarized.jsonl (mode=geometry)
Scalarizing h1d_eta: h1d_eta_promoted.jsonl -> h1d_eta_scalarized.jsonl (mode=geometry)
Scalarizing g1b_sersic: g1b_sersic_promoted.jsonl -> g1b_sersic_scalarized.jsonl (mode=geometry)
Scalarizing g1c_mass: g1c_mass_promoted.jsonl -> g1c_mass_scalarized.jsonl (mode=geometry)
Scalarizing g2_wmap: g2_wmap_promoted.jsonl -> g2_wmap_scalarized.jsonl (mode=geometry)
Scalarizing l1_gwtc: l1_gwtc_promoted.jsonl -> l1_gwtc_scalarized.jsonl (mode=geometry)
Scalarizing p4_ttv: p4_ttv_promoted.jsonl -> p4_ttv_scalarized.jsonl (mode=geometry)
Scalarizing p_eccentricity: p_ecc_promoted.jsonl -> p_eccentricity_scalarized.jsonl (mode=geometry)
Scalarizing p_inclination: p_incl_promoted.jsonl -> p_inclination_scalarized.jsonl (mode=geometry)
Scalarizing p_transit: p_transit_promoted.jsonl -> p_transit_scalarized.jsonl (mode=geometry)
Scalarizing n1_mechanical: n1_mechanical_promoted.jsonl -> n1_mechanical_scalarized.jsonl (mode=geometry)
Scalarizing n2_behavioral: n2_behavioral_promoted.jsonl -> n2_behavioral_scalarized.jsonl (mode=geometry)
Scalarizing n3_mathematical: n3_mathematical_promoted.jsonl -> n3_mathematical_scalarized.jsonl (mode=geometry)
Scalarizing n4_cosmological: n4_cosmological_promoted.jsonl -> n4_cosmological_scalarized.jsonl (mode=geometry)
Scalarizing frb_chime: frb_chime_promoted.jsonl -> frb_chime_scalarized.jsonl (mode=geometry)
Scalarizing g1_galaxy_kinematics: g1_galaxy_kinematics_promoted.jsonl -> g1_galaxy_kinematics_scalarized.jsonl (mode=geometry)
Scalarizing k2_pulsar_periods: k2_pulsar_periods_promoted.jsonl -> k2_pulsar_periods_scalarized.jsonl (mode=geometry)
Scalarizing k1_kepler_rotation: k1_kepler_rotation_promoted.jsonl -> k1_kepler_rotation_scalarized.jsonl (mode=geometry)
Scalarizing p1_orbital_periods: p1_orbital_periods_promoted.jsonl -> p1_orbital_periods_scalarized.jsonl (mode=geometry)
Scalarizing p2_orbital_radius: p2_orbital_radius_promoted.jsonl -> p2_orbital_radius_scalarized.jsonl (mode=geometry)
Scalarizing p3_planet_mass: p3_planet_mass_promoted.jsonl -> p3_planet_mass_scalarized.jsonl (mode=geometry)
Scalarizing q3_molecular_vibration: q3_molecular_vibration_promoted.jsonl -> q3_molecular_vibration_scalarized.jsonl (mode=geometry)
Scalarizing q9_c60: q9_c60_promoted.jsonl -> q9_c60_scalarized.jsonl (mode=geometry)
Scalarizing s1_gaia_parallax: s1_gaia_parallax_promoted.jsonl -> s1_gaia_parallax_scalarized.jsonl (mode=geometry)
Scalarizing s2_stellar_kinematics: s2_stellar_kinematics_promoted.jsonl -> s2_stellar_kinematics_scalarized.jsonl (mode=geometry)
Scalarizing s4_gaia_colour: s4_gaia_colour_promoted.jsonl -> s4_gaia_colour_scalarized.jsonl (mode=geometry)
Scalarizing t2_planetary: t2_planetary_promoted.jsonl -> t2_planetary_scalarized.jsonl (mode=geometry)
Scalarizing t4_cosmological: t4_cosmological_promoted.jsonl -> t4_cosmological_scalarized.jsonl (mode=geometry)
Scalarizing p1_wrongbox: p1_wrong_promoted.jsonl -> p1_wrongbox_scalarized.jsonl (mode=geometry)
Scalarizing k2_wrongbox: k2_wrongbox_promoted.jsonl -> k2_wrongbox_scalarized.jsonl (mode=geometry)
Scalarizing mat_wrongbox: mat_wrongbox_promoted.jsonl -> mat_wrongbox_scalarized.jsonl (mode=geometry)

==============================================================================
SCALAR DISPATCH ATTRIBUTION
==============================================================================
  domain                          route                      records
  astrophysics                    NAMED_HANDLER                4,636
  atomic_ionisation               NAMED_HANDLER                  305
  behavior                        CONFIG_DISPATCH              2,515
  biology_chirality               CONFIG_DISPATCH                 78
  cmb_anisotropy                  NAMED_HANDLER                   83
  cosmology                       CONFIG_BY_LAKE_ID_AFTER_NAMED       5,000
  cosmology                       CONFIG_AFTER_NAMED           5,000
  electron_beta                   CONFIG_DISPATCH             40,210
  galactic                        CONFIG_DISPATCH          1,843,110
  galactic_mass                   CONFIG_DISPATCH          1,843,110
  galactic_sersic                 CONFIG_DISPATCH            100,000
  geomagnetic                     CONFIG_DISPATCH                195
  gravitational_wave              NAMED_HANDLER                   83
  materials_wrongbox              CONFIG_DISPATCH             33,973
  mathematics                     CONFIG_DISPATCH              1,000
  mechanics                       CONFIG_DISPATCH              2,484
  molecular_c60                   NAMED_HANDLER                   46
  nuclear_binding                 NAMED_HANDLER                   43
  nuclear_decay                   NAMED_HANDLER                3,173
  nuclear_decay                   CONFIG_AFTER_NAMED              32
  orbital                         CONFIG_DISPATCH             13,521
  orbital                         CONFIG_DISPATCH_BY_LAKE_ID      11,970
  orbital_eccentricity            CONFIG_DISPATCH              5,241
  orbital_inclination             CONFIG_DISPATCH              4,779
  orbital_transit                 CONFIG_DISPATCH              4,603
  orbital_ttv                     NAMED_HANDLER              290,458
  orbital_wrongbox                CONFIG_DISPATCH             13,521
  planetary                       CONFIG_AFTER_NAMED          14,116
  planetary_atlantic              NAMED_HANDLER                6,973
  planetary_gulf                  NAMED_HANDLER                6,927
  planetary_indian                NAMED_HANDLER                4,929
  planetary_pacific               NAMED_HANDLER                6,838
  quantum_molecular_vibration     CONFIG_DISPATCH                 77
  quantum_transitional            CONFIG_DISPATCH            189,330
  seismic_temporal                NAMED_HANDLER                4,983
  stellar                         CONFIG_AFTER_NAMED       2,000,000
  stellar                         CONFIG_BY_LAKE_ID_AFTER_NAMED   1,979,697
  stellar_age                     CONFIG_DISPATCH              2,052
  stellar_bfield                  CONFIG_DISPATCH              2,052
  stellar_cycle                   NAMED_HANDLER                   29
  stellar_dm                      CONFIG_DISPATCH              2,457
  stellar_kinematic               CONFIG_DISPATCH          1,808,145
  stellar_rotation                CONFIG_DISPATCH_BY_LAKE_ID      67,311
  stellar_spindown                CONFIG_DISPATCH              2,052
  stellar_wrongbox                CONFIG_DISPATCH              2,527
  subnuclear_eta                  CONFIG_DISPATCH            100,000
  subnuclear_mass                 NAMED_HANDLER              100,000
  subnuclear_pt_lead              CONFIG_DISPATCH            100,000
  subnuclear_pt_sublead           CONFIG_DISPATCH            100,000

  Resolved field paths:
    behavior                         -> scalar_klc
    biology_chirality                -> specific_rotation_deg
    cosmology                        -> meta.source_row.meta.source_row.raw_payload.d_proxy
    electron_beta                    -> beta_endpoint_kev
    galactic                         -> _raw_payload.vdisp
    galactic_mass                    -> stellar_mass_solar
    galactic_sersic                  -> sersic_index
    geomagnetic                      -> amplitude_nT
    k1_kepler_rotation               -> meta.prot_days
    k2_pulsar_periods                -> _raw_payload.p0_ms
    materials_wrongbox               -> volume
    mathematics                      -> scalar_klc
    mechanics                        -> scalar_klc
    n4_cosmological                  -> scalar_klc
    nuclear_decay                    -> half_life_seconds
    orbital                          -> _raw_payload.period_days
    orbital_eccentricity             -> eccentricity
    orbital_inclination              -> inclination_deg
    orbital_transit                  -> transit_duration_hr
    orbital_wrongbox                 -> period_days
    p2_orbital_radius                -> meta.source_row._raw_payload.pl_orbsmax   (config asked 'pl_orbsmax')
    p3_planet_mass                   -> meta.source_row._raw_payload.pl_bmassj   (config asked 'pl_bmassj')
    planetary                        -> meta.source_row.meta.source_row.raw_payload.interval_hours
    quantum_molecular_vibration      -> _raw_payload.frequency_cm1
    quantum_transitional             -> klghs_transition_freq_Hz
    s4_gaia_colour                   -> meta.source_row._raw_payload.bp_rp
    stellar                          -> _raw_payload.dist_pc
    stellar_age                      -> characteristic_age_yr
    stellar_bfield                   -> surface_b_field_gauss
    stellar_dm                       -> dispersion_measure
    stellar_kinematic                -> meta.val_raw_kms
    stellar_spindown                 -> spin_down_rate
    stellar_wrongbox                 -> P0_ms
    subnuclear_eta                   -> muon1_eta_abs
    subnuclear_pt_lead               -> muon1_pt_gev
    subnuclear_pt_sublead            -> muon2_pt_gev

  No legacy fallback. Every domain computed from its configured field.
==============================================================================


[2026-09-07 21:16:36 UTC] STAGE COMPLETE: scalarize in 4m 2s

============================================================
[2026-09-07 21:16:36 UTC] STAGE: UNIFY
Stream all scalarized lakes into unified master
============================================================
C:\Users\timot\Downloads\Science\src\Unification\vol13\engine\unify.py:94: DeprecationWarning: datetime.datetime.utcnow() is deprecated and scheduled for removal in a future version. Use timezone-aware objects to represent datetimes in UTC: datetime.datetime.now(datetime.UTC).
  start_time = datetime.utcnow().strftime('%Y-%m-%d %H:%M:%S UTC')
C:\Users\timot\Downloads\Science\src\Unification\vol13\engine\unify.py:168: DeprecationWarning: datetime.datetime.utcnow() is deprecated and scheduled for removal in a future version. Use timezone-aware objects to represent datetimes in UTC: datetime.datetime.now(datetime.UTC).
  now = datetime.utcnow().strftime('%Y-%m-%d %H:%M:%S UTC')

============================================================
  [MONITORING TIP] Open a new terminal and run:
  python engine/sidecar.py
  to view the live unified streaming dashboard.
============================================================

Volumes: 82 total, 53 enabled, 29 disabled

[2026-09-07 21:16:36 UTC] Pipeline run started.

  [L_emission_nist] domain=quantum_transitional  n=189,330  nonzero=189,330
  [L_igrf] domain=geomagnetic  n=195  nonzero=191
  [L_beta_decay] domain=electron_beta  n=40,210  nonzero=40,210
  [q4_nuclear] domain=nuclear_binding  n=43  nonzero=43
  [q5_decay] domain=nuclear_decay  n=3,205  nonzero=3,205
  [q8_ionisation] domain=atomic_ionisation  n=305  nonzero=305
  [b1_chirality] domain=biology_chirality  n=78  nonzero=78
  [t2b_atlantic] domain=planetary_atlantic  n=6,973  nonzero=6,973
  [t2c_gulf] domain=planetary_gulf  n=6,927  nonzero=6,927
  [t2d_pacific] domain=planetary_pacific  n=6,838  nonzero=6,838
  [t2g_indian] domain=planetary_indian  n=4,929  nonzero=4,929
  [u1_usgs_san_andreas] domain=seismic_reference  n=281  nonzero=281
  [u2_usgs_cascadia] domain=seismic_reference  n=462  nonzero=743
  [u4_usgs_anatolian] domain=seismic_reference  n=234  nonzero=977
  [u3_usgs_japan_trench] domain=seismic_japan  n=4,006  nonzero=4,006
  [k3_solar_cycle] domain=stellar_cycle  n=29  nonzero=29
  [k2a_spindown] domain=stellar_spindown  n=2,052  nonzero=2,052
  [k2b_dm] domain=stellar_dm  n=2,457  nonzero=2,457
  [k2c_age] domain=stellar_age  n=2,052  nonzero=2,052
  [k2d_bfield] domain=stellar_bfield  n=2,052  nonzero=2,052
  [h1_cern_lhc] domain=subnuclear_mass  n=100,000  nonzero=100,000
  [h1b_pt_lead] domain=subnuclear_pt_lead  n=100,000  nonzero=100,000
  [h1c_pt_sublead] domain=subnuclear_pt_sublead  n=100,000  nonzero=100,000
  [h1d_eta] domain=subnuclear_eta  n=100,000  nonzero=100,000
  [g1b_sersic] domain=galactic_sersic  n=100,000  nonzero=59,563
    [2026-09-07 21:16:50 UTC] 250,000 records streamed from g1c_mass...
    [2026-09-07 21:16:55 UTC] 500,000 records streamed from g1c_mass...
    [2026-09-07 21:16:59 UTC] 750,000 records streamed from g1c_mass...
    [2026-09-07 21:17:04 UTC] 1,000,000 records streamed from g1c_mass...
    [2026-09-07 21:17:08 UTC] 1,250,000 records streamed from g1c_mass...
    [2026-09-07 21:17:12 UTC] 1,500,000 records streamed from g1c_mass...
    [2026-09-07 21:17:16 UTC] 1,750,000 records streamed from g1c_mass...
  [g1c_mass] domain=galactic_mass  n=1,843,110  nonzero=1,843,110
  [g2_wmap] domain=cmb_anisotropy  n=83  nonzero=83
  [l1_gwtc] domain=gravitational_wave  n=83  nonzero=83
    [2026-09-07 21:17:21 UTC] 250,000 records streamed from p4_ttv...
  [p4_ttv] domain=orbital_ttv  n=290,458  nonzero=290,458
  [p_eccentricity] domain=orbital_eccentricity  n=5,241  nonzero=2,159
  [p_inclination] domain=orbital_inclination  n=4,779  nonzero=4,779
  [p_transit] domain=orbital_transit  n=4,603  nonzero=4,603
  [n1_mechanical] domain=mechanics  n=2,484  nonzero=0
  [n2_behavioral] domain=behavior  n=2,515  nonzero=0
  [n3_mathematical] domain=mathematics  n=1,000  nonzero=0
  [n4_cosmological] domain=cosmology_null  n=5,000  nonzero=5,000
  [frb_chime] domain=astrophysics  n=4,636  nonzero=4,636
    [2026-09-07 21:17:28 UTC] 250,000 records streamed from g1_galaxy_kinematics...
    [2026-09-07 21:17:33 UTC] 500,000 records streamed from g1_galaxy_kinematics...
    [2026-09-07 21:17:39 UTC] 750,000 records streamed from g1_galaxy_kinematics...
    [2026-09-07 21:17:44 UTC] 1,000,000 records streamed from g1_galaxy_kinematics...
    [2026-09-07 21:17:50 UTC] 1,250,000 records streamed from g1_galaxy_kinematics...
    [2026-09-07 21:17:55 UTC] 1,500,000 records streamed from g1_galaxy_kinematics...
    [2026-09-07 21:18:01 UTC] 1,750,000 records streamed from g1_galaxy_kinematics...
  [g1_galaxy_kinematics] domain=galactic  n=1,843,110  nonzero=1,843,110
  [k2_pulsar_periods] domain=stellar_rotation_pulsar  n=2,527  nonzero=2,527
  [k1_kepler_rotation] domain=stellar_rotation_kepler  n=64,784  nonzero=64,784
  [p1_orbital_periods] domain=orbital  n=13,521  nonzero=13,521
  [p2_orbital_radius] domain=orbital_radius  n=5,843  nonzero=5,843
  [p3_planet_mass] domain=orbital_mass  n=6,127  nonzero=6,127
  [q3_molecular_vibration] domain=quantum_molecular_vibration  n=77  nonzero=77
  [q9_c60] domain=molecular_c60  n=46  nonzero=46
    [2026-09-07 21:18:10 UTC] 250,000 records streamed from s1_gaia_parallax...
    [2026-09-07 21:18:15 UTC] 500,000 records streamed from s1_gaia_parallax...
    [2026-09-07 21:18:21 UTC] 750,000 records streamed from s1_gaia_parallax...
    [2026-09-07 21:18:26 UTC] 1,000,000 records streamed from s1_gaia_parallax...
    [2026-09-07 21:18:31 UTC] 1,250,000 records streamed from s1_gaia_parallax...
    [2026-09-07 21:18:37 UTC] 1,500,000 records streamed from s1_gaia_parallax...
    [2026-09-07 21:18:42 UTC] 1,750,000 records streamed from s1_gaia_parallax...
    [2026-09-07 21:18:47 UTC] 2,000,000 records streamed from s1_gaia_parallax...
  [s1_gaia_parallax] domain=stellar  n=2,000,000  nonzero=2,000,000
    [2026-09-07 21:18:53 UTC] 250,000 records streamed from s2_stellar_kinematics...
    [2026-09-07 21:18:58 UTC] 500,000 records streamed from s2_stellar_kinematics...
    [2026-09-07 21:19:03 UTC] 750,000 records streamed from s2_stellar_kinematics...
    [2026-09-07 21:19:09 UTC] 1,000,000 records streamed from s2_stellar_kinematics...
    [2026-09-07 21:19:14 UTC] 1,250,000 records streamed from s2_stellar_kinematics...
    [2026-09-07 21:19:20 UTC] 1,500,000 records streamed from s2_stellar_kinematics...
    [2026-09-07 21:19:26 UTC] 1,750,000 records streamed from s2_stellar_kinematics...
  [s2_stellar_kinematics] domain=stellar_kinematic  n=1,808,145  nonzero=1,808,145
    [2026-09-07 21:19:37 UTC] 250,000 records streamed from s4_gaia_colour...
    [2026-09-07 21:19:46 UTC] 500,000 records streamed from s4_gaia_colour...
    [2026-09-07 21:19:58 UTC] 750,000 records streamed from s4_gaia_colour...
    [2026-09-07 21:20:09 UTC] 1,000,000 records streamed from s4_gaia_colour...
    [2026-09-07 21:20:19 UTC] 1,250,000 records streamed from s4_gaia_colour...
    [2026-09-07 21:20:28 UTC] 1,500,000 records streamed from s4_gaia_colour...
    [2026-09-07 21:20:37 UTC] 1,750,000 records streamed from s4_gaia_colour...
C:\Users\timot\Downloads\Science\src\Unification\vol13\engine\unify.py:179: DeprecationWarning: datetime.datetime.utcnow() is deprecated and scheduled for removal in a future version. Use timezone-aware objects to represent datetimes in UTC: datetime.datetime.now(datetime.UTC).
  end_time = datetime.utcnow().strftime('%Y-%m-%d %H:%M:%S UTC')
  [s4_gaia_colour] domain=stellar_colour  n=1,979,697  nonzero=1,979,697
  [t2_planetary] domain=planetary  n=14,116  nonzero=14,116
  [t4_cosmological] domain=cosmology  n=5,000  nonzero=5,000
  [p1_wrongbox] domain=orbital_wrongbox  n=13,521  nonzero=13,521
  [k2_wrongbox] domain=stellar_wrongbox  n=2,527  nonzero=2,527
  [mat_wrongbox] domain=materials_wrongbox  n=33,973  nonzero=33,973

[2026-09-07 21:20:47 UTC] Run complete.
  Total runtime:   0h 4m 10s
  Total records:   10,729,664
  Lakes processed: 53
  Throughput:      42,765 records/sec (average)
  Master checksum: efacfd75bf00e0001ff35dfff4f530da
  Checksum saved:  C:\Users\timot\Downloads\Science\src\Unification\vol13\lakes\unified\unified_master.jsonl.md5

Unified master written: C:\Users\timot\Downloads\Science\src\Unification\vol13\lakes\unified\unified_master.jsonl
Sweep results written:  C:\Users\timot\Downloads\Science\src\Unification\vol13\lakes\unified\sweep_results.json
Pinch table written:    C:\Users\timot\Downloads\Science\src\Unification\vol13\lakes\unified\pinch_table.json

Domain summary:
  Domain                          n    nonzero     mean range
  -----------------------------------------------------------------
  astrophysics                4,636      4,636   3.6598 [1.6744, 5.5813]
  atomic_ionisation             305        305   2.1062 [0.9755, 4.5231]
  behavior                    2,515          (all zeros)
  biology_chirality              78         78   2.0300 [0.6325, 2.9967]
  cmb_anisotropy                 83         83   2.3862 [1.4997, 2.6700]
  cosmology                   5,000      5,000   2.4917 [2.3222, 2.6042]
  cosmology_null              5,000      5,000   2.4742 [2.3223, 2.6042]
  electron_beta              40,210     40,210   4.5143 [0.0153, 6.2762]
  galactic                1,843,110  1,843,110   3.2531 [2.6186, 4.1353]
  galactic_mass           1,843,110  1,843,110  12.9990 [10.4395, 16.5381]
  galactic_sersic           100,000     59,563   0.3339 [0.0000, 0.4258]
  geomagnetic                   195        191   1.4032 [0.0585, 6.3205]
  gravitational_wave             83         83   3.2649 [2.4728, 4.0075]
  materials_wrongbox         33,973     33,973   3.5060 [1.4999, 5.4504]
  mathematics                 1,000          (all zeros)
  mechanics                   2,484          (all zeros)
  molecular_c60                  46         46   4.1591 [3.4482, 4.5229]
  nuclear_binding                43         43   1.3013 [0.4593, 1.4014]
  nuclear_decay               3,205      3,205   0.9095 [0.0000, 2.6569]
  orbital                    13,521     13,521   3.8808 [0.0533, 9.7674]
  orbital_eccentricity        5,241      2,159   0.1014 [0.0001, 0.4103]
  orbital_inclination         4,779      4,779   2.7298 [0.1051, 3.1800]
  orbital_mass                6,127      6,127   0.2455 [0.0000, 2.1095]
  orbital_radius              5,843      5,843   0.2324 [0.0027, 6.0523]
  orbital_transit             4,603      4,603   0.8978 [0.0769, 2.4572]
  orbital_ttv               290,458    290,458   1.4582 [0.0006, 4.4679]
  orbital_wrongbox           13,521     13,521  11.5842 [0.0005, 29.3022]
  planetary                  14,116     14,116   1.2084 [0.8228, 1.3732]
  planetary_atlantic          6,973      6,973   1.5982 [1.1954, 2.0246]
  planetary_gulf              6,927      6,927   1.5165 [1.1954, 2.0685]
  planetary_indian            4,929      4,929   1.6251 [1.4730, 2.0685]
  planetary_pacific           6,838      6,838   1.5896 [1.1954, 2.0470]
  quantum_molecular_vibration         77         77   4.4998 [3.4369, 5.0893]
  quantum_transitional      189,330    189,330  20.6754 [9.4501, 23.6047]
  seismic_japan               4,006      4,006   0.7066 [0.0000, 2.5937]
  seismic_reference             977        977   1.7345 [0.0000, 4.0150]
  stellar                 2,000,000  2,000,000   4.0318 [0.9676, 5.6537]
  stellar_age                 2,052      2,052   9.7807 [3.3105, 15.3179]
  stellar_bfield              2,052      2,052  16.5902 [11.0671, 21.6613]
  stellar_colour          1,979,697  1,979,697   0.5616 [0.0001, 1.2776]
  stellar_cycle                  29         29   5.0945 [4.9747, 5.2461]
  stellar_dm                  2,457      2,457   3.0004 [0.7481, 4.5973]
  stellar_kinematic       1,808,145  1,808,145   1.0930 [0.0000, 4.2441]
  stellar_rotation_kepler     64,784     64,784   1.7802 [0.1125, 2.6185]
  stellar_rotation_pulsar      2,527      2,527   3.5440 [0.5368, 5.7591]
  stellar_spindown            2,052      2,052   0.0000 [0.0000, 0.0000]
  stellar_wrongbox            2,527      2,527   0.0193 [0.0001, 0.3318]
  subnuclear_eta            100,000    100,000   0.4502 [0.0001, 0.7517]
  subnuclear_mass           100,000    100,000   1.5163 [0.1613, 3.5043]
  subnuclear_pt_lead        100,000    100,000   1.3448 [0.1450, 3.6285]
  subnuclear_pt_sublead     100,000    100,000   1.3349 [0.3197, 3.8528]

[2026-09-07 21:20:47 UTC] STAGE COMPLETE: unify in 4m 10s

[2026-09-07 21:20:47 UTC] CHECKSUM: computing MD5 of unified_master.jsonl
  Checksum:      ba1362530784eb79133af797bd1446a6
  Bytes:         9,258,656,536
  Computed in:   17s
  Written to:    lakes\unified\unified_master.jsonl.md5

============================================================
[2026-09-07 21:21:05 UTC] STAGE: CHAOS
Build chaos null distributions per domain
============================================================
[harmonic_targets.json] Loaded 23 registers (N=4 to N=26), container=24, threshold=0.05

============================================================
  [MONITORING TIP] Open a new terminal and run:
  python engine/sidecar.py
  to view the live null generation dashboard.
============================================================

NOTE: This job builds null distributions for all domains.
      Runtime: Dependent on lake sizes. Do not interrupt.

k_geo = 16/pi = 5.0929581789
Volume number: 11
Registers (23): 4/pi=1.273240  5/pi=1.591549  6/pi=1.909859  7/pi=2.228169  8/pi=2.546479  9/pi=2.864789  10/pi=3.183099  11/pi=3.501409  12/pi=3.819719  13/pi=4.138029  14/pi=4.456338  15/pi=4.774648  16/pi=5.092958  17/pi=5.411268  18/pi=5.729578  19/pi=6.047888  20/pi=6.366198  21/pi=6.684508  22/pi=7.002817  23/pi=7.321127  24/pi=7.639437  25/pi=7.957747  26/pi=8.276057

Loading unified master...

Found 51 domain slots:
  atomic_ionisation            n=   305  mean=2.1062  range=[0.9755, 4.5231]
  biology_chirality            n=    78  mean=2.0300  range=[0.6325, 2.9967]
  cmb_anisotropy               n=    83  mean=2.3862  range=[1.4997, 2.6700]
  cosmology                    n=  5000  mean=2.4917  range=[2.3222, 2.6042]
  electron_beta                n= 40210  mean=4.5143  range=[0.0153, 6.2762]
  frb                          n=  4636  mean=3.6598  range=[1.6744, 5.5813]
  galactic                     n=1843110  mean=3.2531  range=[2.6186, 4.1353]
  galactic_mass                n=1843110  mean=12.9990  range=[10.4395, 16.5381]
  galactic_sersic              n= 59563  mean=0.3339  range=[0.0000, 0.4258]
  geomagnetic                  n=   191  mean=1.4032  range=[0.0585, 6.3205]
  gravitational_wave           n=    83  mean=3.2649  range=[2.4728, 4.0074]
  materials_wrongbox           n= 33973  mean=3.5060  range=[1.4999, 5.4504]
  molecular_c60                n=    46  mean=4.1591  range=[3.4482, 4.5229]
  nuclear_binding              n=    43  mean=1.3013  range=[0.4593, 1.4014]
  nuclear_decay                n=  3205  mean=0.9095  range=[0.0000, 2.6569]
  null_behavior                n=  2515  (all zeros)
  null_cosmology_null          n=  5000  mean=2.4742  range=[2.3223, 2.6042]
  null_mathematics             n=  1000  (all zeros)
  null_mechanics               n=  2484  (all zeros)
  orbital                      n= 13521  mean=3.8808  range=[0.0533, 9.7674]
  orbital_eccentricity         n=  2159  mean=0.1014  range=[0.0001, 0.4103]
  orbital_inclination          n=  4779  mean=2.7298  range=[0.1051, 3.1800]
  orbital_mass                 n=  6127  mean=0.2455  range=[0.0000, 2.1095]
  orbital_radius               n=  5843  mean=0.2324  range=[0.0027, 6.0523]
  orbital_transit              n=  4603  mean=0.8978  range=[0.0769, 2.4572]
  orbital_ttv                  n=290458  mean=1.4582  range=[0.0006, 4.4679]
  orbital_wrongbox             n= 13521  mean=11.5842  range=[0.0005, 29.3022]
  planetary                    n= 14116  mean=1.2084  range=[0.8228, 1.3732]
  planetary_atlantic           n=  6973  mean=1.5982  range=[1.1954, 2.0246]
  planetary_gulf               n=  6927  mean=1.5165  range=[1.1954, 2.0685]
  planetary_indian             n=  4929  mean=1.6251  range=[1.4730, 2.0685]
  planetary_pacific            n=  6838  mean=1.5896  range=[1.1954, 2.0470]
  quantum_molecular_vibration  n=    77  mean=4.4998  range=[3.4369, 5.0893]
  quantum_transitional         n=189330  mean=20.6754  range=[9.4501, 23.6047]
  seismic_japan                n=  4006  mean=0.7066  range=[0.0000, 2.5937]
  seismic_reference            n=   977  mean=1.7345  range=[0.0000, 4.0150]
  stellar                      n=2000000  mean=4.0318  range=[0.9676, 5.6537]
  stellar_age                  n=  2052  mean=9.7807  range=[3.3105, 15.3179]
  stellar_bfield               n=  2052  mean=16.5902  range=[11.0671, 21.6613]
  stellar_colour               n=1979697  mean=0.5616  range=[0.0001, 1.2776]
  stellar_cycle                n=    29  mean=5.0945  range=[4.9747, 5.2461]
  stellar_dm                   n=  2457  mean=3.0004  range=[0.7481, 4.5973]
  stellar_kinematic            n=1808145  mean=1.0930  range=[0.0000, 4.2441]
  stellar_rotation_kepler      n= 64784  mean=1.7802  range=[0.1125, 2.6185]
  stellar_rotation_pulsar      n=  2527  mean=3.5440  range=[0.5368, 5.7591]
  stellar_spindown             n=  2052  mean=0.0000  range=[0.0000, 0.0000]
  stellar_wrongbox             n=  2527  mean=0.0193  range=[0.0001, 0.3318]
  subnuclear_eta               n=100000  mean=0.4502  range=[0.0001, 0.7517]
  subnuclear_mass              n=100000  mean=1.5163  range=[0.1613, 3.5043]
  subnuclear_pt_lead           n=100000  mean=1.3448  range=[0.1450, 3.6285]
  subnuclear_pt_sublead        n=100000  mean=1.3349  range=[0.3197, 3.8528]

Building null lakes...

[atomic_ionisation]  n=305
  4/pi: real=0.1180  chaos=0.1311  synth=0.0918  delta=-0.0131
  5/pi: real=0.1377  chaos=0.1180  synth=0.0721  delta=+0.0197 ** above chaos **
  6/pi: real=0.1082  chaos=0.0656  synth=0.0885  delta=+0.0426 ** above chaos **
  7/pi: real=0.0820  chaos=0.0951  synth=0.0852  delta=-0.0131
  8/pi: real=0.0787  chaos=0.0787  synth=0.0820  delta=+0.0000
  9/pi: real=0.1016  chaos=0.0951  synth=0.0787  delta=+0.0066 ** above chaos **
  10/pi: real=0.1246  chaos=0.0984  synth=0.0918  delta=+0.0262 ** above chaos **
  11/pi: real=0.1016  chaos=0.1246  synth=0.1180  delta=-0.0230
  12/pi: real=0.1016  chaos=0.1082  synth=0.0852  delta=-0.0066
  13/pi: real=0.1148  chaos=0.1016  synth=0.0951  delta=+0.0131 ** above chaos **
  14/pi: real=0.0721  chaos=0.0820  synth=0.0918  delta=-0.0098
  15/pi: real=0.1115  chaos=0.1016  synth=0.1049  delta=+0.0098 ** above chaos **
  16/pi: real=0.1148  chaos=0.1016  synth=0.0918  delta=+0.0131 ** above chaos **
  17/pi: real=0.0885  chaos=0.1377  synth=0.0787  delta=-0.0492
  18/pi: real=0.1049  chaos=0.0852  synth=0.0951  delta=+0.0197 ** above chaos **
  19/pi: real=0.0951  chaos=0.1279  synth=0.0820  delta=-0.0328
  20/pi: real=0.1115  chaos=0.1213  synth=0.0852  delta=-0.0098
  21/pi: real=0.0689  chaos=0.0689  synth=0.0721  delta=+0.0000
  22/pi: real=0.0885  chaos=0.1082  synth=0.1148  delta=-0.0197
  23/pi: real=0.1246  chaos=0.0918  synth=0.0492  delta=+0.0328 ** above chaos **
  24/pi: real=0.1115  chaos=0.0951  synth=0.0754  delta=+0.0164 ** above chaos **
  25/pi: real=0.1213  chaos=0.0918  synth=0.0984  delta=+0.0295 ** above chaos **
  26/pi: real=0.1115  chaos=0.0885  synth=0.0918  delta=+0.0230 ** above chaos **
  -> chaos_null_atomic_ionisation.jsonl
  -> scramble_null_atomic_ionisation.jsonl
  -> synthetic_null_atomic_ionisation.jsonl

[biology_chirality]  n=78
  4/pi: real=0.0513  chaos=0.0769  synth=0.0769  delta=-0.0256
  5/pi: real=0.1154  chaos=0.1538  synth=0.0641  delta=-0.0385
  6/pi: real=0.1538  chaos=0.0513  synth=0.0513  delta=+0.1026 ** above chaos **
  7/pi: real=0.2051  chaos=0.1410  synth=0.1410  delta=+0.0641 ** above chaos **
  8/pi: real=0.1026  chaos=0.0769  synth=0.1410  delta=+0.0256 ** above chaos **
  9/pi: real=0.1026  chaos=0.0769  synth=0.1026  delta=+0.0256 ** above chaos **
  10/pi: real=0.0769  chaos=0.1410  synth=0.1026  delta=-0.0641
  11/pi: real=0.1154  chaos=0.0769  synth=0.1154  delta=+0.0385 ** above chaos **
  12/pi: real=0.1282  chaos=0.1026  synth=0.1282  delta=+0.0256 ** above chaos **
  13/pi: real=0.1154  chaos=0.1538  synth=0.0769  delta=-0.0385
  14/pi: real=0.1282  chaos=0.1282  synth=0.0897  delta=+0.0000
  15/pi: real=0.1667  chaos=0.2051  synth=0.0641  delta=-0.0385
  16/pi: real=0.1282  chaos=0.0641  synth=0.1026  delta=+0.0641 ** above chaos **
  17/pi: real=0.1154  chaos=0.1154  synth=0.1667  delta=+0.0000
  18/pi: real=0.0769  chaos=0.0513  synth=0.1026  delta=+0.0256 ** above chaos **
  19/pi: real=0.0256  chaos=0.0769  synth=0.1154  delta=-0.0513
  20/pi: real=0.1282  chaos=0.1026  synth=0.1154  delta=+0.0256 ** above chaos **
  21/pi: real=0.0513  chaos=0.1026  synth=0.0897  delta=-0.0513
  22/pi: real=0.0769  chaos=0.0897  synth=0.1026  delta=-0.0128
  23/pi: real=0.1282  chaos=0.0641  synth=0.0513  delta=+0.0641 ** above chaos **
  24/pi: real=0.1538  chaos=0.0513  synth=0.0897  delta=+0.1026 ** above chaos **
  25/pi: real=0.1410  chaos=0.1282  synth=0.1026  delta=+0.0128 ** above chaos **
  26/pi: real=0.1538  chaos=0.1282  synth=0.1026  delta=+0.0256 ** above chaos **
  -> chaos_null_biology_chirality.jsonl
  -> scramble_null_biology_chirality.jsonl
  -> synthetic_null_biology_chirality.jsonl

[cmb_anisotropy]  n=83
  4/pi: real=0.0602  chaos=0.0723  synth=0.0843  delta=-0.0120
  5/pi: real=0.0843  chaos=0.1084  synth=0.1084  delta=-0.0241
  6/pi: real=0.0723  chaos=0.1084  synth=0.0843  delta=-0.0361
  7/pi: real=0.1084  chaos=0.0964  synth=0.0964  delta=+0.0120 ** above chaos **
  8/pi: real=0.0723  chaos=0.0843  synth=0.0723  delta=-0.0120
  9/pi: real=0.0843  chaos=0.1205  synth=0.1084  delta=-0.0361
  10/pi: real=0.1205  chaos=0.0602  synth=0.1205  delta=+0.0602 ** above chaos **
  11/pi: real=0.0482  chaos=0.0964  synth=0.0964  delta=-0.0482
  12/pi: real=0.1205  chaos=0.0964  synth=0.0723  delta=+0.0241 ** above chaos **
  13/pi: real=0.1084  chaos=0.0361  synth=0.0723  delta=+0.0723 ** above chaos **
  14/pi: real=0.1325  chaos=0.1205  synth=0.0361  delta=+0.0120 ** above chaos **
  15/pi: real=0.0723  chaos=0.1807  synth=0.0723  delta=-0.1084
  16/pi: real=0.0241  chaos=0.0482  synth=0.1084  delta=-0.0241
  17/pi: real=0.0482  chaos=0.0723  synth=0.0843  delta=-0.0241
  18/pi: real=0.1084  chaos=0.1205  synth=0.1205  delta=-0.0120
  19/pi: real=0.0964  chaos=0.0964  synth=0.0964  delta=+0.0000
  20/pi: real=0.1807  chaos=0.1084  synth=0.0964  delta=+0.0723 ** above chaos **
  21/pi: real=0.1446  chaos=0.0964  synth=0.0723  delta=+0.0482 ** above chaos **
  22/pi: real=0.0723  chaos=0.0723  synth=0.0723  delta=+0.0000
  23/pi: real=0.0361  chaos=0.1566  synth=0.0723  delta=-0.1205
  24/pi: real=0.1084  chaos=0.0723  synth=0.0843  delta=+0.0361 ** above chaos **
  25/pi: real=0.3012  chaos=0.1084  synth=0.0723  delta=+0.1928 ** above chaos **
  26/pi: real=0.1446  chaos=0.0602  synth=0.0964  delta=+0.0843 ** above chaos **
  -> chaos_null_cmb_anisotropy.jsonl
  -> scramble_null_cmb_anisotropy.jsonl
  -> synthetic_null_cmb_anisotropy.jsonl

[cosmology]  n=5000
  4/pi: real=0.1320  chaos=0.1096  synth=0.0946  delta=+0.0224 ** above chaos **
  5/pi: real=0.1128  chaos=0.1012  synth=0.1098  delta=+0.0116 ** above chaos **
  6/pi: real=0.0940  chaos=0.0854  synth=0.0820  delta=+0.0086 ** above chaos **
  7/pi: real=0.1246  chaos=0.1156  synth=0.1158  delta=+0.0090 ** above chaos **
  8/pi: real=0.1042  chaos=0.1084  synth=0.0944  delta=-0.0042
  9/pi: real=0.0742  chaos=0.0820  synth=0.0820  delta=-0.0078
  10/pi: real=0.0898  chaos=0.0916  synth=0.0880  delta=-0.0018
  11/pi: real=0.0794  chaos=0.1018  synth=0.0846  delta=-0.0224
  12/pi: real=0.1210  chaos=0.1104  synth=0.0994  delta=+0.0106 ** above chaos **
  13/pi: real=0.1440  chaos=0.1226  synth=0.0972  delta=+0.0214 ** above chaos **
  14/pi: real=0.1380  chaos=0.1156  synth=0.1670  delta=+0.0224 ** above chaos **
  15/pi: real=0.1774  chaos=0.1278  synth=0.0948  delta=+0.0496 ** above chaos **
  16/pi: real=0.1520  chaos=0.1534  synth=0.0992  delta=-0.0014
  17/pi: real=0.0718  chaos=0.0816  synth=0.1122  delta=-0.0098
  18/pi: real=0.0656  chaos=0.0740  synth=0.0504  delta=-0.0084
  19/pi: real=0.1100  chaos=0.0960  synth=0.1238  delta=+0.0140 ** above chaos **
  20/pi: real=0.0724  chaos=0.0850  synth=0.0564  delta=-0.0126
  21/pi: real=0.1108  chaos=0.1084  synth=0.1340  delta=+0.0024
  22/pi: real=0.0586  chaos=0.0914  synth=0.0412  delta=-0.0328
  23/pi: real=0.0730  chaos=0.1048  synth=0.1252  delta=-0.0318
  24/pi: real=0.1522  chaos=0.1164  synth=0.1280  delta=+0.0358 ** above chaos **
  25/pi: real=0.0344  chaos=0.0510  synth=0.0294  delta=-0.0166
  26/pi: real=0.0858  chaos=0.1258  synth=0.1064  delta=-0.0400
  -> chaos_null_cosmology.jsonl
  -> scramble_null_cosmology.jsonl
  -> synthetic_null_cosmology.jsonl

[electron_beta]  n=40210
  4/pi: real=0.1011  chaos=0.1001  synth=0.0955  delta=+0.0009
  5/pi: real=0.1003  chaos=0.1002  synth=0.1002  delta=+0.0001
  6/pi: real=0.1007  chaos=0.0976  synth=0.0980  delta=+0.0031
  7/pi: real=0.0999  chaos=0.1005  synth=0.0987  delta=-0.0007
  8/pi: real=0.0979  chaos=0.0994  synth=0.0982  delta=-0.0014
  9/pi: real=0.1007  chaos=0.0982  synth=0.0994  delta=+0.0026
  10/pi: real=0.0982  chaos=0.0982  synth=0.1004  delta=+0.0000
  11/pi: real=0.0999  chaos=0.0985  synth=0.1110  delta=+0.0014
  12/pi: real=0.0991  chaos=0.0969  synth=0.0994  delta=+0.0022
  13/pi: real=0.0996  chaos=0.0985  synth=0.0976  delta=+0.0011
  14/pi: real=0.0987  chaos=0.0975  synth=0.0979  delta=+0.0012
  15/pi: real=0.0986  chaos=0.0987  synth=0.0976  delta=-0.0000
  16/pi: real=0.0980  chaos=0.0996  synth=0.0990  delta=-0.0016
  17/pi: real=0.1009  chaos=0.0972  synth=0.0985  delta=+0.0037
  18/pi: real=0.0995  chaos=0.0988  synth=0.1015  delta=+0.0007
  19/pi: real=0.0997  chaos=0.0964  synth=0.1013  delta=+0.0032
  20/pi: real=0.0996  chaos=0.0977  synth=0.0974  delta=+0.0020
  21/pi: real=0.0990  chaos=0.0959  synth=0.0971  delta=+0.0030
  22/pi: real=0.0988  chaos=0.0993  synth=0.0988  delta=-0.0006
  23/pi: real=0.0994  chaos=0.0960  synth=0.0978  delta=+0.0033
  24/pi: real=0.1011  chaos=0.0961  synth=0.0989  delta=+0.0050
  25/pi: real=0.0978  chaos=0.0975  synth=0.0982  delta=+0.0002
  26/pi: real=0.0998  chaos=0.0987  synth=0.0965  delta=+0.0010
  -> chaos_null_electron_beta.jsonl
  -> scramble_null_electron_beta.jsonl
  -> synthetic_null_electron_beta.jsonl

[frb]  n=4636
  4/pi: real=0.1100  chaos=0.1031  synth=0.1044  delta=+0.0069 ** above chaos **
  5/pi: real=0.0878  chaos=0.1009  synth=0.1031  delta=-0.0132
  6/pi: real=0.0833  chaos=0.1050  synth=0.1018  delta=-0.0218
  7/pi: real=0.0798  chaos=0.0958  synth=0.1012  delta=-0.0160
  8/pi: real=0.0953  chaos=0.1003  synth=0.1020  delta=-0.0050
  9/pi: real=0.0923  chaos=0.1040  synth=0.1012  delta=-0.0116
  10/pi: real=0.0887  chaos=0.1048  synth=0.1109  delta=-0.0162
  11/pi: real=0.0867  chaos=0.0975  synth=0.0981  delta=-0.0108
  12/pi: real=0.0910  chaos=0.1081  synth=0.0945  delta=-0.0170
  13/pi: real=0.1012  chaos=0.0951  synth=0.0958  delta=+0.0060 ** above chaos **
  14/pi: real=0.0874  chaos=0.1072  synth=0.1033  delta=-0.0198
  15/pi: real=0.0943  chaos=0.1038  synth=0.1016  delta=-0.0095
  16/pi: real=0.1072  chaos=0.1066  synth=0.1025  delta=+0.0006
  17/pi: real=0.0923  chaos=0.1063  synth=0.1096  delta=-0.0140
  18/pi: real=0.1079  chaos=0.1020  synth=0.1001  delta=+0.0058 ** above chaos **
  19/pi: real=0.0940  chaos=0.1040  synth=0.0990  delta=-0.0099
  20/pi: real=0.0828  chaos=0.1072  synth=0.1020  delta=-0.0244
  21/pi: real=0.1044  chaos=0.1044  synth=0.1007  delta=+0.0000
  22/pi: real=0.0843  chaos=0.1046  synth=0.0925  delta=-0.0203
  23/pi: real=0.0947  chaos=0.0969  synth=0.0977  delta=-0.0022
  24/pi: real=0.0994  chaos=0.0990  synth=0.0943  delta=+0.0004
  25/pi: real=0.0908  chaos=0.0956  synth=0.0990  delta=-0.0047
  26/pi: real=0.1124  chaos=0.0997  synth=0.0994  delta=+0.0127 ** above chaos **
  -> chaos_null_frb.jsonl
  -> scramble_null_frb.jsonl
  -> synthetic_null_frb.jsonl

[galactic]  n=1843110
  4/pi: real=0.1004  chaos=0.0978  synth=0.0991  delta=+0.0026
  5/pi: real=0.0987  chaos=0.1004  synth=0.0991  delta=-0.0017
  6/pi: real=0.1030  chaos=0.1005  synth=0.0995  delta=+0.0025
  7/pi: real=0.0987  chaos=0.0977  synth=0.0988  delta=+0.0011
  8/pi: real=0.1020  chaos=0.0997  synth=0.0997  delta=+0.0023
  9/pi: real=0.1028  chaos=0.1025  synth=0.0993  delta=+0.0002
  10/pi: real=0.0983  chaos=0.1050  synth=0.0991  delta=-0.0068
  11/pi: real=0.1043  chaos=0.1061  synth=0.0996  delta=-0.0018
  12/pi: real=0.1028  chaos=0.0978  synth=0.0996  delta=+0.0049
  13/pi: real=0.0995  chaos=0.0943  synth=0.0990  delta=+0.0052 ** above chaos **
  14/pi: real=0.0991  chaos=0.0979  synth=0.0989  delta=+0.0012
  15/pi: real=0.0971  chaos=0.0917  synth=0.0990  delta=+0.0054 ** above chaos **
  16/pi: real=0.1004  chaos=0.0983  synth=0.0993  delta=+0.0021
  17/pi: real=0.0984  chaos=0.1042  synth=0.0999  delta=-0.0058
  18/pi: real=0.1076  chaos=0.1073  synth=0.1074  delta=+0.0002
  19/pi: real=0.1008  chaos=0.1001  synth=0.0994  delta=+0.0007
  20/pi: real=0.0994  chaos=0.1049  synth=0.0996  delta=-0.0056
  21/pi: real=0.1038  chaos=0.0918  synth=0.0991  delta=+0.0120 ** above chaos **
  22/pi: real=0.0971  chaos=0.1110  synth=0.1072  delta=-0.0139
  23/pi: real=0.1069  chaos=0.1004  synth=0.0992  delta=+0.0065 ** above chaos **
  24/pi: real=0.0917  chaos=0.0926  synth=0.0988  delta=-0.0009
  25/pi: real=0.1077  chaos=0.1093  synth=0.1002  delta=-0.0016
  26/pi: real=0.0994  chaos=0.1005  synth=0.0998  delta=-0.0011
  -> chaos_null_galactic.jsonl
  -> scramble_null_galactic.jsonl
  -> synthetic_null_galactic.jsonl

[galactic_mass]  n=1843110
  4/pi: real=0.1004  chaos=0.1001  synth=0.0994  delta=+0.0003
  5/pi: real=0.0995  chaos=0.1001  synth=0.0996  delta=-0.0006
  6/pi: real=0.0995  chaos=0.0988  synth=0.0988  delta=+0.0007
  7/pi: real=0.0991  chaos=0.1005  synth=0.0990  delta=-0.0014
  8/pi: real=0.1004  chaos=0.0991  synth=0.0988  delta=+0.0013
  9/pi: real=0.0997  chaos=0.0995  synth=0.0987  delta=+0.0002
  10/pi: real=0.1006  chaos=0.1001  synth=0.0994  delta=+0.0005
  11/pi: real=0.1009  chaos=0.1005  synth=0.0995  delta=+0.0005
  12/pi: real=0.0992  chaos=0.0993  synth=0.0988  delta=-0.0001
  13/pi: real=0.0993  chaos=0.0995  synth=0.0993  delta=-0.0003
  14/pi: real=0.0993  chaos=0.1001  synth=0.0989  delta=-0.0008
  15/pi: real=0.0986  chaos=0.1012  synth=0.0993  delta=-0.0026
  16/pi: real=0.0999  chaos=0.0971  synth=0.0990  delta=+0.0028
  17/pi: real=0.0999  chaos=0.0996  synth=0.0990  delta=+0.0003
  18/pi: real=0.1019  chaos=0.1012  synth=0.0991  delta=+0.0008
  19/pi: real=0.1024  chaos=0.0989  synth=0.0990  delta=+0.0035
  20/pi: real=0.0994  chaos=0.1001  synth=0.0993  delta=-0.0007
  21/pi: real=0.1012  chaos=0.1004  synth=0.0993  delta=+0.0008
  22/pi: real=0.1019  chaos=0.1003  synth=0.0991  delta=+0.0016
  23/pi: real=0.1021  chaos=0.0999  synth=0.0988  delta=+0.0021
  24/pi: real=0.1022  chaos=0.0995  synth=0.0994  delta=+0.0027
  25/pi: real=0.0977  chaos=0.0980  synth=0.0995  delta=-0.0002
  26/pi: real=0.0999  chaos=0.0971  synth=0.0994  delta=+0.0029
  -> chaos_null_galactic_mass.jsonl
  -> scramble_null_galactic_mass.jsonl
  -> synthetic_null_galactic_mass.jsonl

[galactic_sersic]  n=59563
  4/pi: real=0.4618  chaos=0.0956  synth=0.3019  delta=+0.3662 ** above chaos **
  5/pi: real=0.0596  chaos=0.0945  synth=0.0797  delta=-0.0349
  6/pi: real=0.0612  chaos=0.0924  synth=0.0803  delta=-0.0312
  7/pi: real=0.0539  chaos=0.0872  synth=0.0766  delta=-0.0334
  8/pi: real=0.4607  chaos=0.0906  synth=0.2994  delta=+0.3701 ** above chaos **
  9/pi: real=0.0508  chaos=0.0867  synth=0.0752  delta=-0.0359
  10/pi: real=0.0688  chaos=0.0918  synth=0.0853  delta=-0.0230
  11/pi: real=0.0355  chaos=0.0675  synth=0.0600  delta=-0.0320
  12/pi: real=0.0427  chaos=0.0729  synth=0.0715  delta=-0.0301
  13/pi: real=0.0518  chaos=0.0804  synth=0.0795  delta=-0.0285
  14/pi: real=0.0644  chaos=0.0869  synth=0.0890  delta=-0.0225
  15/pi: real=0.0804  chaos=0.0943  synth=0.0935  delta=-0.0139
  16/pi: real=0.4645  chaos=0.0807  synth=0.2943  delta=+0.3838 ** above chaos **
  17/pi: real=0.0245  chaos=0.0530  synth=0.0509  delta=-0.0285
  18/pi: real=0.0290  chaos=0.0566  synth=0.0589  delta=-0.0276
  19/pi: real=0.0337  chaos=0.0589  synth=0.0669  delta=-0.0253
  20/pi: real=0.0361  chaos=0.0615  synth=0.0741  delta=-0.0255
  21/pi: real=0.0403  chaos=0.0655  synth=0.0831  delta=-0.0251
  22/pi: real=0.0448  chaos=0.0674  synth=0.0911  delta=-0.0226
  23/pi: real=0.0506  chaos=0.0692  synth=0.0985  delta=-0.0186
  24/pi: real=0.0578  chaos=0.0730  synth=0.1062  delta=-0.0151
  25/pi: real=0.0642  chaos=0.0769  synth=0.1110  delta=-0.0127
  26/pi: real=0.0717  chaos=0.0828  synth=0.1139  delta=-0.0112
  -> chaos_null_galactic_sersic.jsonl
  -> scramble_null_galactic_sersic.jsonl
  -> synthetic_null_galactic_sersic.jsonl

[geomagnetic]  n=191
  4/pi: real=0.0995  chaos=0.1257  synth=0.1309  delta=-0.0262
  5/pi: real=0.0576  chaos=0.1152  synth=0.0942  delta=-0.0576
  6/pi: real=0.1257  chaos=0.1571  synth=0.0995  delta=-0.0314
  7/pi: real=0.0576  chaos=0.1414  synth=0.0942  delta=-0.0838
  8/pi: real=0.0524  chaos=0.0890  synth=0.1518  delta=-0.0366
  9/pi: real=0.0942  chaos=0.1257  synth=0.0890  delta=-0.0314
  10/pi: real=0.0785  chaos=0.0890  synth=0.1152  delta=-0.0105
  11/pi: real=0.0785  chaos=0.1204  synth=0.0733  delta=-0.0419
  12/pi: real=0.1257  chaos=0.1361  synth=0.1361  delta=-0.0105
  13/pi: real=0.0576  chaos=0.0995  synth=0.0576  delta=-0.0419
  14/pi: real=0.0576  chaos=0.1518  synth=0.1152  delta=-0.0942
  15/pi: real=0.1414  chaos=0.0890  synth=0.0838  delta=+0.0524 ** above chaos **
  16/pi: real=0.0785  chaos=0.0733  synth=0.0890  delta=+0.0052 ** above chaos **
  17/pi: real=0.0942  chaos=0.0576  synth=0.0733  delta=+0.0366 ** above chaos **
  18/pi: real=0.1257  chaos=0.0942  synth=0.1047  delta=+0.0314 ** above chaos **
  19/pi: real=0.1099  chaos=0.0995  synth=0.0733  delta=+0.0105 ** above chaos **
  20/pi: real=0.0628  chaos=0.1047  synth=0.1099  delta=-0.0419
  21/pi: real=0.0942  chaos=0.1309  synth=0.1152  delta=-0.0366
  22/pi: real=0.0838  chaos=0.1099  synth=0.0733  delta=-0.0262
  23/pi: real=0.0838  chaos=0.1309  synth=0.0838  delta=-0.0471
  24/pi: real=0.0576  chaos=0.1152  synth=0.1099  delta=-0.0576
  25/pi: real=0.0733  chaos=0.0890  synth=0.0995  delta=-0.0157
  26/pi: real=0.0942  chaos=0.0890  synth=0.0576  delta=+0.0052 ** above chaos **
  -> chaos_null_geomagnetic.jsonl
  -> scramble_null_geomagnetic.jsonl
  -> synthetic_null_geomagnetic.jsonl

[gravitational_wave]  n=83
  4/pi: real=0.0964  chaos=0.0723  synth=0.0482  delta=+0.0241 ** above chaos **
  5/pi: real=0.1325  chaos=0.1325  synth=0.1084  delta=+0.0000
  6/pi: real=0.0482  chaos=0.0964  synth=0.0843  delta=-0.0482
  7/pi: real=0.0964  chaos=0.1325  synth=0.0843  delta=-0.0361
  8/pi: real=0.1205  chaos=0.1325  synth=0.0723  delta=-0.0120
  9/pi: real=0.0964  chaos=0.0723  synth=0.0964  delta=+0.0241 ** above chaos **
  10/pi: real=0.1084  chaos=0.0843  synth=0.1205  delta=+0.0241 ** above chaos **
  11/pi: real=0.0723  chaos=0.1446  synth=0.0602  delta=-0.0723
  12/pi: real=0.0964  chaos=0.0964  synth=0.0723  delta=+0.0000
  13/pi: real=0.1084  chaos=0.0843  synth=0.0723  delta=+0.0241 ** above chaos **
  14/pi: real=0.0964  chaos=0.0723  synth=0.1084  delta=+0.0241 ** above chaos **
  15/pi: real=0.1084  chaos=0.1084  synth=0.1205  delta=+0.0000
  16/pi: real=0.1807  chaos=0.0843  synth=0.0723  delta=+0.0964 ** above chaos **
  17/pi: real=0.1205  chaos=0.1446  synth=0.1325  delta=-0.0241
  18/pi: real=0.0602  chaos=0.0723  synth=0.1084  delta=-0.0120
  19/pi: real=0.0602  chaos=0.0723  synth=0.1205  delta=-0.0120
  20/pi: real=0.1446  chaos=0.0482  synth=0.1084  delta=+0.0964 ** above chaos **
  21/pi: real=0.1205  chaos=0.1446  synth=0.0602  delta=-0.0241
  22/pi: real=0.0602  chaos=0.0843  synth=0.0964  delta=-0.0241
  23/pi: real=0.1325  chaos=0.1084  synth=0.1205  delta=+0.0241 ** above chaos **
  24/pi: real=0.1084  chaos=0.0723  synth=0.0964  delta=+0.0361 ** above chaos **
  25/pi: real=0.1446  chaos=0.0843  synth=0.1325  delta=+0.0602 ** above chaos **
  26/pi: real=0.0843  chaos=0.0843  synth=0.0964  delta=+0.0000
  -> chaos_null_gravitational_wave.jsonl
  -> scramble_null_gravitational_wave.jsonl
  -> synthetic_null_gravitational_wave.jsonl

[materials_wrongbox]  n=33973
  4/pi: real=0.0993  chaos=0.0984  synth=0.1016  delta=+0.0009
  5/pi: real=0.0994  chaos=0.0998  synth=0.1001  delta=-0.0004
  6/pi: real=0.0996  chaos=0.0999  synth=0.1023  delta=-0.0003
  7/pi: real=0.0999  chaos=0.0965  synth=0.1016  delta=+0.0034
  8/pi: real=0.0989  chaos=0.0986  synth=0.0993  delta=+0.0003
  9/pi: real=0.1007  chaos=0.0993  synth=0.1023  delta=+0.0014
  10/pi: real=0.0972  chaos=0.1003  synth=0.1021  delta=-0.0031
  11/pi: real=0.1034  chaos=0.1001  synth=0.1010  delta=+0.0034
  12/pi: real=0.0988  chaos=0.0995  synth=0.1023  delta=-0.0006
  13/pi: real=0.1027  chaos=0.0996  synth=0.0991  delta=+0.0031
  14/pi: real=0.0968  chaos=0.0972  synth=0.1016  delta=-0.0004
  15/pi: real=0.0997  chaos=0.1002  synth=0.1008  delta=-0.0005
  16/pi: real=0.0986  chaos=0.0946  synth=0.0983  delta=+0.0040
  17/pi: real=0.0969  chaos=0.1000  synth=0.1017  delta=-0.0031
  18/pi: real=0.1003  chaos=0.0953  synth=0.1022  delta=+0.0049
  19/pi: real=0.1045  chaos=0.1048  synth=0.1006  delta=-0.0002
  20/pi: real=0.0985  chaos=0.1008  synth=0.0985  delta=-0.0023
  21/pi: real=0.0994  chaos=0.1002  synth=0.0989  delta=-0.0008
  22/pi: real=0.1040  chaos=0.0994  synth=0.0995  delta=+0.0046
  23/pi: real=0.1005  chaos=0.1004  synth=0.1004  delta=+0.0001
  24/pi: real=0.0988  chaos=0.1058  synth=0.0992  delta=-0.0071
  25/pi: real=0.0949  chaos=0.1001  synth=0.1028  delta=-0.0052
  26/pi: real=0.1071  chaos=0.0949  synth=0.1002  delta=+0.0122 ** above chaos **
  -> chaos_null_materials_wrongbox.jsonl
  -> scramble_null_materials_wrongbox.jsonl
  -> synthetic_null_materials_wrongbox.jsonl

[molecular_c60]  n=46
  4/pi: real=0.1957  chaos=0.1087  synth=0.1304  delta=+0.0870 ** above chaos **
  5/pi: real=0.0652  chaos=0.1304  synth=0.1087  delta=-0.0652
  6/pi: real=0.0870  chaos=0.2391  synth=0.0435  delta=-0.1522
  7/pi: real=0.1522  chaos=0.1739  synth=0.1522  delta=-0.0217
  8/pi: real=0.1304  chaos=0.1739  synth=0.0000  delta=-0.0435
  9/pi: real=0.1087  chaos=0.0870  synth=0.0652  delta=+0.0217 ** above chaos **
  10/pi: real=0.1087  chaos=0.1087  synth=0.0870  delta=+0.0000
  11/pi: real=0.1522  chaos=0.1304  synth=0.1739  delta=+0.0217 ** above chaos **
  12/pi: real=0.1522  chaos=0.1957  synth=0.0217  delta=-0.0435
  13/pi: real=0.1304  chaos=0.1087  synth=0.0652  delta=+0.0217 ** above chaos **
  14/pi: real=0.2174  chaos=0.1957  synth=0.0435  delta=+0.0217 ** above chaos **
  15/pi: real=0.0217  chaos=0.0870  synth=0.0435  delta=-0.0652
  16/pi: real=0.1739  chaos=0.0870  synth=0.0000  delta=+0.0870 ** above chaos **
  17/pi: real=0.0870  chaos=0.0652  synth=0.0435  delta=+0.0217 ** above chaos **
  18/pi: real=0.1087  chaos=0.0652  synth=0.0435  delta=+0.0435 ** above chaos **
  19/pi: real=0.0652  chaos=0.1087  synth=0.0217  delta=-0.0435
  20/pi: real=0.0652  chaos=0.0652  synth=0.1304  delta=+0.0000
  21/pi: real=0.1522  chaos=0.1304  synth=0.1087  delta=+0.0217 ** above chaos **
  22/pi: real=0.1087  chaos=0.1304  synth=0.1087  delta=-0.0217
  23/pi: real=0.0435  chaos=0.1304  synth=0.1304  delta=-0.0870
  24/pi: real=0.1304  chaos=0.1957  synth=0.0652  delta=-0.0652
  25/pi: real=0.0652  chaos=0.0870  synth=0.1087  delta=-0.0217
  26/pi: real=0.1087  chaos=0.1522  synth=0.0870  delta=-0.0435
  -> chaos_null_molecular_c60.jsonl
  -> scramble_null_molecular_c60.jsonl
  -> synthetic_null_molecular_c60.jsonl

[nuclear_binding]  n=43
  4/pi: real=0.1163  chaos=0.1628  synth=0.0233  delta=-0.0465
  5/pi: real=0.0698  chaos=0.1628  synth=0.0465  delta=-0.0930
  6/pi: real=0.0465  chaos=0.1628  synth=0.0465  delta=-0.1163
  7/pi: real=0.0930  chaos=0.0698  synth=0.1163  delta=+0.0233 ** above chaos **
  8/pi: real=0.1628  chaos=0.1628  synth=0.0698  delta=+0.0000
  9/pi: real=0.0465  chaos=0.1395  synth=0.1163  delta=-0.0930
  10/pi: real=0.0698  chaos=0.0930  synth=0.0465  delta=-0.0233
  11/pi: real=0.0698  chaos=0.0698  synth=0.0930  delta=+0.0000
  12/pi: real=0.0233  chaos=0.0930  synth=0.0698  delta=-0.0698
  13/pi: real=0.2326  chaos=0.2093  synth=0.0465  delta=+0.0233 ** above chaos **
  14/pi: real=0.0000  chaos=0.0233  synth=0.0233  delta=-0.0233
  15/pi: real=0.3721  chaos=0.0698  synth=0.4651  delta=+0.3023 ** above chaos **
  16/pi: real=0.0465  chaos=0.0930  synth=0.0930  delta=-0.0465
  17/pi: real=0.1395  chaos=0.0233  synth=0.0233  delta=+0.1163 ** above chaos **
  18/pi: real=0.0000  chaos=0.1860  synth=0.0465  delta=-0.1860
  19/pi: real=0.0233  chaos=0.1860  synth=0.1163  delta=-0.1628
  20/pi: real=0.1163  chaos=0.0698  synth=0.1395  delta=+0.0465 ** above chaos **
  21/pi: real=0.4651  chaos=0.1163  synth=0.4186  delta=+0.3488 ** above chaos **
  22/pi: real=0.0233  chaos=0.0698  synth=0.0233  delta=-0.0465
  23/pi: real=0.0233  chaos=0.0233  synth=0.0465  delta=+0.0000
  24/pi: real=0.0465  chaos=0.1395  synth=0.1163  delta=-0.0930
  25/pi: real=0.1860  chaos=0.0930  synth=0.2093  delta=+0.0930 ** above chaos **
  26/pi: real=0.3023  chaos=0.1395  synth=0.0930  delta=+0.1628 ** above chaos **
  -> chaos_null_nuclear_binding.jsonl
  -> scramble_null_nuclear_binding.jsonl
  -> synthetic_null_nuclear_binding.jsonl

[nuclear_decay]  n=3205
  4/pi: real=0.0814  chaos=0.1027  synth=0.0858  delta=-0.0212
  5/pi: real=0.0846  chaos=0.0977  synth=0.0892  delta=-0.0131
  6/pi: real=0.0758  chaos=0.1036  synth=0.0917  delta=-0.0278
  7/pi: real=0.0718  chaos=0.0952  synth=0.0858  delta=-0.0234
  8/pi: real=0.0752  chaos=0.1064  synth=0.0989  delta=-0.0312
  9/pi: real=0.0736  chaos=0.1020  synth=0.0877  delta=-0.0284
  10/pi: real=0.0749  chaos=0.1020  synth=0.1023  delta=-0.0271
  11/pi: real=0.0693  chaos=0.1020  synth=0.0849  delta=-0.0328
  12/pi: real=0.0705  chaos=0.0958  synth=0.0864  delta=-0.0253
  13/pi: real=0.0646  chaos=0.0874  synth=0.0842  delta=-0.0228
  14/pi: real=0.0686  chaos=0.0945  synth=0.0877  delta=-0.0259
  15/pi: real=0.0727  chaos=0.0958  synth=0.0908  delta=-0.0231
  16/pi: real=0.0665  chaos=0.1027  synth=0.0817  delta=-0.0362
  17/pi: real=0.0612  chaos=0.0989  synth=0.0855  delta=-0.0378
  18/pi: real=0.0655  chaos=0.1111  synth=0.0883  delta=-0.0456
  19/pi: real=0.0608  chaos=0.0889  synth=0.0880  delta=-0.0281
  20/pi: real=0.0627  chaos=0.0961  synth=0.0983  delta=-0.0334
  21/pi: real=0.1335  chaos=0.0973  synth=0.0799  delta=+0.0362 ** above chaos **
  22/pi: real=0.0630  chaos=0.1014  synth=0.0811  delta=-0.0384
  23/pi: real=0.0789  chaos=0.0874  synth=0.0755  delta=-0.0084
  24/pi: real=0.0686  chaos=0.1051  synth=0.0771  delta=-0.0365
  25/pi: real=0.0643  chaos=0.1048  synth=0.0908  delta=-0.0406
  26/pi: real=0.0621  chaos=0.0830  synth=0.0842  delta=-0.0209
  -> chaos_null_nuclear_decay.jsonl
  -> scramble_null_nuclear_decay.jsonl
  -> synthetic_null_nuclear_decay.jsonl

[SKIP] null_behavior -- all zeros
[null_cosmology_null]  n=5000
  4/pi: real=0.1108  chaos=0.1168  synth=0.1004  delta=-0.0060
  5/pi: real=0.1034  chaos=0.0998  synth=0.1180  delta=+0.0036
  6/pi: real=0.0836  chaos=0.0868  synth=0.0850  delta=-0.0032
  7/pi: real=0.1206  chaos=0.1188  synth=0.1204  delta=+0.0018
  8/pi: real=0.1062  chaos=0.1128  synth=0.0938  delta=-0.0066
  9/pi: real=0.0788  chaos=0.0860  synth=0.0898  delta=-0.0072
  10/pi: real=0.0956  chaos=0.0942  synth=0.0936  delta=+0.0014
  11/pi: real=0.0914  chaos=0.1042  synth=0.0878  delta=-0.0128
  12/pi: real=0.1094  chaos=0.1144  synth=0.0940  delta=-0.0050
  13/pi: real=0.1242  chaos=0.1272  synth=0.0932  delta=-0.0030
  14/pi: real=0.1288  chaos=0.1204  synth=0.1412  delta=+0.0084 ** above chaos **
  15/pi: real=0.1364  chaos=0.1408  synth=0.0930  delta=-0.0044
  16/pi: real=0.1398  chaos=0.1482  synth=0.0932  delta=-0.0084
  17/pi: real=0.0816  chaos=0.0822  synth=0.1126  delta=-0.0006
  18/pi: real=0.0714  chaos=0.0848  synth=0.0638  delta=-0.0134
  19/pi: real=0.1052  chaos=0.0894  synth=0.1090  delta=+0.0158 ** above chaos **
  20/pi: real=0.0806  chaos=0.0970  synth=0.0724  delta=-0.0164
  21/pi: real=0.1082  chaos=0.1022  synth=0.1368  delta=+0.0060 ** above chaos **
  22/pi: real=0.0714  chaos=0.0870  synth=0.0600  delta=-0.0156
  23/pi: real=0.1006  chaos=0.1054  synth=0.1336  delta=-0.0048
  24/pi: real=0.1308  chaos=0.1118  synth=0.1026  delta=+0.0190 ** above chaos **
  25/pi: real=0.0388  chaos=0.0482  synth=0.0428  delta=-0.0094
  26/pi: real=0.1190  chaos=0.1262  synth=0.1246  delta=-0.0072
  -> chaos_null_null_cosmology_null.jsonl
  -> scramble_null_null_cosmology_null.jsonl
  -> synthetic_null_null_cosmology_null.jsonl

[SKIP] null_mathematics -- all zeros
[SKIP] null_mechanics -- all zeros
[orbital]  n=13521
  4/pi: real=0.0916  chaos=0.0981  synth=0.1023  delta=-0.0065
  5/pi: real=0.1173  chaos=0.1011  synth=0.0989  delta=+0.0162 ** above chaos **
  6/pi: real=0.0903  chaos=0.1041  synth=0.1048  delta=-0.0138
  7/pi: real=0.1040  chaos=0.0941  synth=0.1021  delta=+0.0099 ** above chaos **
  8/pi: real=0.1049  chaos=0.0983  synth=0.1005  delta=+0.0067 ** above chaos **
  9/pi: real=0.0907  chaos=0.1026  synth=0.0993  delta=-0.0119
  10/pi: real=0.1443  chaos=0.0975  synth=0.0993  delta=+0.0468 ** above chaos **
  11/pi: real=0.1490  chaos=0.1038  synth=0.0990  delta=+0.0452 ** above chaos **
  12/pi: real=0.0621  chaos=0.1034  synth=0.1041  delta=-0.0413
  13/pi: real=0.0753  chaos=0.0967  synth=0.1012  delta=-0.0214
  14/pi: real=0.0936  chaos=0.0950  synth=0.0984  delta=-0.0014
  15/pi: real=0.1168  chaos=0.1029  synth=0.1004  delta=+0.0139 ** above chaos **
  16/pi: real=0.1121  chaos=0.1012  synth=0.1026  delta=+0.0109 ** above chaos **
  17/pi: real=0.0725  chaos=0.1028  synth=0.1018  delta=-0.0303
  18/pi: real=0.0706  chaos=0.1038  synth=0.0969  delta=-0.0332
  19/pi: real=0.0692  chaos=0.1047  synth=0.1001  delta=-0.0356
  20/pi: real=0.0936  chaos=0.0984  synth=0.1035  delta=-0.0048
  21/pi: real=0.0578  chaos=0.1008  synth=0.1004  delta=-0.0430
  22/pi: real=0.1763  chaos=0.0991  synth=0.1007  delta=+0.0772 ** above chaos **
  23/pi: real=0.0726  chaos=0.0996  synth=0.0973  delta=-0.0271
  24/pi: real=0.0706  chaos=0.1015  synth=0.1045  delta=-0.0310
  25/pi: real=0.0858  chaos=0.1012  synth=0.0975  delta=-0.0155
  26/pi: real=0.0657  chaos=0.0996  synth=0.1019  delta=-0.0339
  -> chaos_null_orbital.jsonl
  -> scramble_null_orbital.jsonl
  -> synthetic_null_orbital.jsonl

[orbital_eccentricity]  n=2159
  4/pi: real=0.0843  chaos=0.0936  synth=0.0750  delta=-0.0093
  5/pi: real=0.0774  chaos=0.0950  synth=0.0843  delta=-0.0176
  6/pi: real=0.0621  chaos=0.0973  synth=0.0838  delta=-0.0352
  7/pi: real=0.0658  chaos=0.0945  synth=0.0639  delta=-0.0287
  8/pi: real=0.0570  chaos=0.0824  synth=0.0723  delta=-0.0255
  9/pi: real=0.0445  chaos=0.0940  synth=0.0723  delta=-0.0496
  10/pi: real=0.0528  chaos=0.0987  synth=0.0621  delta=-0.0459
  11/pi: real=0.0371  chaos=0.0783  synth=0.0616  delta=-0.0412
  12/pi: real=0.0459  chaos=0.0760  synth=0.0593  delta=-0.0301
  13/pi: real=0.0426  chaos=0.0792  synth=0.0584  delta=-0.0366
  14/pi: real=0.0384  chaos=0.0931  synth=0.0514  delta=-0.0547
  15/pi: real=0.0371  chaos=0.0950  synth=0.0584  delta=-0.0579
  16/pi: real=0.0320  chaos=0.0514  synth=0.0421  delta=-0.0195
  17/pi: real=0.0241  chaos=0.0556  synth=0.0394  delta=-0.0315
  18/pi: real=0.0264  chaos=0.0630  synth=0.0324  delta=-0.0366
  19/pi: real=0.0269  chaos=0.0579  synth=0.0227  delta=-0.0310
  20/pi: real=0.0241  chaos=0.0672  synth=0.0176  delta=-0.0431
  21/pi: real=0.0222  chaos=0.0760  synth=0.0097  delta=-0.0537
  22/pi: real=0.0167  chaos=0.0727  synth=0.0102  delta=-0.0560
  23/pi: real=0.0167  chaos=0.0741  synth=0.0083  delta=-0.0574
  24/pi: real=0.0167  chaos=0.0764  synth=0.0056  delta=-0.0597
  25/pi: real=0.0195  chaos=0.0834  synth=0.0023  delta=-0.0639
  26/pi: real=0.0144  chaos=0.0852  synth=0.0009  delta=-0.0709
  -> chaos_null_orbital_eccentricity.jsonl
  -> scramble_null_orbital_eccentricity.jsonl
  -> synthetic_null_orbital_eccentricity.jsonl

[orbital_inclination]  n=4779
  4/pi: real=0.1410  chaos=0.0977  synth=0.0937  delta=+0.0433 ** above chaos **
  5/pi: real=0.0199  chaos=0.1027  synth=0.1105  delta=-0.0829
  6/pi: real=0.0140  chaos=0.0992  synth=0.1220  delta=-0.0852
  7/pi: real=0.0117  chaos=0.1067  synth=0.0952  delta=-0.0950
  8/pi: real=0.2666  chaos=0.0965  synth=0.1186  delta=+0.1701 ** above chaos **
  9/pi: real=0.1191  chaos=0.1013  synth=0.1073  delta=+0.0178 ** above chaos **
  10/pi: real=0.0132  chaos=0.0942  synth=0.1149  delta=-0.0810
  11/pi: real=0.3957  chaos=0.0952  synth=0.0967  delta=+0.3005 ** above chaos **
  12/pi: real=0.0213  chaos=0.0940  synth=0.1276  delta=-0.0726
  13/pi: real=0.4413  chaos=0.0992  synth=0.1027  delta=+0.3421 ** above chaos **
  14/pi: real=0.0098  chaos=0.1065  synth=0.1006  delta=-0.0967
  15/pi: real=0.0111  chaos=0.0986  synth=0.1197  delta=-0.0875
  16/pi: real=0.5660  chaos=0.1009  synth=0.1078  delta=+0.4652 ** above chaos **
  17/pi: real=0.0312  chaos=0.0973  synth=0.0967  delta=-0.0661
  18/pi: real=0.0069  chaos=0.0963  synth=0.1094  delta=-0.0893
  19/pi: real=0.5683  chaos=0.1002  synth=0.0950  delta=+0.4681 ** above chaos **
  20/pi: real=0.0090  chaos=0.0948  synth=0.1161  delta=-0.0858
  21/pi: real=0.0169  chaos=0.0975  synth=0.1032  delta=-0.0806
  22/pi: real=0.0067  chaos=0.1009  synth=0.0940  delta=-0.0942
  23/pi: real=0.3398  chaos=0.0933  synth=0.1000  delta=+0.2465 ** above chaos **
  24/pi: real=0.0036  chaos=0.0937  synth=0.1174  delta=-0.0902
  25/pi: real=0.0115  chaos=0.0940  synth=0.0933  delta=-0.0824
  26/pi: real=0.8075  chaos=0.0956  synth=0.1032  delta=+0.7119 ** above chaos **
  -> chaos_null_orbital_inclination.jsonl
  -> scramble_null_orbital_inclination.jsonl
  -> synthetic_null_orbital_inclination.jsonl

[orbital_mass]  n=6127
  4/pi: real=0.0359  chaos=0.0935  synth=0.0645  delta=-0.0576
  5/pi: real=0.0364  chaos=0.0921  synth=0.0668  delta=-0.0557
  6/pi: real=0.0369  chaos=0.0929  synth=0.0705  delta=-0.0560
  7/pi: real=0.0336  chaos=0.1004  synth=0.0672  delta=-0.0668
  8/pi: real=0.0326  chaos=0.0981  synth=0.0692  delta=-0.0654
  9/pi: real=0.0338  chaos=0.0971  synth=0.0681  delta=-0.0633
  10/pi: real=0.0326  chaos=0.0875  synth=0.0690  delta=-0.0548
  11/pi: real=0.0367  chaos=0.0968  synth=0.0651  delta=-0.0601
  12/pi: real=0.0339  chaos=0.0934  synth=0.0610  delta=-0.0594
  13/pi: real=0.0297  chaos=0.0991  synth=0.0581  delta=-0.0694
  14/pi: real=0.0344  chaos=0.1018  synth=0.0684  delta=-0.0674
  15/pi: real=0.0310  chaos=0.0899  synth=0.0645  delta=-0.0589
  16/pi: real=0.0289  chaos=0.0901  synth=0.0635  delta=-0.0612
  17/pi: real=0.0318  chaos=0.0969  synth=0.0606  delta=-0.0651
  18/pi: real=0.0341  chaos=0.0948  synth=0.0604  delta=-0.0607
  19/pi: real=0.0292  chaos=0.0942  synth=0.0666  delta=-0.0650
  20/pi: real=0.0281  chaos=0.0858  synth=0.0643  delta=-0.0578
  21/pi: real=0.0315  chaos=0.0984  synth=0.0586  delta=-0.0669
  22/pi: real=0.0302  chaos=0.0973  synth=0.0539  delta=-0.0671
  23/pi: real=0.0282  chaos=0.0867  synth=0.0646  delta=-0.0584
  24/pi: real=0.0305  chaos=0.0832  synth=0.0604  delta=-0.0527
  25/pi: real=0.0297  chaos=0.0921  synth=0.0578  delta=-0.0623
  26/pi: real=0.0295  chaos=0.0981  synth=0.0576  delta=-0.0685
  -> chaos_null_orbital_mass.jsonl
  -> scramble_null_orbital_mass.jsonl
  -> synthetic_null_orbital_mass.jsonl

[orbital_radius]  n=5843
  4/pi: real=0.0731  chaos=0.0964  synth=0.0669  delta=-0.0233
  5/pi: real=0.0726  chaos=0.1017  synth=0.0662  delta=-0.0291
  6/pi: real=0.0596  chaos=0.1006  synth=0.0693  delta=-0.0411
  7/pi: real=0.0525  chaos=0.1054  synth=0.0664  delta=-0.0529
  8/pi: real=0.0474  chaos=0.1008  synth=0.0645  delta=-0.0534
  9/pi: real=0.0433  chaos=0.1005  synth=0.0674  delta=-0.0572
  10/pi: real=0.0419  chaos=0.0957  synth=0.0625  delta=-0.0537
  11/pi: real=0.0334  chaos=0.0979  synth=0.0584  delta=-0.0645
  12/pi: real=0.0383  chaos=0.0957  synth=0.0674  delta=-0.0573
  13/pi: real=0.0317  chaos=0.0991  synth=0.0589  delta=-0.0674
  14/pi: real=0.0330  chaos=0.1001  synth=0.0594  delta=-0.0671
  15/pi: real=0.0320  chaos=0.0964  synth=0.0632  delta=-0.0644
  16/pi: real=0.0269  chaos=0.0965  synth=0.0644  delta=-0.0697
  17/pi: real=0.0296  chaos=0.0993  synth=0.0633  delta=-0.0697
  18/pi: real=0.0277  chaos=0.0976  synth=0.0633  delta=-0.0698
  19/pi: real=0.0274  chaos=0.0962  synth=0.0620  delta=-0.0688
  20/pi: real=0.0250  chaos=0.0976  synth=0.0606  delta=-0.0726
  21/pi: real=0.0214  chaos=0.0955  synth=0.0604  delta=-0.0741
  22/pi: real=0.0219  chaos=0.0967  synth=0.0546  delta=-0.0748
  23/pi: real=0.0236  chaos=0.0938  synth=0.0613  delta=-0.0702
  24/pi: real=0.0216  chaos=0.0982  synth=0.0594  delta=-0.0767
  25/pi: real=0.0233  chaos=0.0962  synth=0.0577  delta=-0.0729
  26/pi: real=0.0241  chaos=0.0969  synth=0.0560  delta=-0.0727
  -> chaos_null_orbital_radius.jsonl
  -> scramble_null_orbital_radius.jsonl
  -> synthetic_null_orbital_radius.jsonl

[orbital_transit]  n=4603
  4/pi: real=0.0997  chaos=0.0936  synth=0.0971  delta=+0.0061 ** above chaos **
  5/pi: real=0.0919  chaos=0.0936  synth=0.1041  delta=-0.0017
  6/pi: real=0.0973  chaos=0.1021  synth=0.1015  delta=-0.0048
  7/pi: real=0.0991  chaos=0.0967  synth=0.0954  delta=+0.0024
  8/pi: real=0.1075  chaos=0.0993  synth=0.1030  delta=+0.0083 ** above chaos **
  9/pi: real=0.1056  chaos=0.1023  synth=0.1034  delta=+0.0033
  10/pi: real=0.0969  chaos=0.1023  synth=0.1002  delta=-0.0054
  11/pi: real=0.1006  chaos=0.0939  synth=0.1051  delta=+0.0067 ** above chaos **
  12/pi: real=0.1019  chaos=0.1028  synth=0.1067  delta=-0.0009
  13/pi: real=0.1010  chaos=0.0984  synth=0.0980  delta=+0.0026
  14/pi: real=0.1006  chaos=0.0954  synth=0.0945  delta=+0.0052 ** above chaos **
  15/pi: real=0.1015  chaos=0.1012  synth=0.1021  delta=+0.0002
  16/pi: real=0.1036  chaos=0.1002  synth=0.1023  delta=+0.0035
  17/pi: real=0.0973  chaos=0.0984  synth=0.1012  delta=-0.0011
  18/pi: real=0.1073  chaos=0.1008  synth=0.1021  delta=+0.0065 ** above chaos **
  19/pi: real=0.1012  chaos=0.0930  synth=0.1054  delta=+0.0083 ** above chaos **
  20/pi: real=0.0939  chaos=0.0993  synth=0.1034  delta=-0.0054
  21/pi: real=0.0949  chaos=0.0945  synth=0.0978  delta=+0.0004
  22/pi: real=0.0993  chaos=0.1002  synth=0.0984  delta=-0.0009
  23/pi: real=0.1025  chaos=0.1056  synth=0.0962  delta=-0.0030
  24/pi: real=0.0982  chaos=0.0949  synth=0.0993  delta=+0.0033
  25/pi: real=0.0923  chaos=0.1012  synth=0.1032  delta=-0.0089
  26/pi: real=0.1060  chaos=0.0975  synth=0.0999  delta=+0.0085 ** above chaos **
  -> chaos_null_orbital_transit.jsonl
  -> scramble_null_orbital_transit.jsonl
  -> synthetic_null_orbital_transit.jsonl

[orbital_ttv]  n=290458
  4/pi: real=0.0797  chaos=0.0998  synth=0.0973  delta=-0.0201
  5/pi: real=0.0852  chaos=0.0997  synth=0.0969  delta=-0.0145
  6/pi: real=0.1077  chaos=0.1000  synth=0.0969  delta=+0.0077 ** above chaos **
  7/pi: real=0.0799  chaos=0.0999  synth=0.0971  delta=-0.0200
  8/pi: real=0.1347  chaos=0.0988  synth=0.0965  delta=+0.0359 ** above chaos **
  9/pi: real=0.0871  chaos=0.0989  synth=0.0963  delta=-0.0118
  10/pi: real=0.0658  chaos=0.0987  synth=0.0955  delta=-0.0329
  11/pi: real=0.0678  chaos=0.0971  synth=0.0967  delta=-0.0292
  12/pi: real=0.0891  chaos=0.0999  synth=0.0968  delta=-0.0108
  13/pi: real=0.0616  chaos=0.0960  synth=0.0967  delta=-0.0345
  14/pi: real=0.0713  chaos=0.1009  synth=0.0966  delta=-0.0296
  15/pi: real=0.1090  chaos=0.0988  synth=0.0973  delta=+0.0102 ** above chaos **
  16/pi: real=0.1466  chaos=0.0993  synth=0.0962  delta=+0.0473 ** above chaos **
  17/pi: real=0.1321  chaos=0.0962  synth=0.0968  delta=+0.0359 ** above chaos **
  18/pi: real=0.1052  chaos=0.0963  synth=0.0957  delta=+0.0089 ** above chaos **
  19/pi: real=0.0684  chaos=0.0959  synth=0.0949  delta=-0.0275
  20/pi: real=0.0556  chaos=0.0950  synth=0.0950  delta=-0.0394
  21/pi: real=0.1000  chaos=0.0996  synth=0.0958  delta=+0.0005
  22/pi: real=0.0891  chaos=0.0987  synth=0.0950  delta=-0.0096
  23/pi: real=0.0816  chaos=0.0961  synth=0.0962  delta=-0.0145
  24/pi: real=0.0982  chaos=0.0978  synth=0.0958  delta=+0.0004
  25/pi: real=0.1292  chaos=0.0967  synth=0.0953  delta=+0.0324 ** above chaos **
  26/pi: real=0.0948  chaos=0.0927  synth=0.0956  delta=+0.0022
  -> chaos_null_orbital_ttv.jsonl
  -> scramble_null_orbital_ttv.jsonl
  -> synthetic_null_orbital_ttv.jsonl

[orbital_wrongbox]  n=13521
  4/pi: real=0.0967  chaos=0.1012  synth=0.1049  delta=-0.0045
  5/pi: real=0.0977  chaos=0.0984  synth=0.1030  delta=-0.0007
  6/pi: real=0.1129  chaos=0.1011  synth=0.0989  delta=+0.0118 ** above chaos **
  7/pi: real=0.0742  chaos=0.1052  synth=0.1023  delta=-0.0310
  8/pi: real=0.0980  chaos=0.0984  synth=0.1036  delta=-0.0004
  9/pi: real=0.0944  chaos=0.1018  synth=0.0988  delta=-0.0075
  10/pi: real=0.1169  chaos=0.1001  synth=0.1030  delta=+0.0168 ** above chaos **
  11/pi: real=0.1231  chaos=0.0999  synth=0.1013  delta=+0.0231 ** above chaos **
  12/pi: real=0.0988  chaos=0.0998  synth=0.1028  delta=-0.0010
  13/pi: real=0.1222  chaos=0.0963  synth=0.0998  delta=+0.0259 ** above chaos **
  14/pi: real=0.0991  chaos=0.1017  synth=0.1000  delta=-0.0026
  15/pi: real=0.1264  chaos=0.0981  synth=0.1009  delta=+0.0283 ** above chaos **
  16/pi: real=0.0888  chaos=0.1012  synth=0.1010  delta=-0.0124
  17/pi: real=0.1118  chaos=0.1024  synth=0.0978  delta=+0.0095 ** above chaos **
  18/pi: real=0.1074  chaos=0.0990  synth=0.1044  delta=+0.0084 ** above chaos **
  19/pi: real=0.1069  chaos=0.1019  synth=0.0969  delta=+0.0050
  20/pi: real=0.1278  chaos=0.0961  synth=0.1030  delta=+0.0317 ** above chaos **
  21/pi: real=0.1044  chaos=0.0990  synth=0.0987  delta=+0.0054 ** above chaos **
  22/pi: real=0.0979  chaos=0.1049  synth=0.0990  delta=-0.0070
  23/pi: real=0.1112  chaos=0.0978  synth=0.1029  delta=+0.0135 ** above chaos **
  24/pi: real=0.1082  chaos=0.1007  synth=0.1015  delta=+0.0075 ** above chaos **
  25/pi: real=0.1140  chaos=0.0946  synth=0.0997  delta=+0.0195 ** above chaos **
  26/pi: real=0.1020  chaos=0.1010  synth=0.1016  delta=+0.0010
  -> chaos_null_orbital_wrongbox.jsonl
  -> scramble_null_orbital_wrongbox.jsonl
  -> synthetic_null_orbital_wrongbox.jsonl

[planetary]  n=14116
  4/pi: real=0.0963  chaos=0.0975  synth=0.0934  delta=-0.0012
  5/pi: real=0.1074  chaos=0.0980  synth=0.0932  delta=+0.0094 ** above chaos **
  6/pi: real=0.1059  chaos=0.0968  synth=0.1002  delta=+0.0091 ** above chaos **
  7/pi: real=0.1054  chaos=0.0958  synth=0.0970  delta=+0.0096 ** above chaos **
  8/pi: real=0.1149  chaos=0.0983  synth=0.0942  delta=+0.0166 ** above chaos **
  9/pi: real=0.0988  chaos=0.1073  synth=0.0965  delta=-0.0085
  10/pi: real=0.0925  chaos=0.0973  synth=0.1012  delta=-0.0047
  11/pi: real=0.0854  chaos=0.1076  synth=0.0966  delta=-0.0222
  12/pi: real=0.1221  chaos=0.0874  synth=0.0997  delta=+0.0346 ** above chaos **
  13/pi: real=0.1061  chaos=0.0983  synth=0.1185  delta=+0.0079 ** above chaos **
  14/pi: real=0.1014  chaos=0.0983  synth=0.0936  delta=+0.0030
  15/pi: real=0.0883  chaos=0.0705  synth=0.0990  delta=+0.0179 ** above chaos **
  16/pi: real=0.1704  chaos=0.1177  synth=0.0970  delta=+0.0527 ** above chaos **
  17/pi: real=0.0398  chaos=0.1235  synth=0.0924  delta=-0.0837
  18/pi: real=0.1073  chaos=0.0850  synth=0.1167  delta=+0.0223 ** above chaos **
  19/pi: real=0.1697  chaos=0.0928  synth=0.1053  delta=+0.0769 ** above chaos **
  20/pi: real=0.0742  chaos=0.1004  synth=0.0703  delta=-0.0262
  21/pi: real=0.0414  chaos=0.0992  synth=0.0683  delta=-0.0579
  22/pi: real=0.0775  chaos=0.1094  synth=0.1248  delta=-0.0319
  23/pi: real=0.1598  chaos=0.1153  synth=0.1498  delta=+0.0446 ** above chaos **
  24/pi: real=0.2003  chaos=0.1178  synth=0.1161  delta=+0.0825 ** above chaos **
  25/pi: real=0.0609  chaos=0.1223  synth=0.0623  delta=-0.0614
  26/pi: real=0.0353  chaos=0.0803  synth=0.0462  delta=-0.0450
  -> chaos_null_planetary.jsonl
  -> scramble_null_planetary.jsonl
  -> synthetic_null_planetary.jsonl

[planetary_atlantic]  n=6973
  4/pi: real=0.0000  chaos=0.1033  synth=0.0975  delta=-0.1033
  5/pi: real=0.0486  chaos=0.0982  synth=0.0969  delta=-0.0496
  6/pi: real=0.0013  chaos=0.1023  synth=0.0926  delta=-0.1010
  7/pi: real=0.5044  chaos=0.0995  synth=0.1011  delta=+0.4048 ** above chaos **
  8/pi: real=0.0009  chaos=0.1066  synth=0.0984  delta=-0.1057
  9/pi: real=0.0009  chaos=0.0899  synth=0.0955  delta=-0.0891
  10/pi: real=0.0004  chaos=0.1053  synth=0.1021  delta=-0.1048
  11/pi: real=0.0000  chaos=0.0914  synth=0.1121  delta=-0.0914
  12/pi: real=0.0009  chaos=0.0984  synth=0.1149  delta=-0.0975
  13/pi: real=0.0000  chaos=0.1058  synth=0.0951  delta=-0.1058
  14/pi: real=0.0268  chaos=0.0883  synth=0.0764  delta=-0.0615
  15/pi: real=0.0004  chaos=0.1014  synth=0.1394  delta=-0.1010
  16/pi: real=0.0022  chaos=0.1017  synth=0.0545  delta=-0.0995
  17/pi: real=0.5054  chaos=0.0944  synth=0.1567  delta=+0.4110 ** above chaos **
  18/pi: real=0.0272  chaos=0.1000  synth=0.0739  delta=-0.0727
  19/pi: real=0.0004  chaos=0.1192  synth=0.0536  delta=-0.1187
  20/pi: real=0.0000  chaos=0.0959  synth=0.1831  delta=-0.0959
  21/pi: real=0.0271  chaos=0.0932  synth=0.0836  delta=-0.0661
  22/pi: real=0.0024  chaos=0.0684  synth=0.0139  delta=-0.0660
  23/pi: real=0.0482  chaos=0.1134  synth=0.0944  delta=-0.0653
  24/pi: real=0.5049  chaos=0.1177  synth=0.2197  delta=+0.3872 ** above chaos **
  25/pi: real=0.0380  chaos=0.1177  synth=0.1325  delta=-0.0797
  26/pi: real=0.0001  chaos=0.0783  synth=0.0199  delta=-0.0782
  -> chaos_null_planetary_atlantic.jsonl
  -> scramble_null_planetary_atlantic.jsonl
  -> synthetic_null_planetary_atlantic.jsonl

[planetary_gulf]  n=6927
  4/pi: real=0.0001  chaos=0.1021  synth=0.0896  delta=-0.1019
  5/pi: real=0.2010  chaos=0.1037  synth=0.1136  delta=+0.0973 ** above chaos **
  6/pi: real=0.1379  chaos=0.0986  synth=0.1256  delta=+0.0393 ** above chaos **
  7/pi: real=0.1493  chaos=0.1060  synth=0.0980  delta=+0.0433 ** above chaos **
  8/pi: real=0.0709  chaos=0.1035  synth=0.0957  delta=-0.0326
  9/pi: real=0.0608  chaos=0.1005  synth=0.1283  delta=-0.0397
  10/pi: real=0.0569  chaos=0.0990  synth=0.1194  delta=-0.0422
  11/pi: real=0.0020  chaos=0.1022  synth=0.1042  delta=-0.1002
  12/pi: real=0.0661  chaos=0.1041  synth=0.0987  delta=-0.0380
  13/pi: real=0.0014  chaos=0.1073  synth=0.0985  delta=-0.1058
  14/pi: real=0.0787  chaos=0.1078  synth=0.0953  delta=-0.0292
  15/pi: real=0.0569  chaos=0.1015  synth=0.1168  delta=-0.0446
  16/pi: real=0.1048  chaos=0.1000  synth=0.0970  delta=+0.0048
  17/pi: real=0.2356  chaos=0.1070  synth=0.1034  delta=+0.1286 ** above chaos **
  18/pi: real=0.1361  chaos=0.0918  synth=0.1213  delta=+0.0443 ** above chaos **
  19/pi: real=0.0104  chaos=0.1149  synth=0.0977  delta=-0.1045
  20/pi: real=0.0000  chaos=0.0917  synth=0.1011  delta=-0.0917
  21/pi: real=0.0806  chaos=0.0963  synth=0.0904  delta=-0.0157
  22/pi: real=0.1324  chaos=0.1006  synth=0.0948  delta=+0.0318 ** above chaos **
  23/pi: real=0.1439  chaos=0.1032  synth=0.0960  delta=+0.0407 ** above chaos **
  24/pi: real=0.2132  chaos=0.1103  synth=0.1038  delta=+0.1029 ** above chaos **
  25/pi: real=0.0924  chaos=0.1112  synth=0.0943  delta=-0.0188
  26/pi: real=0.0208  chaos=0.1015  synth=0.0922  delta=-0.0807
  -> chaos_null_planetary_gulf.jsonl
  -> scramble_null_planetary_gulf.jsonl
  -> synthetic_null_planetary_gulf.jsonl

[planetary_indian]  n=4929
  4/pi: real=0.0004  chaos=0.0968  synth=0.0945  delta=-0.0964
  5/pi: real=0.1696  chaos=0.1053  synth=0.0891  delta=+0.0643 ** above chaos **
  6/pi: real=0.0004  chaos=0.0931  synth=0.0881  delta=-0.0927
  7/pi: real=0.1591  chaos=0.1116  synth=0.1027  delta=+0.0475 ** above chaos **
  8/pi: real=0.0079  chaos=0.1014  synth=0.0881  delta=-0.0935
  9/pi: real=0.0032  chaos=0.0982  synth=0.0941  delta=-0.0949
  10/pi: real=0.0000  chaos=0.0921  synth=0.0822  delta=-0.0921
  11/pi: real=0.0030  chaos=0.1002  synth=0.0820  delta=-0.0972
  12/pi: real=0.0004  chaos=0.0909  synth=0.0820  delta=-0.0905
  13/pi: real=0.0014  chaos=0.1059  synth=0.1039  delta=-0.1045
  14/pi: real=0.1763  chaos=0.1317  synth=0.1000  delta=+0.0446 ** above chaos **
  15/pi: real=0.0000  chaos=0.0994  synth=0.0905  delta=-0.0994
  16/pi: real=0.1223  chaos=0.1055  synth=0.0968  delta=+0.0168 ** above chaos **
  17/pi: real=0.1666  chaos=0.1100  synth=0.0982  delta=+0.0566 ** above chaos **
  18/pi: real=0.1753  chaos=0.0777  synth=0.0818  delta=+0.0976 ** above chaos **
  19/pi: real=0.0177  chaos=0.1189  synth=0.0943  delta=-0.1012
  20/pi: real=0.0000  chaos=0.0941  synth=0.0976  delta=-0.0941
  21/pi: real=0.1759  chaos=0.0964  synth=0.0943  delta=+0.0795 ** above chaos **
  22/pi: real=0.1410  chaos=0.1018  synth=0.1349  delta=+0.0392 ** above chaos **
  23/pi: real=0.1714  chaos=0.1079  synth=0.0893  delta=+0.0635 ** above chaos **
  24/pi: real=0.1564  chaos=0.1069  synth=0.1071  delta=+0.0495 ** above chaos **
  25/pi: real=0.2023  chaos=0.1114  synth=0.1173  delta=+0.0909 ** above chaos **
  26/pi: real=0.0454  chaos=0.0868  synth=0.0899  delta=-0.0414
  -> chaos_null_planetary_indian.jsonl
  -> scramble_null_planetary_indian.jsonl
  -> synthetic_null_planetary_indian.jsonl

[planetary_pacific]  n=6838
  4/pi: real=0.0000  chaos=0.0996  synth=0.1019  delta=-0.0996
  5/pi: real=0.1642  chaos=0.0910  synth=0.1046  delta=+0.0733 ** above chaos **
  6/pi: real=0.0313  chaos=0.0940  synth=0.0961  delta=-0.0627
  7/pi: real=0.1332  chaos=0.1082  synth=0.0990  delta=+0.0250 ** above chaos **
  8/pi: real=0.0199  chaos=0.1044  synth=0.1016  delta=-0.0845
  9/pi: real=0.0175  chaos=0.1025  synth=0.0956  delta=-0.0850
  10/pi: real=0.0143  chaos=0.0996  synth=0.1012  delta=-0.0853
  11/pi: real=0.0010  chaos=0.1065  synth=0.0999  delta=-0.1054
  12/pi: real=0.0133  chaos=0.0964  synth=0.0993  delta=-0.0831
  13/pi: real=0.0009  chaos=0.1002  synth=0.0992  delta=-0.0993
  14/pi: real=0.1590  chaos=0.1006  synth=0.1000  delta=+0.0584 ** above chaos **
  15/pi: real=0.0143  chaos=0.1056  synth=0.0993  delta=-0.0913
  16/pi: real=0.1258  chaos=0.1021  synth=0.1009  delta=+0.0237 ** above chaos **
  17/pi: real=0.1594  chaos=0.1085  synth=0.0956  delta=+0.0509 ** above chaos **
  18/pi: real=0.1740  chaos=0.0923  synth=0.0997  delta=+0.0817 ** above chaos **
  19/pi: real=0.0180  chaos=0.1208  synth=0.0983  delta=-0.1028
  20/pi: real=0.0000  chaos=0.0956  synth=0.1013  delta=-0.0956
  21/pi: real=0.1593  chaos=0.0948  synth=0.0951  delta=+0.0645 ** above chaos **
  22/pi: real=0.1642  chaos=0.0924  synth=0.0951  delta=+0.0718 ** above chaos **
  23/pi: real=0.1521  chaos=0.1016  synth=0.1018  delta=+0.0505 ** above chaos **
  24/pi: real=0.1468  chaos=0.1179  synth=0.1078  delta=+0.0290 ** above chaos **
  25/pi: real=0.1753  chaos=0.1189  synth=0.0986  delta=+0.0564 ** above chaos **
  26/pi: real=0.0409  chaos=0.0765  synth=0.0883  delta=-0.0355
  -> chaos_null_planetary_pacific.jsonl
  -> scramble_null_planetary_pacific.jsonl
  -> synthetic_null_planetary_pacific.jsonl

[quantum_molecular_vibration]  n=77
  4/pi: real=0.0519  chaos=0.1429  synth=0.0779  delta=-0.0909
  5/pi: real=0.0779  chaos=0.0909  synth=0.1299  delta=-0.0130
  6/pi: real=0.0909  chaos=0.1558  synth=0.1818  delta=-0.0649
  7/pi: real=0.1039  chaos=0.0260  synth=0.0779  delta=+0.0779 ** above chaos **
  8/pi: real=0.1299  chaos=0.1558  synth=0.1558  delta=-0.0260
  9/pi: real=0.0779  chaos=0.1429  synth=0.0649  delta=-0.0649
  10/pi: real=0.1688  chaos=0.1169  synth=0.1429  delta=+0.0519 ** above chaos **
  11/pi: real=0.0649  chaos=0.1039  synth=0.1039  delta=-0.0390
  12/pi: real=0.1429  chaos=0.1169  synth=0.1169  delta=+0.0260 ** above chaos **
  13/pi: real=0.0909  chaos=0.0909  synth=0.1039  delta=+0.0000
  14/pi: real=0.0519  chaos=0.0260  synth=0.0519  delta=+0.0260 ** above chaos **
  15/pi: real=0.0649  chaos=0.0909  synth=0.1429  delta=-0.0260
  16/pi: real=0.1299  chaos=0.0779  synth=0.1558  delta=+0.0519 ** above chaos **
  17/pi: real=0.0649  chaos=0.0390  synth=0.0909  delta=+0.0260 ** above chaos **
  18/pi: real=0.1299  chaos=0.1169  synth=0.0649  delta=+0.0130 ** above chaos **
  19/pi: real=0.1039  chaos=0.0779  synth=0.1429  delta=+0.0260 ** above chaos **
  20/pi: real=0.1429  chaos=0.1039  synth=0.0909  delta=+0.0390 ** above chaos **
  21/pi: real=0.0519  chaos=0.0649  synth=0.0390  delta=-0.0130
  22/pi: real=0.0390  chaos=0.0519  synth=0.1169  delta=-0.0130
  23/pi: real=0.1039  chaos=0.0390  synth=0.1688  delta=+0.0649 ** above chaos **
  24/pi: real=0.1169  chaos=0.1558  synth=0.0909  delta=-0.0390
  25/pi: real=0.0649  chaos=0.0779  synth=0.0519  delta=-0.0130
  26/pi: real=0.1039  chaos=0.1818  synth=0.1039  delta=-0.0779
  -> chaos_null_quantum_molecular_vibration.jsonl
  -> scramble_null_quantum_molecular_vibration.jsonl
  -> synthetic_null_quantum_molecular_vibration.jsonl

[quantum_transitional]  n=189330
  4/pi: real=0.0935  chaos=0.0990  synth=0.1006  delta=-0.0055
  5/pi: real=0.0987  chaos=0.0998  synth=0.1012  delta=-0.0012
  6/pi: real=0.0914  chaos=0.1002  synth=0.1002  delta=-0.0088
  7/pi: real=0.1052  chaos=0.0993  synth=0.1010  delta=+0.0059 ** above chaos **
  8/pi: real=0.1021  chaos=0.0996  synth=0.0994  delta=+0.0025
  9/pi: real=0.0945  chaos=0.0994  synth=0.1003  delta=-0.0049
  10/pi: real=0.0892  chaos=0.0993  synth=0.1000  delta=-0.0101
  11/pi: real=0.0883  chaos=0.0993  synth=0.1003  delta=-0.0111
  12/pi: real=0.0927  chaos=0.0996  synth=0.1000  delta=-0.0069
  13/pi: real=0.0891  chaos=0.1009  synth=0.0999  delta=-0.0118
  14/pi: real=0.1079  chaos=0.1018  synth=0.1005  delta=+0.0060 ** above chaos **
  15/pi: real=0.0990  chaos=0.0995  synth=0.0993  delta=-0.0004
  16/pi: real=0.1204  chaos=0.1000  synth=0.0996  delta=+0.0205 ** above chaos **
  17/pi: real=0.0908  chaos=0.1009  synth=0.1003  delta=-0.0101
  18/pi: real=0.0819  chaos=0.0995  synth=0.1006  delta=-0.0176
  19/pi: real=0.0917  chaos=0.0994  synth=0.1009  delta=-0.0076
  20/pi: real=0.0926  chaos=0.0995  synth=0.1007  delta=-0.0070
  21/pi: real=0.1005  chaos=0.1003  synth=0.1000  delta=+0.0002
  22/pi: real=0.0956  chaos=0.0983  synth=0.1011  delta=-0.0027
  23/pi: real=0.1165  chaos=0.1002  synth=0.0999  delta=+0.0164 ** above chaos **
  24/pi: real=0.0955  chaos=0.1013  synth=0.1007  delta=-0.0058
  25/pi: real=0.1098  chaos=0.1000  synth=0.0987  delta=+0.0098 ** above chaos **
  26/pi: real=0.0960  chaos=0.1001  synth=0.0991  delta=-0.0041
  -> chaos_null_quantum_transitional.jsonl
  -> scramble_null_quantum_transitional.jsonl
  -> synthetic_null_quantum_transitional.jsonl

[seismic_japan]  n=4006
  4/pi: real=0.0761  chaos=0.0944  synth=0.0839  delta=-0.0182
  5/pi: real=0.0769  chaos=0.0979  synth=0.0939  delta=-0.0210
  6/pi: real=0.0811  chaos=0.0924  synth=0.0856  delta=-0.0112
  7/pi: real=0.0734  chaos=0.0994  synth=0.0881  delta=-0.0260
  8/pi: real=0.0749  chaos=0.0969  synth=0.0886  delta=-0.0220
  9/pi: real=0.0754  chaos=0.0989  synth=0.0821  delta=-0.0235
  10/pi: real=0.0744  chaos=0.0989  synth=0.0854  delta=-0.0245
  11/pi: real=0.0729  chaos=0.1003  synth=0.0844  delta=-0.0275
  12/pi: real=0.0784  chaos=0.0971  synth=0.0814  delta=-0.0187
  13/pi: real=0.0714  chaos=0.1063  synth=0.0764  delta=-0.0349
  14/pi: real=0.0619  chaos=0.0969  synth=0.0819  delta=-0.0349
  15/pi: real=0.0691  chaos=0.1051  synth=0.0831  delta=-0.0359
  16/pi: real=0.0721  chaos=0.0954  synth=0.0844  delta=-0.0232
  17/pi: real=0.0667  chaos=0.1003  synth=0.0801  delta=-0.0337
  18/pi: real=0.0721  chaos=0.0936  synth=0.0811  delta=-0.0215
  19/pi: real=0.0736  chaos=0.0931  synth=0.0766  delta=-0.0195
  20/pi: real=0.0714  chaos=0.0906  synth=0.0849  delta=-0.0192
  21/pi: real=0.0634  chaos=0.1023  synth=0.0804  delta=-0.0389
  22/pi: real=0.0667  chaos=0.0944  synth=0.0811  delta=-0.0277
  23/pi: real=0.0657  chaos=0.0914  synth=0.0811  delta=-0.0257
  24/pi: real=0.0761  chaos=0.0981  synth=0.0796  delta=-0.0220
  25/pi: real=0.0774  chaos=0.0866  synth=0.0781  delta=-0.0092
  26/pi: real=0.0647  chaos=0.0956  synth=0.0751  delta=-0.0310
  -> chaos_null_seismic_japan.jsonl
  -> scramble_null_seismic_japan.jsonl
  -> synthetic_null_seismic_japan.jsonl

[seismic_reference]  n=977
  4/pi: real=0.0931  chaos=0.1095  synth=0.0890  delta=-0.0164
  5/pi: real=0.0809  chaos=0.1034  synth=0.0880  delta=-0.0225
  6/pi: real=0.0870  chaos=0.0860  synth=0.0942  delta=+0.0010
  7/pi: real=0.0860  chaos=0.0850  synth=0.0931  delta=+0.0010
  8/pi: real=0.0839  chaos=0.0972  synth=0.0911  delta=-0.0133
  9/pi: real=0.0696  chaos=0.0921  synth=0.0890  delta=-0.0225
  10/pi: real=0.0757  chaos=0.0880  synth=0.0942  delta=-0.0123
  11/pi: real=0.0983  chaos=0.1013  synth=0.1013  delta=-0.0031
  12/pi: real=0.0798  chaos=0.0829  synth=0.0798  delta=-0.0031
  13/pi: real=0.0788  chaos=0.1085  synth=0.0931  delta=-0.0297
  14/pi: real=0.0716  chaos=0.0901  synth=0.1024  delta=-0.0184
  15/pi: real=0.0747  chaos=0.0921  synth=0.0911  delta=-0.0174
  16/pi: real=0.0768  chaos=0.0972  synth=0.0860  delta=-0.0205
  17/pi: real=0.0880  chaos=0.0890  synth=0.0962  delta=-0.0010
  18/pi: real=0.0747  chaos=0.0972  synth=0.0860  delta=-0.0225
  19/pi: real=0.0583  chaos=0.0942  synth=0.0839  delta=-0.0358
  20/pi: real=0.0645  chaos=0.0983  synth=0.0850  delta=-0.0338
  21/pi: real=0.0655  chaos=0.1105  synth=0.0901  delta=-0.0450
  22/pi: real=0.0952  chaos=0.0890  synth=0.0870  delta=+0.0061 ** above chaos **
  23/pi: real=0.0798  chaos=0.0972  synth=0.0798  delta=-0.0174
  24/pi: real=0.0850  chaos=0.0809  synth=0.0890  delta=+0.0041
  25/pi: real=0.0809  chaos=0.0962  synth=0.0972  delta=-0.0154
  26/pi: real=0.0757  chaos=0.1024  synth=0.0962  delta=-0.0266
  -> chaos_null_seismic_reference.jsonl
  -> scramble_null_seismic_reference.jsonl
  -> synthetic_null_seismic_reference.jsonl

[stellar]  n=2000000
  4/pi: real=0.1000  chaos=0.0996  synth=0.0996  delta=+0.0004
  5/pi: real=0.1001  chaos=0.1004  synth=0.1002  delta=-0.0003
  6/pi: real=0.1005  chaos=0.1003  synth=0.0999  delta=+0.0002
  7/pi: real=0.1000  chaos=0.0990  synth=0.0997  delta=+0.0010
  8/pi: real=0.1000  chaos=0.0996  synth=0.0996  delta=+0.0004
  9/pi: real=0.1001  chaos=0.0990  synth=0.1002  delta=+0.0011
  10/pi: real=0.1002  chaos=0.0990  synth=0.1000  delta=+0.0012
  11/pi: real=0.0999  chaos=0.0995  synth=0.0997  delta=+0.0004
  12/pi: real=0.1005  chaos=0.0984  synth=0.0997  delta=+0.0021
  13/pi: real=0.0998  chaos=0.0997  synth=0.0998  delta=+0.0001
  14/pi: real=0.0997  chaos=0.0991  synth=0.0998  delta=+0.0006
  15/pi: real=0.1002  chaos=0.1018  synth=0.0999  delta=-0.0017
  16/pi: real=0.0998  chaos=0.0997  synth=0.1000  delta=+0.0000
  17/pi: real=0.0996  chaos=0.1010  synth=0.1000  delta=-0.0014
  18/pi: real=0.1001  chaos=0.0966  synth=0.1001  delta=+0.0035
  19/pi: real=0.1000  chaos=0.1019  synth=0.1002  delta=-0.0018
  20/pi: real=0.0999  chaos=0.1019  synth=0.0999  delta=-0.0020
  21/pi: real=0.1004  chaos=0.1010  synth=0.1000  delta=-0.0006
  22/pi: real=0.0997  chaos=0.0996  synth=0.0999  delta=+0.0001
  23/pi: real=0.0999  chaos=0.0970  synth=0.1000  delta=+0.0028
  24/pi: real=0.1000  chaos=0.0960  synth=0.0998  delta=+0.0040
  25/pi: real=0.1002  chaos=0.1065  synth=0.0999  delta=-0.0063
  26/pi: real=0.0995  chaos=0.1032  synth=0.1001  delta=-0.0037
  -> chaos_null_stellar.jsonl
  -> scramble_null_stellar.jsonl
  -> synthetic_null_stellar.jsonl

[stellar_age]  n=2052
  4/pi: real=0.0926  chaos=0.0921  synth=0.0897  delta=+0.0005
  5/pi: real=0.1014  chaos=0.0926  synth=0.0999  delta=+0.0088 ** above chaos **
  6/pi: real=0.0989  chaos=0.1160  synth=0.0902  delta=-0.0171
  7/pi: real=0.1150  chaos=0.1023  synth=0.1023  delta=+0.0127 ** above chaos **
  8/pi: real=0.1062  chaos=0.0931  synth=0.0902  delta=+0.0132 ** above chaos **
  9/pi: real=0.1019  chaos=0.1126  synth=0.0902  delta=-0.0107
  10/pi: real=0.1053  chaos=0.0921  synth=0.0965  delta=+0.0132 ** above chaos **
  11/pi: real=0.1067  chaos=0.0975  synth=0.1033  delta=+0.0093 ** above chaos **
  12/pi: real=0.1101  chaos=0.1096  synth=0.1019  delta=+0.0005
  13/pi: real=0.0848  chaos=0.1014  synth=0.1038  delta=-0.0166
  14/pi: real=0.1028  chaos=0.1033  synth=0.1058  delta=-0.0005
  15/pi: real=0.1019  chaos=0.1072  synth=0.0989  delta=-0.0054
  16/pi: real=0.1179  chaos=0.1023  synth=0.1009  delta=+0.0156 ** above chaos **
  17/pi: real=0.1053  chaos=0.0965  synth=0.1009  delta=+0.0088 ** above chaos **
  18/pi: real=0.1082  chaos=0.1179  synth=0.0916  delta=-0.0097
  19/pi: real=0.0902  chaos=0.1048  synth=0.1048  delta=-0.0146
  20/pi: real=0.1053  chaos=0.1038  synth=0.0989  delta=+0.0015
  21/pi: real=0.1160  chaos=0.0994  synth=0.0906  delta=+0.0166 ** above chaos **
  22/pi: real=0.1048  chaos=0.0945  synth=0.1043  delta=+0.0102 ** above chaos **
  23/pi: real=0.1092  chaos=0.1126  synth=0.0970  delta=-0.0034
  24/pi: real=0.1009  chaos=0.0945  synth=0.1004  delta=+0.0063 ** above chaos **
  25/pi: real=0.0926  chaos=0.0897  synth=0.1038  delta=+0.0029
  26/pi: real=0.0877  chaos=0.1043  synth=0.1028  delta=-0.0166
  -> chaos_null_stellar_age.jsonl
  -> scramble_null_stellar_age.jsonl
  -> synthetic_null_stellar_age.jsonl

[stellar_bfield]  n=2052
  4/pi: real=0.0989  chaos=0.0931  synth=0.1096  delta=+0.0058 ** above chaos **
  5/pi: real=0.0984  chaos=0.0970  synth=0.0989  delta=+0.0015
  6/pi: real=0.1145  chaos=0.1019  synth=0.1092  delta=+0.0127 ** above chaos **
  7/pi: real=0.1053  chaos=0.1033  synth=0.1082  delta=+0.0019
  8/pi: real=0.0999  chaos=0.1053  synth=0.1058  delta=-0.0054
  9/pi: real=0.1062  chaos=0.0960  synth=0.0872  delta=+0.0102 ** above chaos **
  10/pi: real=0.0936  chaos=0.1019  synth=0.0931  delta=-0.0083
  11/pi: real=0.1077  chaos=0.1121  synth=0.0945  delta=-0.0044
  12/pi: real=0.1101  chaos=0.1067  synth=0.1067  delta=+0.0034
  13/pi: real=0.1023  chaos=0.1043  synth=0.1033  delta=-0.0019
  14/pi: real=0.1028  chaos=0.0897  synth=0.1048  delta=+0.0132 ** above chaos **
  15/pi: real=0.0984  chaos=0.1019  synth=0.0848  delta=-0.0034
  16/pi: real=0.1028  chaos=0.1033  synth=0.1126  delta=-0.0005
  17/pi: real=0.0994  chaos=0.0926  synth=0.1067  delta=+0.0068 ** above chaos **
  18/pi: real=0.1004  chaos=0.1038  synth=0.0984  delta=-0.0034
  19/pi: real=0.0965  chaos=0.1019  synth=0.0955  delta=-0.0054
  20/pi: real=0.0945  chaos=0.1019  synth=0.0921  delta=-0.0073
  21/pi: real=0.1170  chaos=0.0950  synth=0.0999  delta=+0.0219 ** above chaos **
  22/pi: real=0.1058  chaos=0.1058  synth=0.0975  delta=+0.0000
  23/pi: real=0.0965  chaos=0.0960  synth=0.1033  delta=+0.0005
  24/pi: real=0.0975  chaos=0.1126  synth=0.0960  delta=-0.0151
  25/pi: real=0.0892  chaos=0.1004  synth=0.0882  delta=-0.0112
  26/pi: real=0.1058  chaos=0.0994  synth=0.0975  delta=+0.0063 ** above chaos **
  -> chaos_null_stellar_bfield.jsonl
  -> scramble_null_stellar_bfield.jsonl
  -> synthetic_null_stellar_bfield.jsonl

[stellar_colour]  n=1979697
  4/pi: real=0.0999  chaos=0.0993  synth=0.0997  delta=+0.0007
  5/pi: real=0.1001  chaos=0.0984  synth=0.0998  delta=+0.0017
  6/pi: real=0.1002  chaos=0.0994  synth=0.1000  delta=+0.0008
  7/pi: real=0.0990  chaos=0.0943  synth=0.1001  delta=+0.0047
  8/pi: real=0.0997  chaos=0.0992  synth=0.1001  delta=+0.0005
  9/pi: real=0.0977  chaos=0.0933  synth=0.0995  delta=+0.0043
  10/pi: real=0.1050  chaos=0.0931  synth=0.0998  delta=+0.0118 ** above chaos **
  11/pi: real=0.0985  chaos=0.0914  synth=0.1001  delta=+0.0071 ** above chaos **
  12/pi: real=0.1015  chaos=0.0968  synth=0.0996  delta=+0.0047
  13/pi: real=0.0908  chaos=0.0947  synth=0.1001  delta=-0.0039
  14/pi: real=0.0953  chaos=0.0872  synth=0.1004  delta=+0.0081 ** above chaos **
  15/pi: real=0.1096  chaos=0.0936  synth=0.1000  delta=+0.0160 ** above chaos **
  16/pi: real=0.1071  chaos=0.0949  synth=0.1000  delta=+0.0122 ** above chaos **
  17/pi: real=0.1041  chaos=0.0881  synth=0.1000  delta=+0.0160 ** above chaos **
  18/pi: real=0.1077  chaos=0.0934  synth=0.0991  delta=+0.0142 ** above chaos **
  19/pi: real=0.1111  chaos=0.0984  synth=0.1001  delta=+0.0126 ** above chaos **
  20/pi: real=0.1087  chaos=0.0828  synth=0.1010  delta=+0.0258 ** above chaos **
  21/pi: real=0.0914  chaos=0.0875  synth=0.1022  delta=+0.0039
  22/pi: real=0.0753  chaos=0.0915  synth=0.1025  delta=-0.0161
  23/pi: real=0.0676  chaos=0.0954  synth=0.1024  delta=-0.0279
  24/pi: real=0.0646  chaos=0.0908  synth=0.1003  delta=-0.0263
  25/pi: real=0.0638  chaos=0.0776  synth=0.0972  delta=-0.0139
  26/pi: real=0.0677  chaos=0.0810  synth=0.0933  delta=-0.0133
  -> chaos_null_stellar_colour.jsonl
  -> scramble_null_stellar_colour.jsonl
  -> synthetic_null_stellar_colour.jsonl

[stellar_cycle]  n=29
  4/pi: real=0.3793  chaos=0.0345  synth=0.0345  delta=+0.3448 ** above chaos **
  5/pi: real=0.3793  chaos=0.0690  synth=0.1379  delta=+0.3103 ** above chaos **
  6/pi: real=0.0000  chaos=0.0690  synth=0.1034  delta=-0.0690
  7/pi: real=0.0690  chaos=0.0690  synth=0.0690  delta=+0.0000
  8/pi: real=0.3793  chaos=0.1379  synth=0.0690  delta=+0.2414 ** above chaos **
  9/pi: real=0.0000  chaos=0.0345  synth=0.0000  delta=-0.0345
  10/pi: real=0.3103  chaos=0.1379  synth=0.1034  delta=+0.1724 ** above chaos **
  11/pi: real=0.0345  chaos=0.0345  synth=0.0690  delta=+0.0000
  12/pi: real=0.3448  chaos=0.0690  synth=0.1034  delta=+0.2759 ** above chaos **
  13/pi: real=0.0000  chaos=0.0345  synth=0.1379  delta=-0.0345
  14/pi: real=0.0690  chaos=0.0690  synth=0.1034  delta=+0.0000
  15/pi: real=0.0690  chaos=0.0690  synth=0.1379  delta=+0.0000
  16/pi: real=0.3103  chaos=0.0690  synth=0.1034  delta=+0.2414 ** above chaos **
  17/pi: real=0.0000  chaos=0.1379  synth=0.1034  delta=-0.1379
  18/pi: real=0.0345  chaos=0.0345  synth=0.0690  delta=+0.0000
  19/pi: real=0.3103  chaos=0.2069  synth=0.0345  delta=+0.1034 ** above chaos **
  20/pi: real=0.3103  chaos=0.2069  synth=0.0690  delta=+0.1034 ** above chaos **
  21/pi: real=0.0000  chaos=0.0690  synth=0.0345  delta=-0.0690
  22/pi: real=0.1034  chaos=0.0000  synth=0.0690  delta=+0.1034 ** above chaos **
  23/pi: real=0.0690  chaos=0.1379  synth=0.1379  delta=-0.0690
  24/pi: real=0.3103  chaos=0.1379  synth=0.1034  delta=+0.1724 ** above chaos **
  25/pi: real=0.0690  chaos=0.0690  synth=0.0345  delta=+0.0000
  26/pi: real=0.0000  chaos=0.1379  synth=0.2069  delta=-0.1379
  -> chaos_null_stellar_cycle.jsonl
  -> scramble_null_stellar_cycle.jsonl
  -> synthetic_null_stellar_cycle.jsonl

[stellar_dm]  n=2457
  4/pi: real=0.1070  chaos=0.1042  synth=0.0924  delta=+0.0028
  5/pi: real=0.1001  chaos=0.1026  synth=0.0948  delta=-0.0024
  6/pi: real=0.1058  chaos=0.1001  synth=0.0965  delta=+0.0057 ** above chaos **
  7/pi: real=0.1034  chaos=0.0993  synth=0.0969  delta=+0.0041
  8/pi: real=0.1058  chaos=0.1079  synth=0.0924  delta=-0.0020
  9/pi: real=0.0989  chaos=0.1079  synth=0.0952  delta=-0.0090
  10/pi: real=0.1058  chaos=0.1013  synth=0.0940  delta=+0.0045
  11/pi: real=0.1038  chaos=0.1042  synth=0.1013  delta=-0.0004
  12/pi: real=0.0883  chaos=0.1107  synth=0.0948  delta=-0.0224
  13/pi: real=0.0997  chaos=0.1001  synth=0.0924  delta=-0.0004
  14/pi: real=0.1140  chaos=0.0928  synth=0.1066  delta=+0.0212 ** above chaos **
  15/pi: real=0.1107  chaos=0.0961  synth=0.0895  delta=+0.0147 ** above chaos **
  16/pi: real=0.1087  chaos=0.1095  synth=0.1009  delta=-0.0008
  17/pi: real=0.0916  chaos=0.0891  synth=0.0940  delta=+0.0024
  18/pi: real=0.0916  chaos=0.1046  synth=0.0863  delta=-0.0130
  19/pi: real=0.0977  chaos=0.0908  synth=0.1079  delta=+0.0069 ** above chaos **
  20/pi: real=0.1005  chaos=0.1160  synth=0.0932  delta=-0.0155
  21/pi: real=0.1034  chaos=0.1001  synth=0.0936  delta=+0.0033
  22/pi: real=0.1022  chaos=0.0973  synth=0.1013  delta=+0.0049
  23/pi: real=0.1131  chaos=0.1115  synth=0.0895  delta=+0.0016
  24/pi: real=0.0948  chaos=0.1144  synth=0.0961  delta=-0.0195
  25/pi: real=0.1042  chaos=0.0891  synth=0.1074  delta=+0.0151 ** above chaos **
  26/pi: real=0.0940  chaos=0.1005  synth=0.1030  delta=-0.0065
  -> chaos_null_stellar_dm.jsonl
  -> scramble_null_stellar_dm.jsonl
  -> synthetic_null_stellar_dm.jsonl

[stellar_kinematic]  n=1808145
  4/pi: real=0.0828  chaos=0.0989  synth=0.0852  delta=-0.0161
  5/pi: real=0.0812  chaos=0.0993  synth=0.0845  delta=-0.0181
  6/pi: real=0.0802  chaos=0.0992  synth=0.0810  delta=-0.0190
  7/pi: real=0.0783  chaos=0.0985  synth=0.0809  delta=-0.0203
  8/pi: real=0.0781  chaos=0.0988  synth=0.0849  delta=-0.0207
  9/pi: real=0.0770  chaos=0.0984  synth=0.0808  delta=-0.0214
  10/pi: real=0.0759  chaos=0.0981  synth=0.0842  delta=-0.0222
  11/pi: real=0.0754  chaos=0.0998  synth=0.0802  delta=-0.0245
  12/pi: real=0.0742  chaos=0.0973  synth=0.0804  delta=-0.0231
  13/pi: real=0.0732  chaos=0.0976  synth=0.0801  delta=-0.0244
  14/pi: real=0.0724  chaos=0.0960  synth=0.0796  delta=-0.0236
  15/pi: real=0.0725  chaos=0.0983  synth=0.0797  delta=-0.0257
  16/pi: real=0.0714  chaos=0.0979  synth=0.0836  delta=-0.0265
  17/pi: real=0.0706  chaos=0.0958  synth=0.0793  delta=-0.0252
  18/pi: real=0.0703  chaos=0.0956  synth=0.0797  delta=-0.0253
  19/pi: real=0.0693  chaos=0.0947  synth=0.0789  delta=-0.0254
  20/pi: real=0.0695  chaos=0.0965  synth=0.0827  delta=-0.0270
  21/pi: real=0.0694  chaos=0.0984  synth=0.0788  delta=-0.0290
  22/pi: real=0.0682  chaos=0.0962  synth=0.0785  delta=-0.0280
  23/pi: real=0.0670  chaos=0.0934  synth=0.0782  delta=-0.0264
  24/pi: real=0.0677  chaos=0.0977  synth=0.0784  delta=-0.0300
  25/pi: real=0.0664  chaos=0.0937  synth=0.0777  delta=-0.0273
  26/pi: real=0.0669  chaos=0.0973  synth=0.0778  delta=-0.0303
  -> chaos_null_stellar_kinematic.jsonl
  -> scramble_null_stellar_kinematic.jsonl
  -> synthetic_null_stellar_kinematic.jsonl

[stellar_rotation_kepler]  n=64784
  4/pi: real=0.1010  chaos=0.1015  synth=0.0933  delta=-0.0005
  5/pi: real=0.0999  chaos=0.1006  synth=0.0932  delta=-0.0008
  6/pi: real=0.1029  chaos=0.0984  synth=0.0946  delta=+0.0045
  7/pi: real=0.1007  chaos=0.0990  synth=0.0961  delta=+0.0017
  8/pi: real=0.0997  chaos=0.0971  synth=0.0933  delta=+0.0026
  9/pi: real=0.0999  chaos=0.0993  synth=0.0944  delta=+0.0005
  10/pi: real=0.0987  chaos=0.0998  synth=0.0942  delta=-0.0010
  11/pi: real=0.0974  chaos=0.1008  synth=0.0930  delta=-0.0034
  12/pi: real=0.1023  chaos=0.1012  synth=0.0955  delta=+0.0011
  13/pi: real=0.1044  chaos=0.1026  synth=0.0942  delta=+0.0018
  14/pi: real=0.1022  chaos=0.1057  synth=0.0957  delta=-0.0036
  15/pi: real=0.0981  chaos=0.1012  synth=0.0950  delta=-0.0031
  16/pi: real=0.0992  chaos=0.1006  synth=0.0943  delta=-0.0014
  17/pi: real=0.1029  chaos=0.0981  synth=0.0943  delta=+0.0049
  18/pi: real=0.0987  chaos=0.0983  synth=0.1498  delta=+0.0004
  19/pi: real=0.0987  chaos=0.1007  synth=0.0950  delta=-0.0020
  20/pi: real=0.0962  chaos=0.0951  synth=0.0923  delta=+0.0011
  21/pi: real=0.0983  chaos=0.1014  synth=0.0958  delta=-0.0031
  22/pi: real=0.0930  chaos=0.0988  synth=0.1489  delta=-0.0058
  23/pi: real=0.1048  chaos=0.0958  synth=0.0939  delta=+0.0090 ** above chaos **
  24/pi: real=0.1003  chaos=0.1007  synth=0.0978  delta=-0.0003
  25/pi: real=0.0910  chaos=0.0927  synth=0.0916  delta=-0.0017
  26/pi: real=0.1026  chaos=0.0963  synth=0.0943  delta=+0.0063 ** above chaos **
  -> chaos_null_stellar_rotation_kepler.jsonl
  -> scramble_null_stellar_rotation_kepler.jsonl
  -> synthetic_null_stellar_rotation_kepler.jsonl

[stellar_rotation_pulsar]  n=2527
  4/pi: real=0.0973  chaos=0.0962  synth=0.0985  delta=+0.0012
  5/pi: real=0.0970  chaos=0.0966  synth=0.0970  delta=+0.0004
  6/pi: real=0.1049  chaos=0.1088  synth=0.0950  delta=-0.0040
  7/pi: real=0.0934  chaos=0.1029  synth=0.1258  delta=-0.0095
  8/pi: real=0.0851  chaos=0.1084  synth=0.0989  delta=-0.0233
  9/pi: real=0.0942  chaos=0.0989  synth=0.1005  delta=-0.0047
  10/pi: real=0.1009  chaos=0.1001  synth=0.1001  delta=+0.0008
  11/pi: real=0.0977  chaos=0.0985  synth=0.0958  delta=-0.0008
  12/pi: real=0.1005  chaos=0.1076  synth=0.0997  delta=-0.0071
  13/pi: real=0.1045  chaos=0.0973  synth=0.0926  delta=+0.0071 ** above chaos **
  14/pi: real=0.1076  chaos=0.0985  synth=0.1203  delta=+0.0091 ** above chaos **
  15/pi: real=0.0954  chaos=0.0890  synth=0.0973  delta=+0.0063 ** above chaos **
  16/pi: real=0.0843  chaos=0.1072  synth=0.0950  delta=-0.0230
  17/pi: real=0.0962  chaos=0.0993  synth=0.0922  delta=-0.0032
  18/pi: real=0.1065  chaos=0.0981  synth=0.0977  delta=+0.0083 ** above chaos **
  19/pi: real=0.0898  chaos=0.0930  synth=0.0934  delta=-0.0032
  20/pi: real=0.0922  chaos=0.0855  synth=0.1029  delta=+0.0067 ** above chaos **
  21/pi: real=0.1033  chaos=0.1049  synth=0.1009  delta=-0.0016
  22/pi: real=0.1041  chaos=0.1076  synth=0.0962  delta=-0.0036
  23/pi: real=0.0989  chaos=0.0973  synth=0.0930  delta=+0.0016
  24/pi: real=0.1049  chaos=0.1088  synth=0.0962  delta=-0.0040
  25/pi: real=0.0934  chaos=0.1021  synth=0.0981  delta=-0.0087
  26/pi: real=0.0918  chaos=0.1112  synth=0.1001  delta=-0.0194
  -> chaos_null_stellar_rotation_pulsar.jsonl
  -> scramble_null_stellar_rotation_pulsar.jsonl
  -> synthetic_null_stellar_rotation_pulsar.jsonl

[stellar_spindown]  n=2052
  4/pi: real=0.0000  chaos=0.0000  synth=0.0000  delta=+0.0000
  5/pi: real=0.0000  chaos=0.0000  synth=0.0000  delta=+0.0000
  6/pi: real=0.0000  chaos=0.0000  synth=0.0000  delta=+0.0000
  7/pi: real=0.0000  chaos=0.0000  synth=0.0000  delta=+0.0000
  8/pi: real=0.0000  chaos=0.0000  synth=0.0000  delta=+0.0000
  9/pi: real=0.0000  chaos=0.0000  synth=0.0000  delta=+0.0000
  10/pi: real=0.0000  chaos=0.0000  synth=0.0000  delta=+0.0000
  11/pi: real=0.0000  chaos=0.0000  synth=0.0000  delta=+0.0000
  12/pi: real=0.0000  chaos=0.0000  synth=0.0000  delta=+0.0000
  13/pi: real=0.0000  chaos=0.0000  synth=0.0000  delta=+0.0000
  14/pi: real=0.0000  chaos=0.0000  synth=0.0000  delta=+0.0000
  15/pi: real=0.0000  chaos=0.0000  synth=0.0000  delta=+0.0000
  16/pi: real=0.0000  chaos=0.0000  synth=0.0000  delta=+0.0000
  17/pi: real=0.0000  chaos=0.0000  synth=0.0000  delta=+0.0000
  18/pi: real=0.0000  chaos=0.0000  synth=0.0000  delta=+0.0000
  19/pi: real=0.0000  chaos=0.0000  synth=0.0000  delta=+0.0000
  20/pi: real=0.0000  chaos=0.0000  synth=0.0000  delta=+0.0000
  21/pi: real=0.0000  chaos=0.0000  synth=0.0000  delta=+0.0000
  22/pi: real=0.0000  chaos=0.0000  synth=0.0000  delta=+0.0000
  23/pi: real=0.0000  chaos=0.0000  synth=0.0000  delta=+0.0000
  24/pi: real=0.0000  chaos=0.0000  synth=0.0000  delta=+0.0000
  25/pi: real=0.0000  chaos=0.0000  synth=0.0000  delta=+0.0000
  26/pi: real=0.0000  chaos=0.0000  synth=0.0000  delta=+0.0000
  -> chaos_null_stellar_spindown.jsonl
  -> scramble_null_stellar_spindown.jsonl
  -> synthetic_null_stellar_spindown.jsonl

[stellar_wrongbox]  n=2527
  4/pi: real=0.0123  chaos=0.0993  synth=0.0431  delta=-0.0871
  5/pi: real=0.0154  chaos=0.0950  synth=0.0419  delta=-0.0795
  6/pi: real=0.0091  chaos=0.0985  synth=0.0313  delta=-0.0894
  7/pi: real=0.0087  chaos=0.0843  synth=0.0253  delta=-0.0756
  8/pi: real=0.0146  chaos=0.0950  synth=0.0186  delta=-0.0803
  9/pi: real=0.0146  chaos=0.0657  synth=0.0166  delta=-0.0510
  10/pi: real=0.0123  chaos=0.0902  synth=0.0107  delta=-0.0780
  11/pi: real=0.0170  chaos=0.0926  synth=0.0063  delta=-0.0756
  12/pi: real=0.0103  chaos=0.1005  synth=0.0024  delta=-0.0902
  13/pi: real=0.0131  chaos=0.0582  synth=0.0012  delta=-0.0451
  14/pi: real=0.0075  chaos=0.0578  synth=0.0012  delta=-0.0503
  15/pi: real=0.0079  chaos=0.0522  synth=0.0004  delta=-0.0443
  16/pi: real=0.0075  chaos=0.0637  synth=0.0000  delta=-0.0562
  17/pi: real=0.0067  chaos=0.0645  synth=0.0000  delta=-0.0578
  18/pi: real=0.0055  chaos=0.0689  synth=0.0000  delta=-0.0633
  19/pi: real=0.0028  chaos=0.0728  synth=0.0000  delta=-0.0700
  20/pi: real=0.0016  chaos=0.0811  synth=0.0000  delta=-0.0795
  21/pi: real=0.0040  chaos=0.0831  synth=0.0000  delta=-0.0791
  22/pi: real=0.0036  chaos=0.0879  synth=0.0000  delta=-0.0843
  23/pi: real=0.0012  chaos=0.0859  synth=0.0000  delta=-0.0847
  24/pi: real=0.0008  chaos=0.0950  synth=0.0000  delta=-0.0942
  25/pi: real=0.0004  chaos=0.0562  synth=0.0000  delta=-0.0558
  26/pi: real=0.0004  chaos=0.0154  synth=0.0000  delta=-0.0150
  -> chaos_null_stellar_wrongbox.jsonl
  -> scramble_null_stellar_wrongbox.jsonl
  -> synthetic_null_stellar_wrongbox.jsonl

[subnuclear_eta]  n=100000
  4/pi: real=0.0970  chaos=0.0994  synth=0.0924  delta=-0.0025
  5/pi: real=0.1000  chaos=0.0971  synth=0.0942  delta=+0.0029
  6/pi: real=0.0997  chaos=0.0941  synth=0.0931  delta=+0.0056 ** above chaos **
  7/pi: real=0.0955  chaos=0.0994  synth=0.0962  delta=-0.0038
  8/pi: real=0.1048  chaos=0.0982  synth=0.0932  delta=+0.0066 ** above chaos **
  9/pi: real=0.0867  chaos=0.0955  synth=0.0939  delta=-0.0089
  10/pi: real=0.0991  chaos=0.0881  synth=0.0917  delta=+0.0110 ** above chaos **
  11/pi: real=0.1036  chaos=0.0984  synth=0.0956  delta=+0.0051 ** above chaos **
  12/pi: real=0.0893  chaos=0.0840  synth=0.0896  delta=+0.0053 ** above chaos **
  13/pi: real=0.1062  chaos=0.0912  synth=0.0937  delta=+0.0150 ** above chaos **
  14/pi: real=0.0941  chaos=0.0985  synth=0.1491  delta=-0.0044
  15/pi: real=0.0817  chaos=0.0798  synth=0.0907  delta=+0.0019
  16/pi: real=0.0964  chaos=0.0839  synth=0.0909  delta=+0.0125 ** above chaos **
  17/pi: real=0.1061  chaos=0.0885  synth=0.0950  delta=+0.0177 ** above chaos **
  18/pi: real=0.1029  chaos=0.0951  synth=0.0957  delta=+0.0078 ** above chaos **
  19/pi: real=0.0963  chaos=0.0767  synth=0.1402  delta=+0.0196 ** above chaos **
  20/pi: real=0.0955  chaos=0.0710  synth=0.0857  delta=+0.0245 ** above chaos **
  21/pi: real=0.0988  chaos=0.0755  synth=0.0895  delta=+0.0232 ** above chaos **
  22/pi: real=0.0888  chaos=0.0796  synth=0.0920  delta=+0.0092 ** above chaos **
  23/pi: real=0.0799  chaos=0.0793  synth=0.0939  delta=+0.0005
  24/pi: real=0.0867  chaos=0.0833  synth=0.0938  delta=+0.0034
  25/pi: real=0.0908  chaos=0.0880  synth=0.0947  delta=+0.0028
  26/pi: real=0.0879  chaos=0.0922  synth=0.0950  delta=-0.0043
  -> chaos_null_subnuclear_eta.jsonl
  -> scramble_null_subnuclear_eta.jsonl
  -> synthetic_null_subnuclear_eta.jsonl

[subnuclear_mass]  n=100000
  4/pi: real=0.0917  chaos=0.0999  synth=0.1125  delta=-0.0082
  5/pi: real=0.1182  chaos=0.0994  synth=0.0993  delta=+0.0189 ** above chaos **
  6/pi: real=0.1032  chaos=0.0992  synth=0.1110  delta=+0.0040
  7/pi: real=0.0974  chaos=0.0997  synth=0.0980  delta=-0.0023
  8/pi: real=0.0961  chaos=0.1009  synth=0.0982  delta=-0.0048
  9/pi: real=0.0966  chaos=0.0998  synth=0.0987  delta=-0.0032
  10/pi: real=0.0985  chaos=0.0994  synth=0.0972  delta=-0.0009
  11/pi: real=0.1235  chaos=0.0983  synth=0.0973  delta=+0.0252 ** above chaos **
  12/pi: real=0.0969  chaos=0.1010  synth=0.1095  delta=-0.0042
  13/pi: real=0.1527  chaos=0.1039  synth=0.1023  delta=+0.0487 ** above chaos **
  14/pi: real=0.1101  chaos=0.1004  synth=0.0979  delta=+0.0097 ** above chaos **
  15/pi: real=0.1041  chaos=0.0999  synth=0.0993  delta=+0.0042
  16/pi: real=0.1157  chaos=0.1002  synth=0.0966  delta=+0.0155 ** above chaos **
  17/pi: real=0.0827  chaos=0.1001  synth=0.0979  delta=-0.0174
  18/pi: real=0.1042  chaos=0.1013  synth=0.0981  delta=+0.0030
  19/pi: real=0.1132  chaos=0.0973  synth=0.0984  delta=+0.0159 ** above chaos **
  20/pi: real=0.0839  chaos=0.1043  synth=0.0988  delta=-0.0204
  21/pi: real=0.1103  chaos=0.1011  synth=0.1003  delta=+0.0092 ** above chaos **
  22/pi: real=0.1530  chaos=0.1023  synth=0.0975  delta=+0.0506 ** above chaos **
  23/pi: real=0.0916  chaos=0.1008  synth=0.0993  delta=-0.0092
  24/pi: real=0.0865  chaos=0.1003  synth=0.0976  delta=-0.0138
  25/pi: real=0.0811  chaos=0.0997  synth=0.0979  delta=-0.0186
  26/pi: real=0.1020  chaos=0.1041  synth=0.0995  delta=-0.0021
  -> chaos_null_subnuclear_mass.jsonl
  -> scramble_null_subnuclear_mass.jsonl
  -> synthetic_null_subnuclear_mass.jsonl

[subnuclear_pt_lead]  n=100000
  4/pi: real=0.1015  chaos=0.1001  synth=0.1008  delta=+0.0014
  5/pi: real=0.1010  chaos=0.0991  synth=0.1013  delta=+0.0019
  6/pi: real=0.0993  chaos=0.1007  synth=0.0989  delta=-0.0014
  7/pi: real=0.1036  chaos=0.1027  synth=0.0980  delta=+0.0009
  8/pi: real=0.0984  chaos=0.1008  synth=0.0984  delta=-0.0024
  9/pi: real=0.0948  chaos=0.0977  synth=0.0975  delta=-0.0029
  10/pi: real=0.0958  chaos=0.0986  synth=0.0996  delta=-0.0029
  11/pi: real=0.0992  chaos=0.0980  synth=0.1004  delta=+0.0012
  12/pi: real=0.0946  chaos=0.0993  synth=0.0989  delta=-0.0047
  13/pi: real=0.1109  chaos=0.1048  synth=0.1000  delta=+0.0061 ** above chaos **
  14/pi: real=0.0969  chaos=0.1029  synth=0.0982  delta=-0.0060
  15/pi: real=0.1043  chaos=0.1005  synth=0.0993  delta=+0.0038
  16/pi: real=0.1052  chaos=0.1046  synth=0.0983  delta=+0.0006
  17/pi: real=0.0953  chaos=0.1028  synth=0.0994  delta=-0.0075
  18/pi: real=0.0921  chaos=0.1011  synth=0.1001  delta=-0.0090
  19/pi: real=0.1082  chaos=0.1017  synth=0.0999  delta=+0.0066 ** above chaos **
  20/pi: real=0.0996  chaos=0.0996  synth=0.0984  delta=+0.0000
  21/pi: real=0.1027  chaos=0.1023  synth=0.1001  delta=+0.0004
  22/pi: real=0.0940  chaos=0.1000  synth=0.0999  delta=-0.0060
  23/pi: real=0.0980  chaos=0.0964  synth=0.1004  delta=+0.0016
  24/pi: real=0.0886  chaos=0.0999  synth=0.0990  delta=-0.0113
  25/pi: real=0.1099  chaos=0.0952  synth=0.1008  delta=+0.0148 ** above chaos **
  26/pi: real=0.1157  chaos=0.0987  synth=0.1004  delta=+0.0169 ** above chaos **
  -> chaos_null_subnuclear_pt_lead.jsonl
  -> scramble_null_subnuclear_pt_lead.jsonl
  -> synthetic_null_subnuclear_pt_lead.jsonl

[subnuclear_pt_sublead]  n=100000
  4/pi: real=0.0994  chaos=0.0997  synth=0.1019  delta=-0.0002
  5/pi: real=0.1017  chaos=0.1017  synth=0.0990  delta=+0.0000
  6/pi: real=0.0975  chaos=0.0988  synth=0.1037  delta=-0.0014
  7/pi: real=0.1047  chaos=0.0987  synth=0.0992  delta=+0.0061 ** above chaos **
  8/pi: real=0.0952  chaos=0.1007  synth=0.1039  delta=-0.0054
  9/pi: real=0.0976  chaos=0.0998  synth=0.0993  delta=-0.0023
  10/pi: real=0.0981  chaos=0.1034  synth=0.0995  delta=-0.0053
  11/pi: real=0.1031  chaos=0.0988  synth=0.1001  delta=+0.0042
  12/pi: real=0.0932  chaos=0.0989  synth=0.1041  delta=-0.0057
  13/pi: real=0.1093  chaos=0.1025  synth=0.0998  delta=+0.0068 ** above chaos **
  14/pi: real=0.0981  chaos=0.1004  synth=0.0988  delta=-0.0023
  15/pi: real=0.1055  chaos=0.1024  synth=0.1012  delta=+0.0031
  16/pi: real=0.1037  chaos=0.1024  synth=0.0994  delta=+0.0013
  17/pi: real=0.0942  chaos=0.1012  synth=0.0997  delta=-0.0069
  18/pi: real=0.0934  chaos=0.0993  synth=0.1005  delta=-0.0059
  19/pi: real=0.1131  chaos=0.0995  synth=0.0974  delta=+0.0136 ** above chaos **
  20/pi: real=0.1024  chaos=0.0983  synth=0.1002  delta=+0.0041
  21/pi: real=0.1000  chaos=0.0937  synth=0.0997  delta=+0.0063 ** above chaos **
  22/pi: real=0.0887  chaos=0.0996  synth=0.0995  delta=-0.0110
  23/pi: real=0.0935  chaos=0.0937  synth=0.1033  delta=-0.0002
  24/pi: real=0.0870  chaos=0.1020  synth=0.1032  delta=-0.0150
  25/pi: real=0.1149  chaos=0.1007  synth=0.1013  delta=+0.0142 ** above chaos **
  26/pi: real=0.1196  chaos=0.1068  synth=0.0990  delta=+0.0128 ** above chaos **
  -> chaos_null_subnuclear_pt_sublead.jsonl
  -> scramble_null_subnuclear_pt_sublead.jsonl
  -> synthetic_null_subnuclear_pt_sublead.jsonl

All null lakes written to: C:\Users\timot\Downloads\Science\src\Unification\vol13\lakes\synthetic

Next steps:
  1. python engine/build_pinch_table.py

[2026-09-07 21:31:56 UTC] STAGE COMPLETE: chaos in 10m 51s

============================================================
[2026-09-07 21:31:56 UTC] STAGE: PINCH
Compute z-scores and cross-domain pinch table
============================================================
[harmonic_targets.json] Loaded 23 registers (N=4 to N=26), container=24, threshold=0.05

============================================================
  [MONITORING TIP] Open a new terminal and run:
  python engine/sidecar.py
  to view the live parallel crunching dashboard.
============================================================

Loading unified master: C:\Users\timot\Downloads\Science\src\Unification\vol13\lakes\unified\unified_master.jsonl
  Loading records into memory. Please wait...
    -> Parsed 587,670 records...
    -> Parsed 957,035 records...
    -> Parsed 1,240,983 records...
    -> Parsed 1,524,629 records...
    -> Parsed 1,808,616 records...
    -> Parsed 2,088,209 records...
    -> Parsed 2,370,916 records...
    -> Parsed 2,672,616 records...
    -> Parsed 2,999,203 records...
    -> Parsed 3,226,923 records...
    -> Parsed 3,458,757 records...
    -> Parsed 3,691,385 records...
    -> Parsed 3,922,411 records...
    -> Parsed 4,151,019 records...
    -> Parsed 4,377,102 records...
    -> Parsed 4,608,124 records...
    -> Parsed 4,860,651 records...
    -> Parsed 5,088,776 records...
    -> Parsed 5,329,150 records...
    -> Parsed 5,565,471 records...
    -> Parsed 5,804,900 records...
    -> Parsed 6,038,693 records...
    -> Parsed 6,277,125 records...
    -> Parsed 6,516,030 records...
    -> Parsed 6,756,706 records...
    -> Parsed 6,998,890 records...
    -> Parsed 7,241,866 records...
    -> Parsed 7,486,118 records...
    -> Parsed 7,730,697 records...
    -> Parsed 7,975,836 records...
    -> Parsed 8,219,087 records...
    -> Parsed 8,458,633 records...
    -> Parsed 8,692,937 records...
    -> Parsed 8,829,404 records...
    -> Parsed 8,967,959 records...
    -> Parsed 9,106,949 records...
    -> Parsed 9,242,755 records...
    -> Parsed 9,377,583 records...
    -> Parsed 9,512,474 records...
    -> Parsed 9,647,163 records...
    -> Parsed 9,784,789 records...
    -> Parsed 9,921,465 records...
    -> Parsed 10,059,295 records...
    -> Parsed 10,196,990 records...
    -> Parsed 10,334,764 records...
    -> Parsed 10,472,641 records...
    -> Parsed 10,610,495 records...

  Finished loading 10,729,664 total records.
  Compressing to 32-bit Numpy Arrays for Memory-Safe IPC...

Building pinch table in PARALLEL mode...

  Loading Chaos Nulls into memory...
  Finished loading Chaos Nulls.
  Loading Synthetic Nulls into memory...
  Finished loading Synthetic Nulls.
Total Combinations: 51,888 | Remaining: 51,888

Saved: C:\Users\timot\Downloads\Science\src\Unification\vol13\lakes\unified\pinch_table_cross_domain.json

===================================================================================================================
                                              CROSS-DOMAIN PINCH TABLE                                             
Moduli: 4/pi=1.2732  5/pi=1.5915  6/pi=1.9099  7/pi=2.2282  8/pi=2.5465  9/pi=2.8648  10/pi=3.1831  11/pi=3.5014  12/pi=3.8197  13/pi=4.1380  14/pi=4.4563  15/pi=4.7746  16/pi=5.0930  17/pi=5.4113  18/pi=5.7296  19/pi=6.0479  20/pi=6.3662  21/pi=6.6845  22/pi=7.0028  23/pi=7.3211  24/pi=7.6394  25/pi=7.9577  26/pi=8.2761
                                  dist_lock (1=perfect) | Winner + best chaos_delta per pairing                                   
===================================================================================================================
Domain                           atomic_ionisation                   biology_chirality                     cmb_anisotropy                        cosmology                         electron_beta                            frb                               galactic                         galactic_mass                      galactic_sersic                       geomagnetic                      gravitational_wave                  materials_wrongbox                    molecular_c60                      nuclear_binding                      nuclear_decay                    null_cosmology_null                       orbital                       orbital_eccentricity                orbital_inclination                     orbital_mass                       orbital_radius                     orbital_transit                       orbital_ttv                       orbital_wrongbox                       planetary                       planetary_atlantic                    planetary_gulf                     planetary_indian                   planetary_pacific              quantum_molecular_vibration             quantum_transitional                   seismic_japan                     seismic_reference                        stellar                           stellar_age                        stellar_bfield                      stellar_colour                      stellar_cycle                         stellar_dm                      stellar_kinematic                stellar_rotation_kepler             stellar_rotation_pulsar                 stellar_spindown                    stellar_wrongbox                     subnuclear_eta                     subnuclear_mass                    subnuclear_pt_lead                subnuclear_pt_sublead        
------------------------------------------------------------------------------------------------------------------------------------------------------------------------------------------------------------------------------------------------------------------------------------------------------------------------------------------------------------------------------------------------------------------------------------------------------------------------------------------------------------------------------------------------------------------------------------------------------------------------------------------------------------------------------------------------------------------------------------------------------------------------------------------------------------------------------------------------------------------------------------------------------------------------------------------------------------------------------------------------------------------------------------------------------------------------------------------------------------------------------------------------------------------------------------------------------------------------------------------------------------------------------------------------------------------------------------------------------------------------------------------------------------------------------------------------------------------------------------------------------------------------------------------------------------------------------------------------------------------------------------------------------------------------------------------------------------------------------------------------------------------------------------------------------------------------
atomic_ionisation                        -                      (0.982,0.975,0.956) d+0.023         (0.976,0.982,0.965) d+0.013         (0.986,0.980,0.972) d+0.025         (0.992,0.994,0.991) d+0.033         (0.986,0.989,0.989) d+0.006         (0.992,0.994,0.993) d+0.006         (0.992,0.994,0.991) d+0.002         (0.902,0.909,0.919) d+0.077         (0.981,0.971,0.982) d+0.003         (0.971,0.990,0.976) d+0.029         (0.991,0.994,0.991) d+0.004         (0.967,0.966,0.983) d+0.031         (0.975,0.923,0.913) d-0.002         (0.844,0.837,0.827) d-0.123         (0.992,0.992,0.973) d+0.015         (0.986,0.989,0.991) d+0.014         (0.878,0.858,0.834) d-0.047         (0.919,0.928,0.943) d-0.040         (0.733,0.717,0.702) d-0.233         (0.904,0.873,0.839) d-0.076         (0.992,0.992,0.993) d+0.022         (0.980,0.977,0.974) d+0.005         (0.984,0.986,0.988) d+0.009         (0.992,0.993,0.994) d+0.016         (0.880,0.916,0.927) d-0.041         (0.933,0.965,0.958) d-0.000         (0.942,0.957,0.962) d-0.001         (0.942,0.959,0.966) d-0.007         (0.973,0.979,0.986) d+0.022         (0.991,0.993,0.988) d+0.007         (0.827,0.819,0.811) d-0.149         (0.875,0.870,0.864) d-0.107         (0.992,0.994,0.991) d+0.004         (0.994,0.994,0.994) d+0.005         (0.990,0.992,0.993) d+0.004         (0.991,0.992,0.990) d+0.084         (0.831,0.890,0.951) d+0.026         (0.994,0.993,0.987) d+0.007         (0.851,0.842,0.834) d-0.126         (0.992,0.994,0.993) d+0.007         (0.988,0.993,0.994) d+0.005         (0.566,0.566,0.565) d+0.000         (0.605,0.602,0.598) d-0.189         (0.966,0.962,0.957) d+0.047         (0.988,0.986,0.990) d+0.010         (0.992,0.994,0.990) d+0.004         (0.991,0.994,0.990) d+0.006     
biology_chirality           (0.982,0.975,0.956) d+0.022                      -                      (0.983,0.984,0.977) d+0.032         (0.975,0.984,0.968) d+0.011         (0.984,0.977,0.961) d+0.030         (0.977,0.973,0.959) d+0.013         (0.983,0.976,0.959) d+0.010         (0.983,0.977,0.961) d+0.001         (0.896,0.898,0.918) d+0.081         (0.971,0.977,0.958) d-0.008         (0.968,0.979,0.962) d+0.038         (0.983,0.977,0.961) d+0.003         (0.958,0.953,0.946) d+0.037         (0.969,0.939,0.927) d+0.019         (0.846,0.830,0.841) d-0.108         (0.980,0.981,0.965) d+0.012         (0.980,0.978,0.961) d+0.019         (0.880,0.849,0.853) d-0.045         (0.916,0.928,0.926) d-0.034         (0.734,0.708,0.721) d-0.228         (0.906,0.862,0.862) d-0.070         (0.983,0.977,0.960) d+0.018         (0.979,0.975,0.960) d+0.009         (0.976,0.977,0.957) d+0.010         (0.983,0.978,0.954) d+0.013         (0.885,0.914,0.907) d-0.017         (0.939,0.966,0.926) d+0.009         (0.948,0.962,0.940) d+0.014         (0.948,0.966,0.943) d+0.011         (0.965,0.975,0.959) d+0.028         (0.983,0.978,0.962) d+0.009         (0.829,0.812,0.826) d-0.129         (0.877,0.865,0.872) d-0.087         (0.983,0.977,0.961) d+0.002         (0.983,0.976,0.959) d+0.008         (0.981,0.974,0.959) d+0.007         (0.983,0.977,0.961) d+0.083         (0.829,0.900,0.932) d-0.000         (0.982,0.979,0.963) d+0.012         (0.852,0.836,0.847) d-0.107         (0.983,0.977,0.959) d+0.007         (0.983,0.978,0.954) d+0.004         (0.569,0.564,0.572) d+0.000         (0.607,0.599,0.608) d-0.185         (0.963,0.955,0.947) d+0.047         (0.984,0.979,0.951) d+0.015         (0.983,0.977,0.963) d+0.006         (0.983,0.977,0.962) d+0.009     
cmb_anisotropy              (0.976,0.982,0.965) d+0.023         (0.983,0.984,0.977) d+0.043                      -                      (0.971,0.981,0.978) d+0.016         (0.979,0.985,0.970) d+0.023         (0.975,0.980,0.970) d+0.005         (0.979,0.983,0.969) d+0.003         (0.979,0.984,0.971) d+0.002         (0.894,0.906,0.922) d+0.090         (0.967,0.973,0.967) d+0.001         (0.969,0.984,0.975) d+0.025         (0.979,0.984,0.971) d+0.004         (0.956,0.961,0.954) d+0.028         (0.974,0.931,0.931) d+0.026         (0.838,0.831,0.838) d-0.100         (0.976,0.986,0.976) d+0.010         (0.975,0.982,0.969) d+0.032         (0.872,0.851,0.851) d-0.048         (0.922,0.932,0.940) d+0.021         (0.731,0.712,0.718) d-0.220         (0.899,0.866,0.859) d-0.073         (0.978,0.984,0.969) d+0.012         (0.976,0.978,0.968) d+0.008         (0.975,0.981,0.965) d+0.018         (0.979,0.985,0.963) d+0.015         (0.888,0.918,0.922) d-0.006         (0.942,0.971,0.932) d+0.012         (0.954,0.961,0.955) d+0.016         (0.955,0.966,0.958) d+0.011         (0.965,0.975,0.969) d+0.044         (0.979,0.984,0.972) d+0.011         (0.821,0.813,0.824) d-0.117         (0.871,0.865,0.872) d-0.078         (0.979,0.984,0.971) d+0.003         (0.978,0.983,0.968) d+0.008         (0.977,0.982,0.968) d+0.006         (0.979,0.984,0.970) d+0.085         (0.835,0.895,0.935) d+0.014         (0.977,0.986,0.972) d+0.010         (0.845,0.837,0.845) d-0.107         (0.979,0.985,0.969) d+0.003         (0.980,0.985,0.963) d+0.009         (0.569,0.566,0.573) d+0.000         (0.607,0.601,0.608) d-0.174         (0.960,0.958,0.953) d+0.049         (0.983,0.981,0.960) d+0.011         (0.979,0.984,0.972) d+0.011         (0.980,0.984,0.972) d+0.013     
cosmology                   (0.986,0.980,0.972) d+0.025         (0.975,0.984,0.968) d+0.016         (0.971,0.981,0.978) d+0.033                      -                      (0.985,0.981,0.979) d+0.027         (0.993,0.974,0.981) d+0.011         (0.985,0.979,0.977) d+0.010         (0.986,0.981,0.980) d+0.003         (0.910,0.895,0.933) d+0.077         (0.983,0.984,0.980) d+0.010         (0.975,0.984,0.982) d+0.038         (0.985,0.981,0.979) d+0.004         (0.978,0.950,0.962) d+0.059         (0.980,0.940,0.936) d-0.002         (0.840,0.832,0.835) d-0.114         (0.992,0.985,0.996) d+0.018         (0.977,0.987,0.979) d+0.021         (0.873,0.850,0.846) d-0.048         (0.928,0.921,0.949) d-0.030         (0.727,0.708,0.714) d-0.236         (0.898,0.863,0.853) d-0.078         (0.987,0.980,0.978) d+0.014         (0.975,0.975,0.971) d+0.009         (0.980,0.984,0.972) d+0.011         (0.987,0.983,0.971) d+0.036         (0.872,0.909,0.926) d-0.037         (0.924,0.967,0.939) d+0.005         (0.933,0.967,0.957) d+0.013         (0.934,0.968,0.959) d+0.009         (0.981,0.986,0.974) d+0.019         (0.984,0.982,0.983) d+0.010         (0.821,0.813,0.819) d-0.135         (0.872,0.866,0.869) d-0.101         (0.985,0.981,0.979) d+0.004         (0.989,0.982,0.976) d+0.007         (0.985,0.977,0.977) d+0.007         (0.985,0.981,0.978) d+0.080         (0.839,0.904,0.944) d+0.037         (0.985,0.984,0.984) d+0.014         (0.846,0.837,0.841) d-0.125         (0.985,0.981,0.977) d+0.003         (0.981,0.981,0.970) d+0.008         (0.562,0.562,0.573) d+0.000         (0.600,0.596,0.608) d-0.188         (0.962,0.958,0.956) d+0.049         (0.981,0.991,0.965) d+0.020         (0.987,0.981,0.981) d+0.011         (0.986,0.982,0.980) d+0.010     
electron_beta               (0.992,0.994,0.991) d+0.020         (0.984,0.977,0.961) d+0.025         (0.979,0.985,0.970) d+0.035         (0.985,0.981,0.979) d+0.001                      -                      (0.985,0.992,0.994) d-0.001         (0.999,0.998,0.997) d+0.006         (0.999,0.999,0.999) d+0.001         (0.899,0.909,0.922) d+0.082         (0.978,0.973,0.986) d+0.002         (0.968,0.988,0.980) d+0.038         (0.999,0.999,0.998) d+0.002         (0.964,0.967,0.977) d+0.039         (0.978,0.924,0.918) d-0.003         (0.843,0.837,0.830) d-0.126         (0.992,0.995,0.980) d+0.013         (0.990,0.989,0.995) d+0.012         (0.878,0.858,0.838) d-0.048         (0.919,0.932,0.945) d-0.046         (0.734,0.717,0.705) d-0.234         (0.905,0.874,0.844) d-0.078         (0.997,0.998,0.997) d+0.026         (0.983,0.979,0.978) d+0.004         (0.989,0.988,0.989) d+0.004         (0.996,0.997,0.991) d+0.015         (0.882,0.919,0.927) d-0.061         (0.936,0.964,0.955) d-0.006         (0.944,0.957,0.962) d-0.003         (0.945,0.959,0.967) d-0.009         (0.972,0.980,0.988) d+0.020         (0.998,0.997,0.995) d-0.000         (0.825,0.819,0.815) d-0.153         (0.876,0.871,0.867) d-0.112         (0.999,0.999,0.999) d+0.002         (0.994,0.996,0.996) d+0.003         (0.995,0.995,0.996) d+0.003         (0.996,0.996,0.996) d+0.085         (0.831,0.890,0.949) d+0.020         (0.996,0.995,0.994) d+0.007         (0.850,0.843,0.837) d-0.128         (0.999,0.999,0.997) d+0.010         (0.996,0.998,0.990) d+0.004         (0.567,0.567,0.567) d+0.000         (0.606,0.603,0.601) d-0.185         (0.967,0.963,0.959) d+0.046         (0.996,0.987,0.985) d-0.003         (0.998,0.999,0.997) d+0.002         (0.998,0.998,0.998) d+0.001     
frb                         (0.986,0.989,0.989) d+0.014         (0.977,0.973,0.959) d+0.018         (0.975,0.980,0.970) d+0.027         (0.993,0.974,0.981) d+0.011         (0.985,0.992,0.994) d+0.032                      -                      (0.985,0.994,0.993) d+0.011         (0.986,0.992,0.994) d+0.003         (0.909,0.913,0.925) d+0.087         (0.982,0.968,0.987) d+0.009         (0.979,0.982,0.983) d+0.032         (0.985,0.992,0.994) d+0.009         (0.976,0.973,0.977) d+0.044         (0.982,0.918,0.921) d+0.001         (0.840,0.840,0.830) d-0.126         (0.991,0.988,0.982) d+0.012         (0.977,0.983,0.992) d+0.010         (0.872,0.862,0.838) d-0.049         (0.930,0.936,0.950) d-0.032         (0.726,0.721,0.706) d-0.236         (0.897,0.878,0.844) d-0.079         (0.987,0.993,0.993) d+0.021         (0.975,0.977,0.976) d+0.006         (0.980,0.983,0.985) d+0.008         (0.988,0.990,0.988) d+0.016         (0.875,0.924,0.931) d-0.051         (0.927,0.959,0.953) d+0.002         (0.937,0.952,0.964) d+0.002         (0.937,0.954,0.968) d+0.000         (0.982,0.975,0.986) d+0.024         (0.984,0.991,0.996) d+0.005         (0.820,0.822,0.814) d-0.149         (0.871,0.873,0.867) d-0.108         (0.986,0.992,0.994) d+0.004         (0.989,0.990,0.992) d+0.007         (0.985,0.995,0.992) d+0.005         (0.985,0.991,0.992) d+0.083         (0.840,0.884,0.949) d+0.021         (0.985,0.988,0.994) d+0.013         (0.845,0.846,0.836) d-0.127         (0.985,0.992,0.992) d+0.010         (0.982,0.992,0.988) d+0.007         (0.563,0.569,0.568) d+0.000         (0.601,0.606,0.602) d-0.182         (0.962,0.963,0.958) d+0.048         (0.983,0.980,0.982) d+0.019         (0.987,0.992,0.994) d+0.013         (0.986,0.991,0.994) d+0.010     
galactic                    (0.992,0.994,0.993) d+0.022         (0.983,0.976,0.959) d+0.024         (0.979,0.983,0.969) d+0.037         (0.985,0.979,0.977) d-0.000         (0.999,0.998,0.997) d+0.038         (0.985,0.994,0.993) d+0.002                      -                      (0.999,0.998,0.997) d+0.002         (0.899,0.910,0.921) d+0.083         (0.979,0.972,0.985) d+0.001         (0.968,0.986,0.979) d+0.037         (0.999,0.998,0.997) d+0.004         (0.965,0.968,0.979) d+0.042         (0.977,0.922,0.916) d-0.003         (0.844,0.838,0.829) d-0.126         (0.993,0.993,0.977) d+0.013         (0.991,0.988,0.995) d+0.015         (0.878,0.859,0.837) d-0.048         (0.918,0.932,0.944) d-0.045         (0.734,0.718,0.704) d-0.234         (0.905,0.875,0.842) d-0.078         (0.998,0.998,0.998) d+0.025         (0.982,0.979,0.977) d+0.004         (0.989,0.987,0.990) d+0.007         (0.997,0.995,0.993) d+0.017         (0.882,0.920,0.926) d-0.056         (0.936,0.962,0.956) d-0.005         (0.944,0.956,0.961) d-0.000         (0.944,0.958,0.967) d-0.007         (0.972,0.979,0.989) d+0.025         (0.998,0.997,0.993) d+0.009         (0.826,0.820,0.814) d-0.153         (0.876,0.872,0.867) d-0.112         (1.000,0.998,0.997) d+0.003         (0.994,0.996,0.998) d+0.006         (0.996,0.997,0.998) d+0.004         (0.996,0.995,0.995) d+0.083         (0.831,0.888,0.949) d+0.021         (0.996,0.994,0.992) d+0.012         (0.850,0.844,0.836) d-0.128         (0.999,0.998,0.999) d+0.010         (0.995,0.997,0.993) d+0.005         (0.567,0.568,0.566) d+0.000         (0.606,0.603,0.600) d-0.184         (0.967,0.963,0.959) d+0.046         (0.995,0.985,0.987) d+0.001         (0.998,0.998,0.995) d+0.009         (0.998,0.997,0.996) d+0.007     
galactic_mass               (0.992,0.994,0.991) d+0.021         (0.983,0.977,0.961) d+0.022         (0.979,0.984,0.971) d+0.036         (0.986,0.981,0.980) d-0.001         (0.999,0.999,0.999) d+0.038         (0.986,0.992,0.994) d-0.001         (0.999,0.998,0.997) d+0.011                      -                      (0.899,0.909,0.923) d+0.082         (0.979,0.973,0.987) d+0.003         (0.969,0.987,0.981) d+0.036         (0.999,1.000,0.999) d+0.004         (0.965,0.967,0.977) d+0.040         (0.978,0.924,0.919) d-0.003         (0.843,0.837,0.830) d-0.126         (0.993,0.995,0.981) d+0.013         (0.990,0.990,0.995) d+0.011         (0.878,0.858,0.838) d-0.048         (0.919,0.932,0.945) d-0.045         (0.733,0.717,0.706) d-0.234         (0.905,0.874,0.844) d-0.078         (0.998,0.998,0.997) d+0.025         (0.982,0.979,0.978) d+0.004         (0.989,0.988,0.988) d+0.004         (0.997,0.997,0.990) d+0.016         (0.882,0.919,0.927) d-0.059         (0.935,0.963,0.954) d-0.005         (0.944,0.957,0.962) d-0.005         (0.944,0.959,0.967) d-0.012         (0.973,0.980,0.988) d+0.021         (0.998,0.998,0.996) d-0.000         (0.825,0.819,0.815) d-0.153         (0.875,0.871,0.867) d-0.113         (1.000,1.000,0.999) d+0.004         (0.995,0.996,0.996) d+0.005         (0.996,0.996,0.996) d+0.004         (0.996,0.996,0.995) d+0.082         (0.832,0.890,0.949) d+0.020         (0.996,0.995,0.995) d+0.005         (0.850,0.843,0.837) d-0.128         (0.999,0.999,0.997) d+0.011         (0.995,0.998,0.990) d+0.003         (0.567,0.567,0.567) d+0.000         (0.605,0.603,0.601) d-0.184         (0.967,0.963,0.959) d+0.047         (0.995,0.987,0.984) d-0.002         (0.999,0.999,0.998) d+0.002         (0.999,0.999,0.999) d+0.002     
galactic_sersic             (0.902,0.909,0.919) d+0.017         (0.896,0.898,0.918) d+0.036         (0.894,0.906,0.922) d+0.026         (0.910,0.895,0.933) d+0.018         (0.899,0.909,0.922) d-0.001         (0.909,0.913,0.925) d+0.012         (0.899,0.910,0.921) d+0.007         (0.899,0.909,0.923) d+0.001                      -                      (0.909,0.892,0.927) d+0.049         (0.915,0.904,0.926) d+0.041         (0.898,0.909,0.922) d+0.001         (0.922,0.931,0.915) d+0.033         (0.905,0.854,0.938) d+0.043         (0.819,0.841,0.836) d-0.038         (0.904,0.906,0.934) d+0.008         (0.893,0.903,0.922) d+0.018         (0.839,0.870,0.847) d-0.037         (0.925,0.925,0.929) d+0.028         (0.691,0.753,0.722) d-0.147         (0.850,0.894,0.856) d-0.019         (0.900,0.909,0.922) d+0.004         (0.898,0.910,0.926) d+0.005         (0.897,0.904,0.919) d+0.004         (0.900,0.908,0.918) d+0.042         (0.820,0.908,0.901) d+0.015         (0.857,0.896,0.900) d+0.004         (0.868,0.883,0.915) d+0.009         (0.867,0.887,0.914) d+0.003         (0.916,0.896,0.920) d+0.026         (0.898,0.908,0.925) d+0.007         (0.795,0.825,0.814) d-0.044         (0.841,0.870,0.871) d+0.003         (0.899,0.909,0.922) d+0.002         (0.903,0.907,0.921) d+0.008         (0.899,0.911,0.922) d+0.003         (0.899,0.909,0.923) d-0.003         (0.859,0.826,0.917) d+0.022         (0.899,0.907,0.925) d+0.008         (0.819,0.847,0.839) d-0.027         (0.899,0.909,0.921) d+0.001         (0.896,0.909,0.918) d+0.005         (0.541,0.591,0.582) d+0.000         (0.573,0.633,0.619) d-0.188         (0.901,0.918,0.936) d+0.037         (0.896,0.900,0.913) d+0.015         (0.900,0.909,0.923) d+0.004         (0.899,0.908,0.923) d+0.007     
geomagnetic                 (0.981,0.971,0.982) d+0.011         (0.971,0.977,0.958) d+0.018         (0.967,0.973,0.967) d+0.021         (0.983,0.984,0.980) d+0.014         (0.978,0.973,0.986) d+0.006         (0.982,0.968,0.987) d+0.007         (0.979,0.972,0.985) d+0.003         (0.979,0.973,0.987) d+0.001         (0.909,0.892,0.927) d+0.091                      -                      (0.968,0.973,0.977) d+0.034         (0.978,0.973,0.986) d+0.001         (0.974,0.946,0.973) d+0.021         (0.977,0.942,0.923) d+0.001         (0.839,0.831,0.828) d-0.117         (0.982,0.977,0.982) d+0.006         (0.973,0.977,0.986) d+0.002         (0.871,0.849,0.836) d-0.048         (0.924,0.922,0.947) d-0.003         (0.728,0.707,0.706) d-0.232         (0.896,0.862,0.843) d-0.075         (0.980,0.973,0.986) d+0.002         (0.970,0.970,0.973) d+0.006         (0.977,0.977,0.981) d+0.005         (0.980,0.975,0.982) d+0.013         (0.876,0.911,0.928) d-0.034         (0.926,0.956,0.953) d-0.003         (0.936,0.962,0.959) d-0.003         (0.936,0.961,0.963) d-0.004         (0.980,0.983,0.982) d+0.022         (0.978,0.975,0.988) d+0.004         (0.820,0.813,0.812) d-0.144         (0.868,0.865,0.864) d-0.049         (0.979,0.973,0.986) d+0.001         (0.982,0.973,0.985) d+0.005         (0.978,0.970,0.985) d+0.003         (0.978,0.973,0.985) d+0.038         (0.837,0.905,0.953) d+0.024         (0.979,0.976,0.988) d+0.005         (0.844,0.837,0.834) d-0.113         (0.978,0.973,0.985) d+0.002         (0.976,0.974,0.981) d+0.008         (0.564,0.562,0.568) d+0.000         (0.601,0.596,0.602) d-0.208         (0.960,0.954,0.956) d+0.059         (0.976,0.981,0.976) d+0.007         (0.980,0.974,0.986) d+0.004         (0.979,0.974,0.986) d+0.005     
gravitational_wave          (0.971,0.990,0.976) d+0.023         (0.968,0.979,0.962) d+0.038         (0.969,0.984,0.975) d+0.029         (0.975,0.984,0.982) d+0.008         (0.968,0.988,0.980) d+0.031         (0.979,0.982,0.983) d+0.015         (0.968,0.986,0.979) d+0.011         (0.969,0.987,0.981) d+0.002         (0.915,0.904,0.926) d+0.084         (0.968,0.973,0.977) d+0.006                      -                      (0.968,0.987,0.980) d+0.003         (0.970,0.959,0.968) d+0.041         (0.969,0.929,0.929) d+0.006         (0.838,0.835,0.832) d-0.116         (0.972,0.989,0.983) d+0.010         (0.961,0.990,0.980) d+0.031         (0.868,0.854,0.841) d-0.046         (0.940,0.924,0.955) d-0.028         (0.720,0.713,0.710) d-0.233         (0.890,0.869,0.848) d-0.072         (0.969,0.986,0.979) d+0.017         (0.964,0.976,0.970) d+0.005         (0.963,0.985,0.973) d+0.013         (0.970,0.988,0.974) d+0.021         (0.870,0.911,0.934) d-0.023         (0.920,0.971,0.941) d+0.004         (0.932,0.963,0.962) d+0.009         (0.932,0.966,0.964) d+0.003         (0.974,0.980,0.976) d+0.039         (0.967,0.988,0.983) d+0.009         (0.818,0.817,0.816) d-0.140         (0.868,0.868,0.866) d-0.096         (0.969,0.988,0.980) d+0.002         (0.972,0.989,0.979) d+0.009         (0.967,0.984,0.978) d+0.003         (0.968,0.987,0.980) d+0.087         (0.846,0.896,0.945) d+0.018         (0.968,0.989,0.982) d+0.011         (0.843,0.840,0.838) d-0.118         (0.969,0.988,0.978) d+0.007         (0.966,0.988,0.974) d+0.008         (0.560,0.564,0.572) d+0.000         (0.597,0.600,0.606) d-0.182         (0.952,0.960,0.954) d+0.049         (0.968,0.989,0.970) d+0.015         (0.970,0.988,0.982) d+0.008         (0.969,0.988,0.981) d+0.010     
materials_wrongbox          (0.991,0.994,0.991) d+0.020         (0.983,0.977,0.961) d+0.028         (0.979,0.984,0.971) d+0.034         (0.985,0.981,0.979) d+0.002         (0.999,0.999,0.998) d+0.037         (0.985,0.992,0.994) d+0.001         (0.999,0.998,0.997) d+0.006         (0.999,1.000,0.999) d+0.004         (0.898,0.909,0.922) d+0.082         (0.978,0.973,0.986) d+0.003         (0.968,0.987,0.980) d+0.035                      -                      (0.964,0.967,0.977) d+0.040         (0.978,0.924,0.918) d-0.003         (0.843,0.837,0.830) d-0.126         (0.992,0.995,0.980) d+0.013         (0.991,0.990,0.995) d+0.009         (0.878,0.858,0.838) d-0.049         (0.919,0.932,0.945) d-0.046         (0.734,0.717,0.705) d-0.234         (0.905,0.874,0.844) d-0.078         (0.998,0.998,0.998) d+0.025         (0.982,0.979,0.978) d+0.004         (0.989,0.988,0.988) d+0.004         (0.996,0.997,0.991) d+0.015         (0.882,0.919,0.927) d-0.056         (0.936,0.963,0.955) d-0.005         (0.944,0.957,0.962) d-0.006         (0.944,0.959,0.967) d-0.013         (0.972,0.980,0.988) d+0.021         (0.998,0.998,0.996) d-0.001         (0.825,0.819,0.815) d-0.153         (0.876,0.871,0.867) d-0.112         (0.999,1.000,0.999) d+0.002         (0.994,0.996,0.996) d+0.005         (0.996,0.996,0.996) d+0.003         (0.996,0.996,0.995) d+0.085         (0.831,0.890,0.949) d+0.023         (0.996,0.996,0.995) d+0.004         (0.850,0.843,0.837) d-0.128         (0.999,0.999,0.997) d+0.011         (0.996,0.998,0.990) d+0.004         (0.567,0.567,0.567) d+0.000         (0.606,0.603,0.601) d-0.185         (0.967,0.963,0.959) d+0.046         (0.996,0.987,0.985) d-0.003         (0.998,0.999,0.998) d+0.002         (0.999,0.999,0.999) d+0.002     
molecular_c60               (0.967,0.966,0.983) d+0.014         (0.958,0.953,0.946) d+0.028         (0.956,0.961,0.954) d+0.066         (0.978,0.950,0.962) d+0.014         (0.964,0.967,0.977) d+0.029         (0.976,0.973,0.977) d+0.011         (0.965,0.968,0.979) d+0.007         (0.965,0.967,0.977) d+0.003         (0.922,0.931,0.915) d+0.089         (0.974,0.946,0.973) d+0.012         (0.970,0.959,0.968) d+0.033         (0.964,0.967,0.977) d+0.007                      -                      (0.972,0.900,0.907) d+0.003         (0.832,0.843,0.818) d-0.110         (0.971,0.963,0.963) d+0.006         (0.958,0.958,0.978) d+0.017         (0.862,0.868,0.824) d-0.047         (0.939,0.951,0.941) d-0.015         (0.718,0.731,0.696) d-0.224         (0.884,0.887,0.829) d-0.074         (0.966,0.967,0.979) d+0.019         (0.958,0.960,0.963) d+0.009         (0.962,0.960,0.977) d+0.012         (0.967,0.965,0.981) d+0.016         (0.860,0.935,0.931) d-0.034         (0.908,0.943,0.956) d+0.001         (0.920,0.931,0.960) d+0.005         (0.920,0.934,0.961) d+0.010         (0.980,0.952,0.977) d+0.023         (0.963,0.965,0.975) d+0.005         (0.812,0.826,0.802) d-0.129         (0.861,0.875,0.855) d-0.088         (0.965,0.967,0.977) d+0.002         (0.969,0.965,0.979) d+0.006         (0.965,0.970,0.979) d+0.006         (0.965,0.966,0.977) d+0.081         (0.850,0.866,0.957) d+0.031         (0.965,0.963,0.974) d+0.009         (0.837,0.849,0.824) d-0.111         (0.965,0.967,0.978) d+0.010         (0.961,0.967,0.982) d+0.005         (0.556,0.577,0.563) d+0.000         (0.593,0.615,0.595) d-0.179         (0.949,0.952,0.949) d+0.048         (0.962,0.955,0.980) d+0.019         (0.966,0.966,0.975) d+0.009         (0.965,0.966,0.976) d+0.008     
nuclear_binding             (0.975,0.923,0.913) d+0.023         (0.969,0.939,0.927) d+0.051         (0.974,0.931,0.931) d+0.057         (0.980,0.940,0.936) d+0.026         (0.978,0.924,0.918) d+0.016         (0.982,0.918,0.921) d+0.014         (0.977,0.922,0.916) d+0.009         (0.978,0.924,0.919) d+0.003         (0.905,0.854,0.938) d+0.107         (0.977,0.942,0.923) d+0.017         (0.969,0.929,0.929) d+0.035         (0.978,0.924,0.918) d+0.006         (0.972,0.900,0.907) d+0.032                      -                      (0.831,0.803,0.839) d-0.067         (0.979,0.928,0.936) d+0.010         (0.971,0.930,0.918) d+0.036         (0.864,0.816,0.857) d-0.037         (0.931,0.886,0.930) d+0.059         (0.724,0.679,0.740) d-0.159         (0.889,0.824,0.872) d-0.046         (0.979,0.924,0.917) d+0.009         (0.969,0.926,0.917) d+0.010         (0.979,0.928,0.913) d+0.015         (0.979,0.926,0.911) d+0.016         (0.878,0.875,0.905) d+0.042         (0.928,0.930,0.888) d+0.014         (0.940,0.942,0.914) d+0.021         (0.940,0.940,0.912) d+0.017         (0.981,0.934,0.915) d+0.034         (0.977,0.925,0.922) d+0.010         (0.812,0.785,0.821) d-0.077         (0.863,0.837,0.862) d-0.044         (0.978,0.924,0.918) d+0.002         (0.979,0.924,0.916) d+0.010         (0.977,0.921,0.916) d+0.005         (0.977,0.924,0.918) d+0.081         (0.844,0.945,0.906) d+0.047         (0.976,0.927,0.922) d+0.008         (0.837,0.808,0.841) d-0.068         (0.977,0.924,0.916) d+0.007         (0.976,0.925,0.911) d+0.009         (0.563,0.548,0.593) d+0.000         (0.600,0.578,0.632) d-0.154         (0.957,0.914,0.912) d+0.048         (0.977,0.933,0.906) d+0.016         (0.979,0.924,0.920) d+0.009         (0.978,0.924,0.919) d+0.011     
nuclear_decay               (0.844,0.837,0.827) d+0.008         (0.846,0.830,0.841) d+0.021         (0.838,0.831,0.838) d+0.026         (0.840,0.832,0.835) d+0.021         (0.843,0.837,0.830) d-0.001         (0.840,0.840,0.830) d+0.009         (0.844,0.838,0.829) d+0.004         (0.843,0.837,0.830) d+0.001         (0.819,0.841,0.836) d-0.037         (0.839,0.831,0.828) d+0.043         (0.838,0.835,0.832) d+0.026         (0.843,0.837,0.830) d+0.002         (0.832,0.843,0.818) d+0.021         (0.831,0.803,0.839) d+0.024                      -                      (0.843,0.836,0.835) d+0.006         (0.846,0.835,0.830) d+0.010         (0.941,0.946,0.941) d+0.067         (0.806,0.834,0.826) d-0.002         (0.782,0.772,0.768) d-0.068         (0.907,0.918,0.914) d+0.080         (0.843,0.838,0.829) d+0.002         (0.845,0.836,0.836) d+0.004         (0.841,0.838,0.827) d+0.003         (0.843,0.837,0.827) d+0.011         (0.816,0.828,0.802) d+0.008         (0.836,0.825,0.820) d+0.008         (0.834,0.824,0.827) d+0.006         (0.834,0.823,0.831) d+0.009         (0.832,0.837,0.828) d+0.013         (0.844,0.837,0.831) d+0.003         (0.940,0.943,0.942) d+0.128         (0.929,0.929,0.922) d+0.103         (0.843,0.837,0.830) d+0.002         (0.843,0.837,0.829) d+0.003         (0.844,0.838,0.829) d+0.002         (0.844,0.837,0.830) d-0.010         (0.735,0.780,0.809) d+0.033         (0.844,0.835,0.831) d+0.005         (0.979,0.986,0.980) d+0.158         (0.844,0.837,0.830) d+0.001         (0.843,0.837,0.827) d+0.004         (0.584,0.590,0.596) d+0.000         (0.628,0.633,0.638) d-0.248         (0.851,0.846,0.840) d-0.010         (0.843,0.834,0.826) d+0.008         (0.843,0.837,0.831) d+0.004         (0.843,0.837,0.831) d+0.004     
null_cosmology_null         (0.992,0.992,0.973) d+0.025         (0.980,0.981,0.965) d+0.016         (0.976,0.986,0.976) d+0.034         (0.992,0.985,0.996) d+0.002         (0.992,0.995,0.980) d+0.030         (0.991,0.988,0.982) d+0.011         (0.993,0.993,0.977) d+0.011         (0.993,0.995,0.981) d+0.003         (0.904,0.906,0.934) d+0.085         (0.982,0.977,0.982) d+0.012         (0.972,0.989,0.983) d+0.040         (0.992,0.995,0.980) d+0.007         (0.971,0.963,0.963) d+0.046         (0.979,0.928,0.936) d-0.003         (0.843,0.836,0.835) d-0.120                      -                      (0.984,0.992,0.979) d+0.018         (0.876,0.856,0.845) d-0.048         (0.923,0.929,0.952) d-0.033         (0.731,0.715,0.714) d-0.235         (0.902,0.871,0.853) d-0.078         (0.994,0.994,0.978) d+0.016         (0.980,0.980,0.971) d+0.008         (0.985,0.990,0.972) d+0.011         (0.994,0.996,0.972) d+0.027         (0.877,0.917,0.928) d-0.047         (0.930,0.965,0.941) d+0.003         (0.939,0.960,0.958) d+0.009         (0.939,0.962,0.961) d+0.004         (0.977,0.983,0.974) d+0.023         (0.991,0.996,0.984) d+0.006         (0.824,0.818,0.818) d-0.143         (0.875,0.870,0.870) d-0.103         (0.993,0.995,0.980) d+0.003         (0.996,0.995,0.977) d+0.007         (0.993,0.991,0.977) d+0.005         (0.992,0.993,0.979) d+0.083         (0.834,0.893,0.944) d+0.021         (0.992,0.997,0.984) d+0.011         (0.849,0.842,0.841) d-0.127         (0.992,0.995,0.977) d+0.009         (0.988,0.995,0.971) d+0.005         (0.565,0.566,0.573) d+0.000         (0.603,0.601,0.608) d-0.185         (0.966,0.962,0.956) d+0.048         (0.988,0.991,0.966) d+0.023         (0.994,0.995,0.982) d+0.011         (0.993,0.996,0.981) d+0.011     
orbital                     (0.986,0.989,0.991) d+0.025         (0.980,0.978,0.961) d+0.046         (0.975,0.982,0.969) d+0.030         (0.977,0.987,0.979) d+0.025         (0.990,0.989,0.995) d+0.030         (0.977,0.983,0.992) d+0.020         (0.991,0.988,0.995) d+0.006         (0.990,0.990,0.995) d+0.002         (0.893,0.903,0.922) d+0.085         (0.973,0.977,0.986) d+0.022         (0.961,0.990,0.980) d+0.021         (0.991,0.990,0.995) d+0.004         (0.958,0.958,0.978) d+0.033         (0.971,0.930,0.918) d+0.019         (0.846,0.835,0.830) d-0.116         (0.984,0.992,0.979) d+0.013                      -                      (0.881,0.855,0.837) d-0.047         (0.912,0.924,0.944) d-0.024         (0.738,0.713,0.705) d-0.229         (0.909,0.869,0.843) d-0.072         (0.989,0.989,0.995) d+0.018         (0.980,0.977,0.977) d+0.006         (0.987,0.988,0.987) d+0.009         (0.988,0.991,0.990) d+0.014         (0.885,0.913,0.926) d-0.014         (0.939,0.966,0.955) d+0.014         (0.946,0.962,0.960) d+0.019         (0.946,0.964,0.966) d+0.013         (0.965,0.984,0.987) d+0.024         (0.991,0.991,0.994) d+0.008         (0.828,0.817,0.814) d-0.137         (0.878,0.869,0.867) d-0.100         (0.990,0.990,0.995) d+0.004         (0.986,0.991,0.994) d+0.008         (0.990,0.986,0.995) d+0.005         (0.989,0.989,0.993) d+0.090         (0.826,0.896,0.950) d+0.030         (0.990,0.992,0.993) d+0.013         (0.853,0.841,0.836) d-0.124         (0.990,0.990,0.995) d+0.004         (0.992,0.990,0.989) d+0.009         (0.569,0.564,0.567) d+0.000         (0.608,0.599,0.600) d-0.185         (0.966,0.961,0.958) d+0.047         (0.990,0.994,0.984) d+0.022         (0.989,0.990,0.995) d+0.009         (0.989,0.991,0.995) d+0.009     
orbital_eccentricity        (0.878,0.858,0.834) d+0.011         (0.880,0.849,0.853) d+0.032         (0.872,0.851,0.851) d+0.038         (0.873,0.850,0.846) d+0.025         (0.878,0.858,0.838) d-0.001         (0.872,0.862,0.838) d+0.010         (0.878,0.859,0.837) d+0.005         (0.878,0.858,0.838) d+0.001         (0.839,0.870,0.847) d-0.001         (0.871,0.849,0.836) d+0.028         (0.868,0.854,0.841) d+0.028         (0.878,0.858,0.838) d+0.002         (0.862,0.868,0.824) d+0.028         (0.864,0.816,0.857) d+0.079         (0.941,0.946,0.941) d+0.101         (0.876,0.856,0.845) d+0.007         (0.881,0.855,0.837) d+0.018                      -                      (0.831,0.858,0.835) d+0.072         (0.786,0.784,0.790) d+0.197         (0.958,0.963,0.963) d+0.274         (0.877,0.859,0.837) d+0.003         (0.880,0.857,0.845) d+0.005         (0.876,0.857,0.835) d+0.005         (0.877,0.857,0.834) d+0.034         (0.846,0.853,0.812) d+0.045         (0.872,0.842,0.823) d+0.012         (0.867,0.840,0.836) d+0.013         (0.868,0.839,0.838) d+0.010         (0.863,0.856,0.836) d+0.021         (0.878,0.858,0.839) d+0.006         (0.919,0.934,0.935) d+0.109         (0.959,0.937,0.910) d+0.078         (0.878,0.858,0.838) d+0.002         (0.877,0.858,0.837) d+0.003         (0.878,0.860,0.837) d+0.003         (0.878,0.858,0.838) d-0.006         (0.754,0.791,0.816) d+0.037         (0.878,0.856,0.840) d+0.007         (0.955,0.955,0.941) d+0.101         (0.878,0.858,0.837) d+0.002         (0.878,0.858,0.833) d+0.006         (0.587,0.595,0.605) d+0.000         (0.631,0.639,0.649) d-0.040         (0.888,0.868,0.849) d-0.011         (0.877,0.854,0.832) d+0.011         (0.877,0.858,0.839) d+0.006         (0.877,0.858,0.839) d+0.005     
orbital_inclination         (0.919,0.928,0.943) d+0.019         (0.916,0.928,0.926) d+0.036         (0.922,0.932,0.940) d+0.039         (0.928,0.921,0.949) d+0.019         (0.919,0.932,0.945) d+0.008         (0.930,0.936,0.950) d+0.014         (0.918,0.932,0.944) d+0.008         (0.919,0.932,0.945) d+0.003         (0.925,0.925,0.929) d+0.104         (0.924,0.922,0.947) d+0.021         (0.940,0.924,0.955) d+0.046         (0.919,0.932,0.945) d+0.004         (0.939,0.951,0.941) d+0.044         (0.931,0.886,0.930) d+0.096         (0.806,0.834,0.826) d-0.030         (0.923,0.929,0.952) d+0.009         (0.912,0.924,0.944) d+0.029         (0.831,0.858,0.835) d-0.040                      -                      (0.691,0.731,0.709) d-0.104         (0.849,0.876,0.842) d-0.054         (0.920,0.932,0.945) d+0.006         (0.916,0.932,0.939) d+0.008         (0.917,0.927,0.941) d+0.008         (0.921,0.931,0.942) d+0.058         (0.840,0.951,0.952) d+0.118         (0.880,0.915,0.925) d+0.013         (0.894,0.906,0.951) d+0.018         (0.894,0.909,0.949) d+0.015         (0.934,0.922,0.943) d+0.022         (0.918,0.931,0.948) d+0.007         (0.783,0.817,0.809) d-0.046         (0.836,0.863,0.860) d-0.029         (0.919,0.931,0.945) d+0.002         (0.921,0.929,0.944) d+0.006         (0.918,0.933,0.943) d+0.004         (0.919,0.931,0.945) d+0.061         (0.890,0.850,0.928) d+0.049         (0.918,0.930,0.946) d+0.010         (0.809,0.839,0.831) d-0.039         (0.919,0.931,0.944) d+0.005         (0.917,0.932,0.942) d+0.005         (0.546,0.587,0.580) d+0.000         (0.579,0.623,0.611) d-0.132         (0.910,0.924,0.932) d+0.046         (0.918,0.922,0.939) d+0.017         (0.920,0.931,0.945) d+0.007         (0.920,0.931,0.945) d+0.007     
orbital_mass                (0.733,0.717,0.702) d+0.010         (0.734,0.708,0.721) d+0.027         (0.731,0.712,0.718) d+0.033         (0.727,0.708,0.714) d+0.023         (0.734,0.717,0.705) d-0.000         (0.726,0.721,0.706) d+0.009         (0.734,0.718,0.704) d+0.005         (0.733,0.717,0.706) d+0.001         (0.691,0.753,0.722) d+0.017         (0.728,0.707,0.706) d+0.021         (0.720,0.713,0.710) d+0.021         (0.734,0.717,0.705) d+0.002         (0.718,0.731,0.696) d+0.028         (0.724,0.679,0.740) d+0.071         (0.782,0.772,0.768) d+0.071         (0.731,0.715,0.714) d+0.006         (0.738,0.713,0.705) d+0.017         (0.786,0.784,0.790) d+0.167         (0.691,0.731,0.709) d+0.060                      -                      (0.783,0.788,0.800) d+0.263         (0.733,0.717,0.704) d+0.003         (0.735,0.715,0.709) d+0.004         (0.734,0.715,0.703) d+0.004         (0.732,0.716,0.701) d+0.030         (0.754,0.733,0.696) d+0.040         (0.749,0.706,0.689) d+0.017         (0.740,0.701,0.704) d+0.015         (0.740,0.701,0.704) d+0.010         (0.721,0.712,0.704) d+0.020         (0.734,0.716,0.707) d+0.005         (0.804,0.787,0.774) d+0.074         (0.773,0.753,0.740) d+0.043         (0.733,0.717,0.705) d+0.002         (0.732,0.717,0.704) d+0.003         (0.734,0.719,0.704) d+0.003         (0.734,0.717,0.705) d-0.004         (0.640,0.662,0.695) d+0.037         (0.734,0.715,0.707) d+0.006         (0.788,0.773,0.762) d+0.075         (0.734,0.717,0.704) d+0.001         (0.735,0.717,0.701) d+0.005         (0.659,0.667,0.672) d+0.000         (0.733,0.741,0.746) d+0.041         (0.738,0.721,0.710) d-0.004         (0.734,0.711,0.699) d+0.010         (0.733,0.717,0.706) d+0.005         (0.733,0.717,0.706) d+0.005     
orbital_radius              (0.904,0.873,0.839) d+0.013         (0.906,0.862,0.862) d+0.031         (0.899,0.866,0.859) d+0.038         (0.898,0.863,0.853) d+0.025         (0.905,0.874,0.844) d-0.001         (0.897,0.878,0.844) d+0.010         (0.905,0.875,0.842) d+0.005         (0.905,0.874,0.844) d+0.001         (0.850,0.894,0.856) d+0.012         (0.896,0.862,0.843) d+0.027         (0.890,0.869,0.848) d+0.027         (0.905,0.874,0.844) d+0.002         (0.884,0.887,0.829) d+0.034         (0.889,0.824,0.872) d+0.079         (0.907,0.918,0.914) d+0.080         (0.902,0.871,0.853) d+0.007         (0.909,0.869,0.843) d+0.019         (0.958,0.963,0.963) d+0.205         (0.849,0.876,0.842) d+0.070         (0.783,0.788,0.800) d+0.230                      -                      (0.904,0.874,0.842) d+0.004         (0.908,0.872,0.850) d+0.005         (0.904,0.872,0.840) d+0.005         (0.903,0.873,0.839) d+0.034         (0.871,0.872,0.821) d+0.047         (0.902,0.856,0.824) d+0.012         (0.896,0.851,0.841) d+0.016         (0.897,0.851,0.843) d+0.011         (0.887,0.869,0.842) d+0.021         (0.906,0.873,0.845) d+0.006         (0.890,0.907,0.907) d+0.083         (0.943,0.926,0.895) d+0.058         (0.905,0.874,0.844) d+0.002         (0.903,0.874,0.842) d+0.003         (0.905,0.876,0.842) d+0.003         (0.905,0.874,0.844) d-0.005         (0.769,0.798,0.823) d+0.035         (0.905,0.871,0.846) d+0.007         (0.920,0.926,0.914) d+0.078         (0.905,0.873,0.842) d+0.002         (0.906,0.873,0.838) d+0.007         (0.588,0.598,0.610) d+0.000         (0.632,0.642,0.657) d-0.030         (0.915,0.883,0.853) d-0.007         (0.905,0.868,0.836) d+0.011         (0.904,0.874,0.845) d+0.006         (0.904,0.873,0.844) d+0.005     
orbital_transit             (0.992,0.992,0.993) d+0.021         (0.983,0.977,0.960) d+0.023         (0.978,0.984,0.969) d+0.035         (0.987,0.980,0.978) d+0.002         (0.997,0.998,0.997) d+0.038         (0.987,0.993,0.993) d+0.003         (0.998,0.998,0.998) d+0.006         (0.998,0.998,0.997) d+0.002         (0.900,0.909,0.922) d+0.081         (0.980,0.973,0.986) d+0.003         (0.969,0.986,0.979) d+0.037         (0.998,0.998,0.998) d+0.004         (0.966,0.967,0.979) d+0.040         (0.979,0.924,0.917) d-0.003         (0.843,0.838,0.829) d-0.126         (0.994,0.994,0.978) d+0.013         (0.989,0.989,0.995) d+0.011         (0.877,0.859,0.837) d-0.048         (0.920,0.932,0.945) d-0.045         (0.733,0.717,0.704) d-0.234         (0.904,0.874,0.842) d-0.078                      -                      (0.982,0.979,0.977) d+0.004         (0.989,0.988,0.989) d+0.004         (0.997,0.996,0.992) d+0.015         (0.881,0.920,0.927) d-0.057         (0.934,0.962,0.956) d-0.006         (0.943,0.957,0.962) d-0.002         (0.943,0.959,0.967) d-0.009         (0.973,0.981,0.989) d+0.022         (0.997,0.997,0.994) d+0.000         (0.825,0.820,0.813) d-0.153         (0.875,0.872,0.866) d-0.112         (0.998,0.998,0.998) d+0.003         (0.995,0.996,0.997) d+0.006         (0.996,0.995,0.997) d+0.004         (0.996,0.995,0.995) d+0.084         (0.832,0.889,0.950) d+0.025         (0.996,0.995,0.993) d+0.006         (0.850,0.843,0.836) d-0.128         (0.998,0.998,0.998) d+0.011         (0.994,0.998,0.992) d+0.003         (0.567,0.567,0.566) d+0.000         (0.605,0.603,0.600) d-0.185         (0.967,0.963,0.959) d+0.046         (0.994,0.986,0.986) d-0.002         (0.998,0.998,0.996) d+0.006         (0.998,0.997,0.997) d+0.004     
orbital_ttv                 (0.980,0.977,0.974) d+0.012         (0.979,0.975,0.960) d+0.017         (0.976,0.978,0.968) d+0.029         (0.975,0.975,0.971) d+0.006         (0.983,0.979,0.978) d-0.004         (0.975,0.977,0.976) d+0.003         (0.982,0.979,0.977) d+0.003         (0.982,0.979,0.978) d+0.001         (0.898,0.910,0.926) d+0.086         (0.970,0.970,0.973) d+0.012         (0.964,0.976,0.970) d+0.024         (0.982,0.979,0.978) d+0.002         (0.958,0.960,0.963) d+0.028         (0.969,0.926,0.917) d+0.001         (0.845,0.836,0.836) d-0.133         (0.980,0.980,0.971) d+0.006         (0.980,0.977,0.977) d-0.000         (0.880,0.857,0.845) d-0.049         (0.916,0.932,0.939) d-0.023         (0.735,0.715,0.709) d-0.241         (0.908,0.872,0.850) d-0.085         (0.982,0.979,0.977) d+0.001                      -                      (0.980,0.979,0.977) d-0.001         (0.981,0.979,0.974) d+0.004         (0.883,0.919,0.921) d-0.037         (0.936,0.960,0.948) d-0.003         (0.945,0.953,0.956) d+0.000         (0.945,0.956,0.961) d-0.004         (0.964,0.972,0.974) d+0.011         (0.982,0.979,0.977) d+0.001         (0.828,0.818,0.821) d-0.161         (0.878,0.871,0.873) d-0.112         (0.982,0.979,0.978) d+0.001         (0.981,0.978,0.977) d+0.001         (0.981,0.978,0.977) d+0.002         (0.983,0.980,0.978) d+0.030         (0.829,0.891,0.940) d+0.023         (0.982,0.980,0.978) d+0.004         (0.852,0.842,0.843) d-0.137         (0.982,0.979,0.977) d+0.001         (0.983,0.980,0.974) d+0.001         (0.568,0.567,0.568) d+0.000         (0.607,0.602,0.602) d-0.193         (0.975,0.970,0.970) d+0.055         (0.983,0.976,0.972) d+0.004         (0.982,0.979,0.978) d+0.003         (0.982,0.979,0.978) d+0.002     
orbital_wrongbox            (0.984,0.986,0.988) d+0.018         (0.976,0.977,0.957) d+0.034         (0.975,0.981,0.965) d+0.020         (0.980,0.984,0.972) d+0.008         (0.989,0.988,0.989) d+0.022         (0.980,0.983,0.985) d+0.004         (0.989,0.987,0.990) d+0.005         (0.989,0.988,0.988) d+0.001         (0.897,0.904,0.919) d+0.081         (0.977,0.977,0.981) d+0.003         (0.963,0.985,0.973) d+0.038         (0.989,0.988,0.988) d+0.002         (0.962,0.960,0.977) d+0.029         (0.979,0.928,0.913) d-0.003         (0.841,0.838,0.827) d-0.128         (0.985,0.990,0.972) d+0.011         (0.987,0.988,0.987) d+0.005         (0.876,0.857,0.835) d-0.050         (0.917,0.927,0.941) d-0.037         (0.734,0.715,0.703) d-0.233         (0.904,0.872,0.840) d-0.078         (0.989,0.988,0.989) d+0.014         (0.980,0.979,0.977) d+0.007                      -                      (0.988,0.989,0.989) d+0.010         (0.884,0.914,0.925) d-0.050         (0.937,0.964,0.958) d+0.002         (0.945,0.961,0.959) d-0.003         (0.945,0.962,0.964) d-0.008         (0.971,0.985,0.987) d+0.020         (0.990,0.989,0.986) d+0.002         (0.823,0.819,0.812) d-0.155         (0.873,0.872,0.865) d-0.112         (0.989,0.989,0.989) d+0.002         (0.986,0.989,0.989) d+0.004         (0.988,0.985,0.989) d+0.004         (0.990,0.990,0.990) d+0.084         (0.831,0.894,0.949) d+0.025         (0.988,0.989,0.985) d+0.006         (0.847,0.844,0.834) d-0.130         (0.989,0.988,0.990) d+0.006         (0.989,0.988,0.989) d+0.004         (0.568,0.566,0.565) d+0.000         (0.606,0.601,0.598) d-0.185         (0.966,0.963,0.959) d+0.048         (0.989,0.989,0.986) d+0.001         (0.989,0.989,0.987) d+0.005         (0.989,0.989,0.988) d+0.006     
planetary                   (0.992,0.993,0.994) d+0.024         (0.983,0.978,0.954) d+0.050         (0.979,0.985,0.963) d+0.060         (0.987,0.983,0.971) d+0.042         (0.996,0.997,0.991) d+0.029         (0.988,0.990,0.988) d+0.014         (0.997,0.995,0.993) d+0.011         (0.997,0.997,0.990) d+0.003         (0.900,0.908,0.918) d+0.086         (0.980,0.975,0.982) d-0.000         (0.970,0.988,0.974) d+0.037         (0.996,0.997,0.991) d+0.004         (0.967,0.965,0.981) d+0.053         (0.979,0.926,0.911) d-0.002         (0.843,0.837,0.827) d-0.103         (0.994,0.996,0.972) d+0.016         (0.988,0.991,0.990) d+0.026         (0.877,0.857,0.834) d-0.048         (0.921,0.931,0.942) d-0.030         (0.732,0.716,0.701) d-0.222         (0.903,0.873,0.839) d-0.078         (0.997,0.996,0.992) d+0.017         (0.981,0.979,0.974) d+0.009         (0.988,0.989,0.989) d+0.011                      -                      (0.881,0.918,0.926) d-0.003         (0.934,0.964,0.961) d+0.018         (0.943,0.958,0.960) d+0.013         (0.943,0.960,0.966) d+0.011         (0.974,0.982,0.986) d+0.027         (0.995,0.997,0.987) d+0.007         (0.824,0.819,0.812) d-0.117         (0.875,0.871,0.865) d-0.081         (0.997,0.997,0.991) d+0.004         (0.995,0.995,0.993) d+0.011         (0.995,0.993,0.993) d+0.003         (0.995,0.995,0.990) d+0.079         (0.833,0.891,0.949) d+0.029         (0.995,0.996,0.986) d+0.011         (0.849,0.842,0.834) d-0.111         (0.997,0.997,0.993) d+0.006         (0.993,0.997,0.997) d+0.006         (0.566,0.567,0.564) d+0.000         (0.605,0.602,0.598) d-0.183         (0.966,0.963,0.957) d+0.051         (0.993,0.989,0.993) d+0.024         (0.998,0.997,0.989) d+0.009         (0.997,0.997,0.990) d+0.009     
planetary_atlantic          (0.880,0.916,0.927) d+0.015         (0.885,0.914,0.907) d+0.040         (0.888,0.918,0.922) d+0.035         (0.872,0.909,0.926) d+0.029         (0.882,0.919,0.927) d+0.015         (0.875,0.924,0.931) d+0.010         (0.882,0.920,0.926) d+0.007         (0.882,0.919,0.927) d+0.001         (0.820,0.908,0.901) d+0.095         (0.876,0.911,0.928) d+0.015         (0.870,0.911,0.934) d+0.017         (0.882,0.919,0.927) d+0.003         (0.860,0.935,0.931) d+0.035         (0.878,0.875,0.905) d+0.069         (0.816,0.828,0.802) d-0.050         (0.877,0.917,0.928) d+0.010         (0.885,0.913,0.926) d+0.021         (0.846,0.853,0.812) d-0.024         (0.840,0.951,0.952) d+0.112         (0.754,0.733,0.696) d-0.126         (0.871,0.872,0.821) d-0.011         (0.881,0.920,0.927) d+0.012         (0.883,0.919,0.921) d+0.008         (0.884,0.914,0.925) d+0.011         (0.881,0.918,0.926) d+0.038                      -                      (0.927,0.900,0.912) d+0.047         (0.920,0.891,0.946) d+0.039         (0.920,0.895,0.939) d+0.038         (0.872,0.910,0.927) d+0.028         (0.883,0.919,0.928) d+0.005         (0.808,0.815,0.788) d-0.067         (0.841,0.855,0.835) d-0.040         (0.882,0.919,0.927) d+0.003         (0.880,0.918,0.927) d+0.006         (0.881,0.921,0.926) d+0.005         (0.882,0.919,0.927) d+0.058         (0.778,0.840,0.918) d+0.046         (0.881,0.918,0.926) d+0.006         (0.824,0.834,0.808) d-0.057         (0.882,0.919,0.926) d+0.003         (0.884,0.919,0.927) d+0.008         (0.606,0.587,0.575) d+0.000         (0.639,0.624,0.604) d-0.140         (0.879,0.911,0.912) d+0.047         (0.884,0.911,0.925) d+0.009         (0.881,0.919,0.927) d+0.007         (0.882,0.918,0.927) d+0.007     
planetary_gulf              (0.933,0.965,0.958) d+0.014         (0.939,0.966,0.926) d+0.028         (0.942,0.971,0.932) d+0.013         (0.924,0.967,0.939) d+0.033         (0.936,0.964,0.955) d+0.026         (0.927,0.959,0.953) d+0.011         (0.936,0.962,0.956) d+0.007         (0.935,0.963,0.954) d+0.002         (0.857,0.896,0.900) d+0.077         (0.926,0.956,0.953) d+0.006         (0.920,0.971,0.941) d+0.018         (0.936,0.963,0.955) d+0.002         (0.908,0.943,0.956) d+0.038         (0.928,0.930,0.888) d+0.002         (0.836,0.825,0.820) d-0.092         (0.930,0.965,0.941) d+0.012         (0.939,0.966,0.955) d+0.014         (0.872,0.842,0.823) d-0.037         (0.880,0.915,0.925) d-0.026         (0.749,0.706,0.689) d-0.181         (0.902,0.856,0.824) d-0.033         (0.934,0.962,0.956) d+0.016         (0.936,0.960,0.948) d+0.009         (0.937,0.964,0.958) d+0.010         (0.934,0.964,0.961) d+0.008         (0.927,0.900,0.912) d+0.001                      -                      (0.967,0.959,0.940) d+0.033         (0.967,0.969,0.948) d+0.031         (0.921,0.961,0.954) d+0.018         (0.937,0.963,0.952) d+0.003         (0.824,0.805,0.805) d-0.111         (0.868,0.858,0.860) d-0.067         (0.936,0.963,0.955) d+0.003         (0.933,0.964,0.957) d+0.002         (0.934,0.961,0.957) d+0.002         (0.935,0.963,0.955) d+0.080         (0.805,0.900,0.933) d+0.029         (0.935,0.965,0.952) d+0.006         (0.845,0.830,0.828) d-0.088         (0.936,0.964,0.957) d+0.004         (0.938,0.964,0.961) d+0.004         (0.586,0.561,0.558) d+0.000         (0.626,0.596,0.590) d-0.186         (0.930,0.944,0.938) d+0.046         (0.939,0.966,0.964) d+0.009         (0.935,0.963,0.953) d+0.004         (0.935,0.964,0.954) d+0.005     
planetary_indian            (0.942,0.957,0.962) d+0.010         (0.948,0.962,0.940) d+0.013         (0.954,0.961,0.955) d+0.056         (0.933,0.967,0.957) d+0.025         (0.944,0.957,0.962) d+0.021         (0.937,0.952,0.964) d+0.008         (0.944,0.956,0.961) d+0.008         (0.944,0.957,0.962) d+0.002         (0.868,0.883,0.915) d+0.079         (0.936,0.962,0.959) d+0.012         (0.932,0.963,0.962) d+0.034         (0.944,0.957,0.962) d+0.001         (0.920,0.931,0.960) d+0.034         (0.940,0.942,0.914) d+0.004         (0.834,0.824,0.827) d-0.101         (0.939,0.960,0.958) d+0.011         (0.946,0.962,0.960) d+0.016         (0.867,0.840,0.836) d-0.041         (0.894,0.906,0.951) d-0.011         (0.740,0.701,0.704) d-0.197         (0.896,0.851,0.841) d-0.046         (0.943,0.957,0.962) d+0.015         (0.945,0.953,0.956) d+0.009         (0.945,0.961,0.959) d+0.010         (0.943,0.958,0.960) d+0.010         (0.920,0.891,0.946) d-0.002         (0.967,0.959,0.940) d+0.025                      -                      (0.988,0.972,0.974) d+0.044         (0.931,0.965,0.961) d+0.027         (0.945,0.958,0.962) d+0.010         (0.820,0.807,0.811) d-0.122         (0.865,0.855,0.865) d-0.077         (0.944,0.957,0.962) d+0.003         (0.942,0.958,0.961) d+0.002         (0.942,0.954,0.960) d+0.004         (0.944,0.957,0.961) d+0.085         (0.817,0.913,0.935) d+0.021         (0.942,0.959,0.961) d+0.009         (0.841,0.830,0.834) d-0.099         (0.944,0.957,0.961) d+0.003         (0.946,0.957,0.961) d+0.003         (0.581,0.557,0.571) d+0.000         (0.619,0.591,0.602) d-0.183         (0.936,0.940,0.944) d+0.046         (0.947,0.964,0.960) d+0.009         (0.943,0.957,0.962) d+0.009         (0.944,0.958,0.962) d+0.010     
planetary_pacific           (0.942,0.959,0.966) d+0.011         (0.948,0.966,0.943) d+0.018         (0.955,0.966,0.958) d+0.059         (0.934,0.968,0.959) d+0.014         (0.945,0.959,0.967) d+0.026         (0.937,0.954,0.968) d+0.006         (0.944,0.958,0.967) d+0.007         (0.944,0.959,0.967) d+0.001         (0.867,0.887,0.914) d+0.077         (0.936,0.961,0.963) d+0.011         (0.932,0.966,0.964) d+0.033         (0.944,0.959,0.967) d+0.002         (0.920,0.934,0.961) d+0.028         (0.940,0.940,0.912) d+0.004         (0.834,0.823,0.831) d-0.101         (0.939,0.962,0.961) d+0.010         (0.946,0.964,0.966) d+0.015         (0.868,0.839,0.838) d-0.042         (0.894,0.909,0.949) d-0.018         (0.740,0.701,0.704) d-0.197         (0.897,0.851,0.843) d-0.045         (0.943,0.959,0.967) d+0.016         (0.945,0.956,0.961) d+0.010         (0.945,0.962,0.964) d+0.006         (0.943,0.960,0.966) d+0.011         (0.920,0.895,0.939) d-0.001         (0.967,0.969,0.948) d+0.024         (0.988,0.972,0.974) d+0.044                      -                      (0.931,0.963,0.966) d+0.022         (0.945,0.960,0.967) d+0.007         (0.820,0.803,0.815) d-0.122         (0.866,0.856,0.868) d-0.077         (0.944,0.959,0.967) d+0.002         (0.942,0.959,0.967) d+0.003         (0.942,0.956,0.966) d+0.005         (0.944,0.959,0.967) d+0.085         (0.816,0.910,0.933) d+0.016         (0.943,0.962,0.966) d+0.009         (0.842,0.828,0.838) d-0.098         (0.944,0.959,0.967) d+0.004         (0.947,0.960,0.967) d+0.003         (0.581,0.558,0.569) d+0.000         (0.619,0.592,0.602) d-0.183         (0.936,0.941,0.948) d+0.045         (0.948,0.965,0.966) d+0.009         (0.943,0.959,0.967) d+0.007         (0.944,0.960,0.967) d+0.008     
quantum_molecular_vibration    (0.973,0.979,0.986) d+0.022         (0.965,0.975,0.959) d+0.033         (0.965,0.975,0.969) d+0.030         (0.981,0.986,0.974) d+0.009         (0.972,0.980,0.988) d+0.027         (0.982,0.975,0.986) d+0.006         (0.972,0.979,0.989) d+0.004         (0.973,0.980,0.988) d+0.002         (0.916,0.896,0.920) d+0.090         (0.980,0.983,0.982) d+0.013         (0.974,0.980,0.976) d+0.029         (0.972,0.980,0.988) d+0.003         (0.980,0.952,0.977) d+0.034         (0.981,0.934,0.915) d+0.010         (0.832,0.837,0.828) d-0.123         (0.977,0.983,0.974) d+0.010         (0.965,0.984,0.987) d+0.025         (0.863,0.856,0.836) d-0.048         (0.934,0.922,0.943) d-0.024         (0.721,0.712,0.704) d-0.233         (0.887,0.869,0.842) d-0.077         (0.973,0.981,0.989) d+0.016         (0.964,0.972,0.974) d+0.008         (0.971,0.985,0.987) d+0.015         (0.974,0.982,0.986) d+0.016         (0.872,0.910,0.927) d-0.043         (0.921,0.961,0.954) d+0.005         (0.931,0.965,0.961) d+0.002         (0.931,0.963,0.966) d-0.004                      -                      (0.971,0.982,0.987) d+0.009         (0.813,0.819,0.813) d-0.148         (0.862,0.870,0.866) d-0.104         (0.972,0.980,0.988) d+0.002         (0.976,0.982,0.989) d+0.010         (0.972,0.977,0.989) d+0.006         (0.972,0.980,0.988) d+0.089         (0.847,0.900,0.952) d+0.042         (0.972,0.982,0.986) d+0.010         (0.837,0.843,0.835) d-0.125         (0.972,0.980,0.988) d+0.006         (0.969,0.981,0.986) d+0.006         (0.560,0.564,0.566) d+0.000         (0.597,0.598,0.599) d-0.182         (0.953,0.958,0.957) d+0.047         (0.970,0.987,0.983) d+0.009         (0.973,0.981,0.988) d+0.009         (0.973,0.981,0.988) d+0.009     
quantum_transitional        (0.991,0.993,0.988) d+0.024         (0.983,0.978,0.962) d+0.029         (0.979,0.984,0.972) d+0.034         (0.984,0.982,0.983) d+0.006         (0.998,0.997,0.995) d+0.035         (0.984,0.991,0.996) d+0.003         (0.998,0.997,0.993) d+0.010         (0.998,0.998,0.996) d+0.002         (0.898,0.908,0.925) d+0.084         (0.978,0.975,0.988) d+0.007         (0.967,0.988,0.983) d+0.035         (0.998,0.998,0.996) d+0.003         (0.963,0.965,0.975) d+0.040         (0.977,0.925,0.922) d-0.003         (0.844,0.837,0.831) d-0.126         (0.991,0.996,0.984) d+0.012         (0.991,0.991,0.994) d+0.018         (0.878,0.858,0.839) d-0.048         (0.918,0.931,0.948) d-0.048         (0.734,0.716,0.707) d-0.234         (0.906,0.873,0.845) d-0.077         (0.997,0.997,0.994) d+0.022         (0.982,0.979,0.977) d+0.005         (0.990,0.989,0.986) d+0.007         (0.995,0.997,0.987) d+0.011         (0.883,0.919,0.928) d-0.057         (0.937,0.963,0.952) d-0.012         (0.945,0.958,0.962) d-0.006         (0.945,0.960,0.967) d-0.008         (0.971,0.982,0.987) d+0.022                      -                      (0.826,0.819,0.815) d-0.153         (0.876,0.871,0.867) d-0.112         (0.998,0.998,0.996) d+0.003         (0.993,0.997,0.993) d+0.009         (0.995,0.994,0.993) d+0.007         (0.996,0.995,0.993) d+0.086         (0.831,0.891,0.949) d+0.009         (0.996,0.996,0.997) d+0.012         (0.850,0.843,0.837) d-0.128         (0.998,0.998,0.993) d+0.009         (0.996,0.997,0.987) d+0.006         (0.568,0.567,0.568) d+0.000         (0.606,0.602,0.602) d-0.184         (0.967,0.963,0.959) d+0.047         (0.996,0.989,0.981) d+0.003         (0.997,0.998,0.997) d+0.011         (0.998,0.999,0.997) d+0.012     
seismic_japan               (0.827,0.819,0.811) d+0.010         (0.829,0.812,0.826) d+0.025         (0.821,0.813,0.824) d+0.026         (0.821,0.813,0.819) d+0.023         (0.825,0.819,0.815) d-0.001         (0.820,0.822,0.814) d+0.009         (0.826,0.820,0.814) d+0.004         (0.825,0.819,0.815) d+0.001         (0.795,0.825,0.814) d-0.029         (0.820,0.813,0.812) d+0.039         (0.818,0.817,0.816) d+0.027         (0.825,0.819,0.815) d+0.002         (0.812,0.826,0.802) d+0.023         (0.812,0.785,0.821) d+0.037         (0.940,0.943,0.942) d+0.149         (0.824,0.818,0.818) d+0.007         (0.828,0.817,0.814) d+0.009         (0.919,0.934,0.935) d+0.078         (0.783,0.817,0.809) d+0.001         (0.804,0.787,0.774) d-0.027         (0.890,0.907,0.907) d+0.089         (0.825,0.820,0.813) d+0.002         (0.828,0.818,0.821) d+0.005         (0.823,0.819,0.812) d+0.004         (0.824,0.819,0.812) d+0.018         (0.808,0.815,0.788) d+0.011         (0.824,0.805,0.805) d+0.009         (0.820,0.807,0.811) d+0.009         (0.820,0.803,0.815) d+0.011         (0.813,0.819,0.813) d+0.015         (0.826,0.819,0.815) d+0.004                      -                      (0.896,0.893,0.889) d+0.087         (0.825,0.819,0.815) d+0.002         (0.825,0.820,0.813) d+0.003         (0.825,0.820,0.814) d+0.002         (0.825,0.819,0.815) d-0.009         (0.716,0.763,0.792) d+0.036         (0.826,0.817,0.815) d+0.005         (0.941,0.943,0.946) d+0.189         (0.826,0.819,0.814) d+0.001         (0.826,0.819,0.811) d+0.004         (0.594,0.596,0.596) d+0.000         (0.641,0.640,0.638) d-0.217         (0.832,0.827,0.824) d-0.009         (0.825,0.816,0.811) d+0.008         (0.825,0.819,0.815) d+0.004         (0.825,0.819,0.815) d+0.004     
seismic_reference           (0.875,0.870,0.864) d+0.008         (0.877,0.865,0.872) d+0.022         (0.871,0.865,0.872) d+0.022         (0.872,0.866,0.869) d+0.015         (0.876,0.871,0.867) d-0.001         (0.871,0.873,0.867) d+0.006         (0.876,0.872,0.867) d+0.003         (0.875,0.871,0.867) d+0.001         (0.841,0.870,0.871) d-0.024         (0.868,0.865,0.864) d+0.053         (0.868,0.868,0.866) d+0.024         (0.876,0.871,0.867) d+0.002         (0.861,0.875,0.855) d+0.020         (0.863,0.837,0.862) d+0.019         (0.929,0.929,0.922) d+0.055         (0.875,0.870,0.870) d+0.005         (0.878,0.869,0.867) d+0.004         (0.959,0.937,0.910) d+0.036         (0.836,0.863,0.860) d-0.007         (0.773,0.753,0.740) d-0.111         (0.943,0.926,0.895) d+0.064         (0.875,0.872,0.866) d+0.001         (0.878,0.871,0.873) d+0.003         (0.873,0.872,0.865) d+0.002         (0.875,0.871,0.865) d+0.007         (0.841,0.855,0.835) d-0.007         (0.868,0.858,0.860) d+0.006         (0.865,0.855,0.865) d+0.004         (0.866,0.856,0.868) d+0.004         (0.862,0.870,0.866) d+0.013         (0.876,0.871,0.867) d+0.003         (0.896,0.893,0.889) d+0.023                      -                      (0.876,0.871,0.867) d+0.001         (0.875,0.871,0.867) d+0.002         (0.876,0.872,0.867) d+0.002         (0.876,0.871,0.867) d-0.013         (0.760,0.811,0.847) d+0.027         (0.876,0.869,0.868) d+0.004         (0.939,0.935,0.929) d+0.060         (0.876,0.871,0.867) d+0.001         (0.876,0.871,0.864) d+0.003         (0.583,0.582,0.582) d+0.000         (0.627,0.622,0.620) d-0.232         (0.885,0.882,0.880) d-0.013         (0.875,0.869,0.864) d+0.007         (0.875,0.871,0.868) d+0.003         (0.875,0.871,0.868) d+0.003     
stellar                     (0.992,0.994,0.991) d+0.021         (0.983,0.977,0.961) d+0.025         (0.979,0.984,0.971) d+0.034         (0.985,0.981,0.979) d+0.001         (0.999,0.999,0.999) d+0.038         (0.986,0.992,0.994) d-0.001         (1.000,0.998,0.997) d+0.007         (1.000,1.000,0.999) d+0.001         (0.899,0.909,0.922) d+0.082         (0.979,0.973,0.986) d+0.003         (0.969,0.988,0.980) d+0.037         (0.999,1.000,0.999) d+0.004         (0.965,0.967,0.977) d+0.040         (0.978,0.924,0.918) d-0.003         (0.843,0.837,0.830) d-0.126         (0.993,0.995,0.980) d+0.013         (0.990,0.990,0.995) d+0.012         (0.878,0.858,0.838) d-0.048         (0.919,0.931,0.945) d-0.046         (0.733,0.717,0.705) d-0.234         (0.905,0.874,0.844) d-0.078         (0.998,0.998,0.998) d+0.025         (0.982,0.979,0.978) d+0.004         (0.989,0.989,0.989) d+0.004         (0.997,0.997,0.991) d+0.016         (0.882,0.919,0.927) d-0.060         (0.936,0.963,0.955) d-0.007         (0.944,0.957,0.962) d-0.003         (0.944,0.959,0.967) d-0.009         (0.972,0.980,0.988) d+0.021         (0.998,0.998,0.996) d-0.000         (0.825,0.819,0.815) d-0.153         (0.876,0.871,0.867) d-0.112                      -                      (0.994,0.996,0.996) d+0.004         (0.996,0.995,0.996) d+0.003         (0.996,0.996,0.995) d+0.083         (0.831,0.890,0.949) d+0.021         (0.996,0.996,0.995) d+0.009         (0.850,0.843,0.837) d-0.128         (0.999,0.999,0.997) d+0.010         (0.995,0.998,0.990) d+0.003         (0.567,0.567,0.567) d+0.000         (0.606,0.603,0.601) d-0.185         (0.967,0.963,0.959) d+0.046         (0.995,0.987,0.985) d-0.003         (0.998,0.999,0.998) d+0.002         (0.999,0.999,0.999) d+0.002     
stellar_age                 (0.994,0.994,0.994) d+0.021         (0.983,0.976,0.959) d+0.028         (0.978,0.983,0.968) d+0.028         (0.989,0.982,0.976) d+0.004         (0.994,0.996,0.996) d+0.037         (0.989,0.990,0.992) d+0.001         (0.994,0.996,0.998) d+0.008         (0.995,0.996,0.996) d+0.001         (0.903,0.907,0.921) d+0.082         (0.982,0.973,0.985) d+0.002         (0.972,0.989,0.979) d+0.034         (0.994,0.996,0.996) d+0.005         (0.969,0.965,0.979) d+0.036         (0.979,0.924,0.916) d-0.002         (0.843,0.837,0.829) d-0.125         (0.996,0.995,0.977) d+0.013         (0.986,0.991,0.994) d+0.015         (0.877,0.858,0.837) d-0.048         (0.921,0.929,0.944) d-0.041         (0.732,0.717,0.704) d-0.235         (0.903,0.874,0.842) d-0.078         (0.995,0.996,0.997) d+0.023         (0.981,0.978,0.977) d+0.005         (0.986,0.989,0.989) d+0.005         (0.995,0.995,0.993) d+0.016         (0.880,0.918,0.927) d-0.060         (0.933,0.964,0.957) d-0.003         (0.942,0.958,0.961) d-0.004         (0.942,0.959,0.967) d-0.011         (0.976,0.982,0.989) d+0.021         (0.993,0.997,0.993) d+0.002         (0.825,0.820,0.813) d-0.151         (0.875,0.871,0.867) d-0.110         (0.994,0.996,0.996) d+0.004                      -                      (0.993,0.993,0.997) d+0.006         (0.993,0.994,0.994) d+0.084         (0.833,0.891,0.950) d+0.023         (0.994,0.995,0.992) d+0.006         (0.849,0.843,0.836) d-0.127         (0.994,0.996,0.998) d+0.009         (0.990,0.995,0.993) d+0.006         (0.566,0.567,0.566) d+0.000         (0.604,0.602,0.600) d-0.184         (0.966,0.963,0.959) d+0.047         (0.990,0.989,0.988) d-0.002         (0.995,0.997,0.994) d+0.003         (0.995,0.997,0.995) d+0.006     
stellar_bfield              (0.990,0.992,0.993) d+0.019         (0.981,0.974,0.959) d+0.030         (0.977,0.982,0.968) d+0.031         (0.985,0.977,0.977) d+0.001         (0.995,0.995,0.996) d+0.038         (0.985,0.995,0.992) d+0.001         (0.996,0.997,0.998) d+0.008         (0.996,0.996,0.996) d+0.002         (0.899,0.911,0.922) d+0.083         (0.978,0.970,0.985) d+0.002         (0.967,0.984,0.978) d+0.031         (0.996,0.996,0.996) d+0.004         (0.965,0.970,0.979) d+0.037         (0.977,0.921,0.916) d-0.004         (0.844,0.838,0.829) d-0.125         (0.993,0.991,0.977) d+0.012         (0.990,0.986,0.995) d+0.011         (0.878,0.860,0.837) d-0.048         (0.918,0.933,0.943) d-0.045         (0.734,0.719,0.704) d-0.234         (0.905,0.876,0.842) d-0.077         (0.996,0.995,0.997) d+0.024         (0.981,0.978,0.977) d+0.004         (0.988,0.985,0.989) d+0.004         (0.995,0.993,0.993) d+0.015         (0.881,0.921,0.926) d-0.062         (0.934,0.961,0.957) d-0.004         (0.942,0.954,0.960) d+0.001         (0.942,0.956,0.966) d-0.006         (0.972,0.977,0.989) d+0.021         (0.995,0.994,0.993) d+0.002         (0.825,0.820,0.814) d-0.152         (0.876,0.872,0.867) d-0.110         (0.996,0.995,0.996) d+0.002         (0.993,0.993,0.997) d+0.005                      -                      (0.994,0.994,0.994) d+0.086         (0.831,0.887,0.950) d+0.018         (0.995,0.992,0.992) d+0.005         (0.850,0.844,0.836) d-0.127         (0.996,0.995,0.997) d+0.010         (0.994,0.995,0.992) d+0.005         (0.567,0.568,0.566) d+0.000         (0.605,0.604,0.600) d-0.184         (0.967,0.963,0.959) d+0.046         (0.992,0.983,0.987) d+0.000         (0.995,0.995,0.994) d+0.002         (0.995,0.995,0.995) d+0.004     
stellar_colour              (0.991,0.992,0.990) d+0.019         (0.983,0.977,0.961) d+0.029         (0.979,0.984,0.970) d+0.029         (0.985,0.981,0.978) d+0.034         (0.996,0.996,0.996) d+0.025         (0.985,0.991,0.992) d+0.015         (0.996,0.995,0.995) d+0.011         (0.996,0.996,0.995) d+0.003         (0.899,0.909,0.923) d+0.073         (0.978,0.973,0.985) d+0.002         (0.968,0.987,0.980) d+0.037         (0.996,0.996,0.995) d+0.004         (0.965,0.966,0.977) d+0.042         (0.977,0.924,0.918) d-0.003         (0.844,0.837,0.830) d-0.120         (0.992,0.993,0.979) d+0.013         (0.989,0.989,0.993) d+0.020         (0.878,0.858,0.838) d-0.048         (0.919,0.931,0.945) d-0.043         (0.734,0.717,0.705) d-0.235         (0.905,0.874,0.844) d-0.079         (0.996,0.995,0.995) d+0.009         (0.983,0.980,0.978) d+0.005         (0.990,0.990,0.990) d+0.008         (0.995,0.995,0.990) d+0.015         (0.882,0.919,0.927) d-0.047         (0.935,0.963,0.955) d+0.003         (0.944,0.957,0.961) d+0.006         (0.944,0.959,0.967) d-0.000         (0.972,0.980,0.988) d+0.041         (0.996,0.995,0.993) d+0.009         (0.825,0.819,0.815) d-0.143         (0.876,0.871,0.867) d-0.106         (0.996,0.996,0.995) d+0.004         (0.993,0.994,0.994) d+0.005         (0.994,0.994,0.994) d+0.004                      -                      (0.831,0.890,0.949) d+0.024         (0.995,0.994,0.993) d+0.005         (0.850,0.843,0.837) d-0.128         (0.996,0.996,0.995) d+0.004         (0.994,0.995,0.990) d+0.007         (0.567,0.567,0.567) d+0.000         (0.606,0.603,0.601) d-0.187         (0.967,0.963,0.960) d+0.047         (0.994,0.987,0.985) d+0.019         (0.996,0.996,0.995) d+0.007         (0.996,0.996,0.995) d+0.009     
stellar_cycle               (0.831,0.890,0.951) d+0.007         (0.829,0.900,0.932) d+0.027         (0.835,0.895,0.935) d+0.047         (0.839,0.904,0.944) d+0.029         (0.831,0.890,0.949) d+0.023         (0.840,0.884,0.949) d+0.012         (0.831,0.888,0.949) d+0.009         (0.832,0.890,0.949) d+0.002         (0.859,0.826,0.917) d+0.083         (0.837,0.905,0.953) d+0.010         (0.846,0.896,0.945) d+0.032         (0.831,0.890,0.949) d+0.004         (0.850,0.866,0.957) d+0.030         (0.844,0.945,0.906) d+0.040         (0.735,0.780,0.809) d-0.070         (0.834,0.893,0.944) d+0.011         (0.826,0.896,0.950) d+0.020         (0.754,0.791,0.816) d-0.041         (0.890,0.850,0.928) d+0.060         (0.640,0.662,0.695) d-0.184         (0.769,0.798,0.823) d-0.058         (0.832,0.889,0.950) d+0.015         (0.829,0.891,0.940) d+0.008         (0.831,0.894,0.949) d+0.011         (0.833,0.891,0.949) d+0.029         (0.778,0.840,0.918) d+0.002         (0.805,0.900,0.933) d+0.021         (0.817,0.913,0.935) d+0.024         (0.816,0.910,0.933) d+0.021         (0.847,0.900,0.952) d+0.019         (0.831,0.891,0.949) d+0.003         (0.716,0.763,0.792) d-0.085         (0.760,0.811,0.847) d-0.054         (0.831,0.890,0.949) d+0.002         (0.833,0.891,0.950) d+0.004         (0.831,0.887,0.950) d+0.002         (0.831,0.890,0.949) d+0.079                      -                      (0.831,0.893,0.949) d+0.005         (0.737,0.784,0.815) d-0.071         (0.831,0.890,0.949) d+0.006         (0.830,0.890,0.949) d+0.004         (0.519,0.534,0.563) d+0.000         (0.546,0.563,0.594) d-0.170         (0.823,0.881,0.933) d+0.044         (0.831,0.899,0.947) d+0.015         (0.832,0.890,0.948) d+0.006         (0.832,0.890,0.948) d+0.008     
stellar_dm                  (0.994,0.993,0.987) d+0.022         (0.982,0.979,0.963) d+0.015         (0.977,0.986,0.972) d+0.021         (0.985,0.984,0.984) d+0.002         (0.996,0.995,0.994) d+0.037         (0.985,0.988,0.994) d+0.003         (0.996,0.994,0.992) d+0.010         (0.996,0.995,0.995) d+0.002         (0.899,0.907,0.925) d+0.082         (0.979,0.976,0.988) d+0.006         (0.968,0.989,0.982) d+0.037         (0.996,0.996,0.995) d+0.004         (0.965,0.963,0.974) d+0.039         (0.976,0.927,0.922) d-0.003         (0.844,0.835,0.831) d-0.125         (0.992,0.997,0.984) d+0.013         (0.990,0.992,0.993) d+0.013         (0.878,0.856,0.840) d-0.048         (0.918,0.930,0.946) d-0.045         (0.734,0.715,0.707) d-0.233         (0.905,0.871,0.846) d-0.077         (0.996,0.995,0.993) d+0.023         (0.982,0.980,0.978) d+0.005         (0.988,0.989,0.985) d+0.006         (0.995,0.996,0.986) d+0.016         (0.881,0.918,0.926) d-0.060         (0.935,0.965,0.952) d-0.007         (0.942,0.959,0.961) d-0.005         (0.943,0.962,0.966) d-0.012         (0.972,0.982,0.986) d+0.021         (0.996,0.996,0.997) d+0.002         (0.826,0.817,0.815) d-0.151         (0.876,0.869,0.868) d-0.111         (0.996,0.996,0.995) d+0.004         (0.994,0.995,0.992) d+0.005         (0.995,0.992,0.992) d+0.005         (0.995,0.994,0.993) d+0.082         (0.831,0.893,0.949) d+0.011                      -                      (0.851,0.841,0.838) d-0.127         (0.996,0.996,0.992) d+0.009         (0.993,0.996,0.986) d+0.004         (0.567,0.566,0.568) d+0.000         (0.606,0.601,0.602) d-0.185         (0.967,0.962,0.959) d+0.047         (0.992,0.990,0.980) d+0.003         (0.996,0.996,0.996) d+0.005         (0.995,0.996,0.995) d+0.007     
stellar_kinematic           (0.851,0.842,0.834) d+0.009         (0.852,0.836,0.847) d+0.025         (0.845,0.837,0.845) d+0.026         (0.846,0.837,0.841) d+0.023         (0.850,0.843,0.837) d-0.001         (0.845,0.846,0.836) d+0.009         (0.850,0.844,0.836) d+0.004         (0.850,0.843,0.837) d+0.001         (0.819,0.847,0.839) d-0.038         (0.844,0.837,0.834) d+0.041         (0.843,0.840,0.838) d+0.027         (0.850,0.843,0.837) d+0.002         (0.837,0.849,0.824) d+0.022         (0.837,0.808,0.841) d+0.036         (0.979,0.986,0.980) d+0.157         (0.849,0.842,0.841) d+0.007         (0.853,0.841,0.836) d+0.010         (0.955,0.955,0.941) d+0.068         (0.809,0.839,0.831) d-0.003         (0.788,0.773,0.762) d-0.069         (0.920,0.926,0.914) d+0.081         (0.850,0.843,0.836) d+0.002         (0.852,0.842,0.843) d+0.005         (0.847,0.844,0.834) d+0.004         (0.849,0.842,0.834) d+0.018         (0.824,0.834,0.808) d+0.005         (0.845,0.830,0.828) d+0.008         (0.841,0.830,0.834) d+0.009         (0.842,0.828,0.838) d+0.009         (0.837,0.843,0.835) d+0.016         (0.850,0.843,0.837) d+0.003         (0.941,0.943,0.946) d+0.167         (0.939,0.935,0.929) d+0.099         (0.850,0.843,0.837) d+0.002         (0.849,0.843,0.836) d+0.003         (0.850,0.844,0.836) d+0.002         (0.850,0.843,0.837) d-0.011         (0.737,0.784,0.815) d+0.034         (0.851,0.841,0.838) d+0.005                      -                      (0.850,0.843,0.836) d+0.001         (0.850,0.843,0.834) d+0.004         (0.588,0.590,0.592) d+0.000         (0.633,0.632,0.632) d-0.258         (0.858,0.852,0.848) d-0.011         (0.849,0.840,0.833) d+0.008         (0.849,0.843,0.838) d+0.004         (0.849,0.843,0.838) d+0.004     
stellar_rotation_kepler     (0.992,0.994,0.993) d+0.019         (0.983,0.977,0.959) d+0.025         (0.979,0.985,0.969) d+0.035         (0.985,0.981,0.977) d+0.003         (0.999,0.999,0.997) d+0.032         (0.985,0.992,0.992) d-0.001         (0.999,0.998,0.999) d+0.009         (0.999,0.999,0.997) d+0.002         (0.899,0.909,0.921) d+0.081         (0.978,0.973,0.985) d+0.001         (0.969,0.988,0.978) d+0.037         (0.999,0.999,0.997) d+0.004         (0.965,0.967,0.978) d+0.042         (0.977,0.924,0.916) d-0.003         (0.844,0.837,0.830) d-0.126         (0.992,0.995,0.977) d+0.013         (0.990,0.990,0.995) d+0.006         (0.878,0.858,0.837) d-0.048         (0.919,0.931,0.944) d-0.046         (0.734,0.717,0.704) d-0.234         (0.905,0.873,0.842) d-0.078         (0.998,0.998,0.998) d+0.019         (0.982,0.979,0.977) d+0.005         (0.989,0.988,0.990) d+0.004         (0.997,0.997,0.993) d+0.016         (0.882,0.919,0.926) d-0.056         (0.936,0.964,0.957) d-0.003         (0.944,0.957,0.961) d-0.003         (0.944,0.959,0.967) d-0.009         (0.972,0.980,0.988) d+0.020         (0.998,0.998,0.993) d-0.001         (0.826,0.819,0.814) d-0.153         (0.876,0.871,0.867) d-0.111         (0.999,0.999,0.997) d+0.002         (0.994,0.996,0.998) d+0.004         (0.996,0.995,0.997) d+0.003         (0.996,0.996,0.995) d+0.084         (0.831,0.890,0.949) d+0.017         (0.996,0.996,0.992) d+0.004         (0.850,0.843,0.836) d-0.128                      -                      (0.995,0.998,0.993) d+0.004         (0.567,0.567,0.566) d+0.000         (0.606,0.603,0.600) d-0.186         (0.967,0.963,0.959) d+0.047         (0.995,0.987,0.988) d-0.003         (0.998,0.999,0.995) d+0.003         (0.999,0.999,0.996) d+0.003     
stellar_rotation_pulsar     (0.988,0.993,0.994) d+0.016         (0.983,0.978,0.954) d+0.017         (0.980,0.985,0.963) d+0.035         (0.981,0.981,0.970) d+0.006         (0.996,0.998,0.990) d+0.038         (0.982,0.992,0.988) d+0.002         (0.995,0.997,0.993) d+0.010         (0.995,0.998,0.990) d+0.002         (0.896,0.909,0.918) d+0.083         (0.976,0.974,0.981) d+0.000         (0.966,0.988,0.974) d+0.037         (0.996,0.998,0.990) d+0.004         (0.961,0.967,0.982) d+0.036         (0.976,0.925,0.911) d-0.004         (0.843,0.837,0.827) d-0.125         (0.988,0.995,0.971) d+0.013         (0.992,0.990,0.989) d+0.012         (0.878,0.858,0.833) d-0.048         (0.917,0.932,0.942) d-0.043         (0.735,0.717,0.701) d-0.233         (0.906,0.873,0.838) d-0.076         (0.994,0.998,0.992) d+0.024         (0.983,0.980,0.974) d+0.004         (0.989,0.988,0.989) d+0.004         (0.993,0.997,0.997) d+0.013         (0.884,0.919,0.927) d-0.060         (0.938,0.964,0.961) d-0.002         (0.946,0.957,0.961) d+0.003         (0.947,0.960,0.967) d-0.003         (0.969,0.981,0.986) d+0.022         (0.996,0.997,0.987) d+0.002         (0.826,0.819,0.811) d-0.152         (0.876,0.871,0.864) d-0.109         (0.995,0.998,0.990) d+0.004         (0.990,0.995,0.993) d+0.004         (0.994,0.995,0.992) d+0.003         (0.994,0.995,0.990) d+0.082         (0.830,0.890,0.949) d+0.017         (0.993,0.996,0.986) d+0.009         (0.850,0.843,0.834) d-0.127         (0.995,0.998,0.993) d+0.010                      -                      (0.568,0.567,0.564) d+0.000         (0.607,0.603,0.598) d-0.184         (0.967,0.963,0.957) d+0.047         (0.996,0.987,0.993) d+0.003         (0.994,0.998,0.988) d+0.004         (0.995,0.998,0.989) d+0.004     
stellar_spindown            (0.566,0.566,0.565) d+0.006         (0.569,0.564,0.572) d+0.021         (0.569,0.566,0.573) d+0.022         (0.562,0.562,0.573) d+0.015         (0.567,0.567,0.567) d+0.000         (0.563,0.569,0.568) d+0.006         (0.567,0.568,0.566) d+0.004         (0.567,0.567,0.567) d+0.001         (0.541,0.591,0.582) d+0.016         (0.564,0.562,0.568) d+0.013         (0.560,0.564,0.572) d+0.013         (0.567,0.567,0.567) d+0.001         (0.556,0.577,0.563) d+0.014         (0.563,0.548,0.593) d+0.054         (0.584,0.590,0.596) d+0.039         (0.565,0.566,0.573) d+0.004         (0.569,0.564,0.567) d+0.013         (0.587,0.595,0.605) d+0.117         (0.546,0.587,0.580) d+0.069         (0.659,0.667,0.672) d+0.128         (0.588,0.598,0.610) d+0.142         (0.567,0.567,0.566) d+0.002         (0.568,0.567,0.568) d+0.003         (0.568,0.566,0.565) d+0.003         (0.566,0.567,0.564) d+0.025         (0.606,0.587,0.575) d+0.054         (0.586,0.561,0.558) d+0.020         (0.581,0.557,0.571) d+0.015         (0.581,0.558,0.569) d+0.014         (0.560,0.564,0.566) d+0.013         (0.568,0.567,0.568) d+0.004         (0.594,0.596,0.596) d+0.040         (0.583,0.582,0.582) d+0.023         (0.567,0.567,0.567) d+0.001         (0.566,0.567,0.566) d+0.002         (0.567,0.568,0.566) d+0.001         (0.567,0.567,0.567) d+0.001         (0.519,0.534,0.563) d+0.021         (0.567,0.566,0.568) d+0.004         (0.588,0.590,0.592) d+0.041         (0.567,0.567,0.566) d+0.001         (0.568,0.567,0.564) d+0.004                      -                      (0.780,0.786,0.788) d+0.231         (0.569,0.568,0.569) d-0.001         (0.568,0.563,0.563) d+0.007         (0.567,0.567,0.568) d+0.003         (0.567,0.567,0.567) d+0.003     
stellar_wrongbox            (0.605,0.602,0.598) d+0.007         (0.607,0.599,0.608) d+0.023         (0.607,0.601,0.608) d+0.026         (0.600,0.596,0.608) d+0.017         (0.606,0.603,0.601) d-0.000         (0.601,0.606,0.602) d+0.007         (0.606,0.603,0.600) d+0.004         (0.605,0.603,0.601) d+0.001         (0.573,0.633,0.619) d+0.020         (0.601,0.596,0.602) d+0.016         (0.597,0.600,0.606) d+0.015         (0.606,0.603,0.601) d+0.002         (0.593,0.615,0.595) d+0.018         (0.600,0.578,0.632) d+0.061         (0.628,0.633,0.638) d+0.047         (0.603,0.601,0.608) d+0.005         (0.608,0.599,0.600) d+0.015         (0.631,0.639,0.649) d+0.146         (0.579,0.623,0.611) d+0.074         (0.733,0.741,0.746) d+0.165         (0.632,0.642,0.657) d+0.177         (0.605,0.603,0.600) d+0.002         (0.607,0.602,0.602) d+0.003         (0.606,0.601,0.598) d+0.003         (0.605,0.602,0.598) d+0.028         (0.639,0.624,0.604) d+0.055         (0.626,0.596,0.590) d+0.021         (0.619,0.591,0.602) d+0.015         (0.619,0.592,0.602) d+0.013         (0.597,0.598,0.599) d+0.015         (0.606,0.602,0.602) d+0.004         (0.641,0.640,0.638) d+0.047         (0.627,0.622,0.620) d+0.028         (0.606,0.603,0.601) d+0.001         (0.604,0.602,0.600) d+0.003         (0.605,0.604,0.600) d+0.002         (0.606,0.603,0.601) d+0.001         (0.546,0.563,0.594) d+0.023         (0.606,0.601,0.602) d+0.005         (0.633,0.632,0.632) d+0.047         (0.606,0.603,0.600) d+0.001         (0.607,0.603,0.598) d+0.004         (0.780,0.786,0.788) d+0.000                      -                      (0.608,0.605,0.603) d-0.001         (0.607,0.598,0.596) d+0.008         (0.605,0.603,0.602) d+0.004         (0.605,0.602,0.601) d+0.004     
subnuclear_eta              (0.966,0.962,0.957) d+0.008         (0.963,0.955,0.947) d+0.009         (0.960,0.958,0.953) d+0.033         (0.962,0.958,0.956) d+0.020         (0.967,0.963,0.959) d-0.002         (0.962,0.963,0.958) d+0.005         (0.967,0.963,0.959) d+0.003         (0.967,0.963,0.959) d+0.001         (0.901,0.918,0.936) d+0.086         (0.960,0.954,0.956) d+0.065         (0.952,0.960,0.954) d+0.022         (0.967,0.963,0.959) d+0.002         (0.949,0.952,0.949) d+0.026         (0.957,0.914,0.912) d-0.003         (0.851,0.846,0.840) d-0.111         (0.966,0.962,0.956) d+0.007         (0.966,0.961,0.958) d+0.001         (0.888,0.868,0.849) d-0.054         (0.910,0.924,0.932) d-0.021         (0.738,0.721,0.710) d-0.259         (0.915,0.883,0.853) d-0.061         (0.967,0.963,0.959) d+0.002         (0.975,0.970,0.970) d+0.002         (0.966,0.963,0.959) d+0.001         (0.966,0.963,0.957) d+0.003         (0.879,0.911,0.912) d-0.028         (0.930,0.944,0.938) d-0.002         (0.936,0.940,0.944) d-0.006         (0.936,0.941,0.948) d-0.004         (0.953,0.958,0.957) d+0.015         (0.967,0.963,0.959) d+0.002         (0.832,0.827,0.824) d-0.138         (0.885,0.882,0.880) d-0.041         (0.967,0.963,0.959) d+0.002         (0.966,0.963,0.959) d+0.002         (0.967,0.963,0.959) d+0.001         (0.967,0.963,0.960) d-0.020         (0.823,0.881,0.933) d+0.017         (0.967,0.962,0.959) d+0.003         (0.858,0.852,0.848) d-0.103         (0.967,0.963,0.959) d+0.001         (0.967,0.963,0.957) d+0.002         (0.569,0.568,0.569) d+0.000         (0.608,0.605,0.603) d-0.212                      -                      (0.967,0.960,0.956) d+0.006         (0.967,0.963,0.959) d+0.002         (0.967,0.963,0.959) d+0.003     
subnuclear_mass             (0.988,0.986,0.990) d+0.023         (0.984,0.979,0.951) d+0.015         (0.983,0.981,0.960) d+0.039         (0.981,0.991,0.965) d+0.019         (0.996,0.987,0.985) d+0.028         (0.983,0.980,0.982) d+0.015         (0.995,0.985,0.987) d+0.011         (0.995,0.987,0.984) d+0.002         (0.896,0.900,0.913) d+0.077         (0.976,0.981,0.976) d+0.010         (0.968,0.989,0.970) d+0.025         (0.996,0.987,0.985) d+0.005         (0.962,0.955,0.980) d+0.034         (0.977,0.933,0.906) d-0.003         (0.843,0.834,0.826) d-0.126         (0.988,0.991,0.966) d+0.015         (0.990,0.994,0.984) d+0.012         (0.877,0.854,0.832) d-0.049         (0.918,0.922,0.939) d-0.041         (0.734,0.711,0.699) d-0.234         (0.905,0.868,0.836) d-0.077         (0.994,0.986,0.986) d+0.015         (0.983,0.976,0.972) d+0.007         (0.989,0.989,0.986) d+0.009         (0.993,0.989,0.993) d+0.015         (0.884,0.911,0.925) d-0.038         (0.939,0.966,0.964) d+0.002         (0.947,0.964,0.960) d+0.003         (0.948,0.965,0.966) d+0.001         (0.970,0.987,0.983) d+0.030         (0.996,0.989,0.981) d+0.006         (0.825,0.816,0.811) d-0.150         (0.875,0.869,0.864) d-0.106         (0.995,0.987,0.985) d+0.003         (0.990,0.989,0.988) d+0.009         (0.992,0.983,0.987) d+0.005         (0.994,0.987,0.985) d+0.086         (0.831,0.899,0.947) d+0.013         (0.992,0.990,0.980) d+0.013         (0.849,0.840,0.833) d-0.128         (0.995,0.987,0.988) d+0.007         (0.996,0.987,0.993) d+0.009         (0.568,0.563,0.563) d+0.000         (0.607,0.598,0.596) d-0.189         (0.967,0.960,0.956) d+0.048                      -                      (0.994,0.988,0.983) d+0.005         (0.995,0.988,0.984) d+0.007     
subnuclear_pt_lead          (0.992,0.994,0.990) d+0.016         (0.983,0.977,0.963) d+0.034         (0.979,0.984,0.972) d+0.032         (0.987,0.981,0.981) d+0.015         (0.998,0.999,0.997) d+0.034         (0.987,0.992,0.994) d+0.003         (0.998,0.998,0.995) d+0.011         (0.999,0.999,0.998) d+0.003         (0.900,0.909,0.923) d+0.085         (0.980,0.974,0.986) d+0.003         (0.970,0.988,0.982) d+0.036         (0.998,0.999,0.998) d+0.009         (0.966,0.966,0.975) d+0.042         (0.979,0.924,0.920) d-0.003         (0.843,0.837,0.831) d-0.126         (0.994,0.995,0.982) d+0.011         (0.989,0.990,0.995) d+0.017         (0.877,0.858,0.839) d-0.049         (0.920,0.931,0.945) d-0.046         (0.733,0.717,0.706) d-0.235         (0.904,0.874,0.845) d-0.079         (0.998,0.998,0.996) d+0.022         (0.982,0.979,0.978) d+0.005         (0.989,0.989,0.987) d+0.004         (0.998,0.997,0.989) d+0.012         (0.881,0.919,0.927) d-0.052         (0.935,0.963,0.953) d-0.010         (0.943,0.957,0.962) d-0.007         (0.943,0.959,0.967) d-0.010         (0.973,0.981,0.988) d+0.018         (0.997,0.998,0.997) d+0.003         (0.825,0.819,0.815) d-0.153         (0.875,0.871,0.868) d-0.112         (0.998,0.999,0.998) d+0.001         (0.995,0.997,0.994) d+0.006         (0.995,0.995,0.994) d+0.003         (0.996,0.996,0.995) d+0.086         (0.832,0.890,0.948) d+0.027         (0.996,0.996,0.996) d+0.012         (0.849,0.843,0.838) d-0.128         (0.998,0.999,0.995) d+0.011         (0.994,0.998,0.988) d+0.008         (0.567,0.567,0.568) d+0.000         (0.605,0.603,0.602) d-0.184         (0.967,0.963,0.959) d+0.047         (0.994,0.988,0.983) d+0.001                      -                      (0.999,0.999,0.999) d+0.008     
subnuclear_pt_sublead       (0.991,0.994,0.990) d+0.013         (0.983,0.977,0.962) d+0.036         (0.980,0.984,0.972) d+0.030         (0.986,0.982,0.980) d+0.018         (0.998,0.998,0.998) d+0.034         (0.986,0.991,0.994) d+0.009         (0.998,0.997,0.996) d+0.011         (0.999,0.999,0.999) d+0.004         (0.899,0.908,0.923) d+0.087         (0.979,0.974,0.986) d+0.003         (0.969,0.988,0.981) d+0.034         (0.999,0.999,0.999) d+0.009         (0.965,0.966,0.976) d+0.043         (0.978,0.924,0.919) d-0.003         (0.843,0.837,0.831) d-0.126         (0.993,0.996,0.981) d+0.008         (0.989,0.991,0.995) d+0.018         (0.877,0.858,0.839) d-0.049         (0.920,0.931,0.945) d-0.045         (0.733,0.717,0.706) d-0.235         (0.904,0.873,0.844) d-0.078         (0.998,0.997,0.997) d+0.022         (0.982,0.979,0.978) d+0.005         (0.989,0.989,0.988) d+0.004         (0.997,0.997,0.990) d+0.012         (0.882,0.918,0.927) d-0.054         (0.935,0.964,0.954) d-0.008         (0.944,0.958,0.962) d-0.007         (0.944,0.960,0.967) d-0.010         (0.973,0.981,0.988) d+0.018         (0.998,0.999,0.997) d+0.008         (0.825,0.819,0.815) d-0.154         (0.875,0.871,0.868) d-0.112         (0.999,0.999,0.999) d+0.001         (0.995,0.997,0.995) d+0.006         (0.995,0.995,0.995) d+0.003         (0.996,0.996,0.995) d+0.086         (0.832,0.890,0.948) d+0.026         (0.995,0.996,0.995) d+0.012         (0.849,0.843,0.838) d-0.128         (0.999,0.999,0.996) d+0.010         (0.995,0.998,0.989) d+0.010         (0.567,0.567,0.567) d+0.000         (0.605,0.602,0.601) d-0.183         (0.967,0.963,0.959) d+0.047         (0.995,0.988,0.984) d+0.001         (0.999,0.999,0.999) d+0.013                      -                  

--- WINNER PER PAIRING ---
  atomic_ionisation x biology_chirality: 25/pi  score=0.9877  chaos_delta=+0.0118  *** SIGNAL ***
  atomic_ionisation x cmb_anisotropy: 5/pi  score=0.9824  chaos_delta=+0.0018
  atomic_ionisation x cosmology: 13/pi  score=0.9892  chaos_delta=+0.0061
  atomic_ionisation x electron_beta: 5/pi  score=0.9936  chaos_delta=+0.0041
  atomic_ionisation x frb: 24/pi  score=0.9941  chaos_delta=+0.0044
  atomic_ionisation x galactic: 5/pi  score=0.9936  chaos_delta=+0.0000
  atomic_ionisation x galactic_mass: 5/pi  score=0.9937  chaos_delta=+0.0000
  atomic_ionisation x galactic_sersic: 10/pi  score=0.9220  chaos_delta=+0.0396  *** SIGNAL ***
  atomic_ionisation x geomagnetic: 6/pi  score=0.9816  chaos_delta=-0.0011
  atomic_ionisation x gravitational_wave: 15/pi  score=0.9921  chaos_delta=+0.0146  *** SIGNAL ***
  atomic_ionisation x materials_wrongbox: 5/pi  score=0.9937  chaos_delta=+0.0002
  atomic_ionisation x molecular_c60: 18/pi  score=0.9846  chaos_delta=+0.0169  *** SIGNAL ***
  atomic_ionisation x nuclear_binding: 4/pi  score=0.9751  chaos_delta=-0.0056
  atomic_ionisation x nuclear_decay: 4/pi  score=0.8444  chaos_delta=-0.1233
  atomic_ionisation x null_cosmology_null: 8/pi  score=0.9926  chaos_delta=+0.0003
  atomic_ionisation x orbital: 6/pi  score=0.9911  chaos_delta=-0.0022
  atomic_ionisation x orbital_eccentricity: 4/pi  score=0.8782  chaos_delta=-0.0466
  atomic_ionisation x orbital_inclination: 7/pi  score=0.9530  chaos_delta=-0.0401
  atomic_ionisation x orbital_mass: 4/pi  score=0.7326  chaos_delta=-0.2334
  atomic_ionisation x orbital_radius: 4/pi  score=0.9042  chaos_delta=-0.0763
  atomic_ionisation x orbital_transit: 6/pi  score=0.9930  chaos_delta=+0.0030
  atomic_ionisation x orbital_ttv: 4/pi  score=0.9801  chaos_delta=+0.0031
  atomic_ionisation x orbital_wrongbox: 6/pi  score=0.9875  chaos_delta=+0.0007
  atomic_ionisation x planetary: 6/pi  score=0.9940  chaos_delta=+0.0039
  atomic_ionisation x planetary_atlantic: 21/pi  score=0.9352  chaos_delta=-0.0528
  atomic_ionisation x planetary_gulf: 21/pi  score=0.9793  chaos_delta=-0.0135
  atomic_ionisation x planetary_indian: 19/pi  score=0.9673  chaos_delta=-0.0016
  atomic_ionisation x planetary_pacific: 22/pi  score=0.9742  chaos_delta=-0.0120
  atomic_ionisation x quantum_molecular_vibration: 18/pi  score=0.9927  chaos_delta=+0.0078
  atomic_ionisation x quantum_transitional: 17/pi  score=0.9935  chaos_delta=+0.0022
  atomic_ionisation x seismic_japan: 4/pi  score=0.8265  chaos_delta=-0.1492
  atomic_ionisation x seismic_reference: 4/pi  score=0.8752  chaos_delta=-0.1073
  atomic_ionisation x stellar: 5/pi  score=0.9938  chaos_delta=+0.0002
  atomic_ionisation x stellar_age: 5/pi  score=0.9942  chaos_delta=+0.0023
  atomic_ionisation x stellar_bfield: 6/pi  score=0.9927  chaos_delta=+0.0001
  atomic_ionisation x stellar_colour: 5/pi  score=0.9924  chaos_delta=+0.0378  *** SIGNAL ***
  atomic_ionisation x stellar_cycle: 14/pi  score=0.9614  chaos_delta=+0.0261  *** SIGNAL ***
  atomic_ionisation x stellar_dm: 24/pi  score=0.9943  chaos_delta=+0.0031
  atomic_ionisation x stellar_kinematic: 4/pi  score=0.8506  chaos_delta=-0.1255
  atomic_ionisation x stellar_rotation_kepler: 5/pi  score=0.9937  chaos_delta=+0.0001
  atomic_ionisation x stellar_rotation_pulsar: 6/pi  score=0.9941  chaos_delta=+0.0001
  atomic_ionisation x stellar_spindown: 25/pi  score=0.5709  chaos_delta=+0.0000
  atomic_ionisation x stellar_wrongbox: 4/pi  score=0.6047  chaos_delta=-0.3165
  atomic_ionisation x subnuclear_eta: 4/pi  score=0.9657  chaos_delta=+0.0192  *** SIGNAL ***
  atomic_ionisation x subnuclear_mass: 17/pi  score=0.9940  chaos_delta=+0.0026
  atomic_ionisation x subnuclear_pt_lead: 5/pi  score=0.9939  chaos_delta=+0.0002
  atomic_ionisation x subnuclear_pt_sublead: 12/pi  score=0.9941  chaos_delta=+0.0061
  biology_chirality x cmb_anisotropy: 12/pi  score=0.9862  chaos_delta=+0.0316  *** SIGNAL ***
  biology_chirality x cosmology: 5/pi  score=0.9836  chaos_delta=+0.0043
  biology_chirality x electron_beta: 20/pi  score=0.9868  chaos_delta=+0.0262  *** SIGNAL ***
  biology_chirality x frb: 25/pi  score=0.9836  chaos_delta=+0.0033
  biology_chirality x galactic: 26/pi  score=0.9874  chaos_delta=+0.0021
  biology_chirality x galactic_mass: 26/pi  score=0.9865  chaos_delta=-0.0014
  biology_chirality x galactic_sersic: 6/pi  score=0.9176  chaos_delta=+0.0036
  biology_chirality x geomagnetic: 5/pi  score=0.9772  chaos_delta=-0.0134
  biology_chirality x gravitational_wave: 10/pi  score=0.9880  chaos_delta=+0.0099
  biology_chirality x materials_wrongbox: 20/pi  score=0.9883  chaos_delta=+0.0011
  biology_chirality x molecular_c60: 13/pi  score=0.9805  chaos_delta=+0.0033
  biology_chirality x nuclear_binding: 8/pi  score=0.9777  chaos_delta=+0.0064
  biology_chirality x nuclear_decay: 4/pi  score=0.8458  chaos_delta=-0.1182
  biology_chirality x null_cosmology_null: 10/pi  score=0.9867  chaos_delta=+0.0002
  biology_chirality x orbital: 26/pi  score=0.9850  chaos_delta=+0.0136  *** SIGNAL ***
  biology_chirality x orbital_eccentricity: 4/pi  score=0.8796  chaos_delta=-0.0455
  biology_chirality x orbital_inclination: 7/pi  score=0.9437  chaos_delta=-0.0340
  biology_chirality x orbital_mass: 4/pi  score=0.7343  chaos_delta=-0.2294
  biology_chirality x orbital_radius: 4/pi  score=0.9061  chaos_delta=-0.0703
  biology_chirality x orbital_transit: 10/pi  score=0.9869  chaos_delta=+0.0006
  biology_chirality x orbital_ttv: 4/pi  score=0.9789  chaos_delta=+0.0061
  biology_chirality x orbital_wrongbox: 17/pi  score=0.9807  chaos_delta=+0.0056
  biology_chirality x planetary: 10/pi  score=0.9870  chaos_delta=+0.0018
  biology_chirality x planetary_atlantic: 21/pi  score=0.9417  chaos_delta=-0.0226
  biology_chirality x planetary_gulf: 20/pi  score=0.9754  chaos_delta=-0.0057
  biology_chirality x planetary_indian: 22/pi  score=0.9672  chaos_delta=+0.0125  *** SIGNAL ***
  biology_chirality x planetary_pacific: 14/pi  score=0.9709  chaos_delta=+0.0002
  biology_chirality x quantum_molecular_vibration: 26/pi  score=0.9819  chaos_delta=+0.0084
  biology_chirality x quantum_transitional: 26/pi  score=0.9889  chaos_delta=+0.0018
  biology_chirality x seismic_japan: 4/pi  score=0.8287  chaos_delta=-0.1440
  biology_chirality x seismic_reference: 4/pi  score=0.8767  chaos_delta=-0.1009
  biology_chirality x stellar: 26/pi  score=0.9871  chaos_delta=+0.0021
  biology_chirality x stellar_age: 20/pi  score=0.9886  chaos_delta=+0.0047
  biology_chirality x stellar_bfield: 20/pi  score=0.9886  chaos_delta=-0.0010
  biology_chirality x stellar_colour: 20/pi  score=0.9853  chaos_delta=+0.0826  *** SIGNAL ***
  biology_chirality x stellar_cycle: 11/pi  score=0.9571  chaos_delta=-0.0002
  biology_chirality x stellar_dm: 26/pi  score=0.9866  chaos_delta=-0.0008
  biology_chirality x stellar_kinematic: 4/pi  score=0.8524  chaos_delta=-0.1197
  biology_chirality x stellar_rotation_kepler: 20/pi  score=0.9873  chaos_delta=+0.0027
  biology_chirality x stellar_rotation_pulsar: 26/pi  score=0.9862  chaos_delta=+0.0000
  biology_chirality x stellar_spindown: 22/pi  score=0.5797  chaos_delta=+0.0000
  biology_chirality x stellar_wrongbox: 9/pi  score=0.6084  chaos_delta=-0.2673
  biology_chirality x subnuclear_eta: 4/pi  score=0.9631  chaos_delta=+0.0182  *** SIGNAL ***
  biology_chirality x subnuclear_mass: 10/pi  score=0.9862  chaos_delta=-0.0001
  biology_chirality x subnuclear_pt_lead: 20/pi  score=0.9908  chaos_delta=+0.0051
  biology_chirality x subnuclear_pt_sublead: 20/pi  score=0.9909  chaos_delta=+0.0057
  cmb_anisotropy x cosmology: 9/pi  score=0.9830  chaos_delta=+0.0019
  cmb_anisotropy x electron_beta: 5/pi  score=0.9846  chaos_delta=+0.0029
  cmb_anisotropy x frb: 7/pi  score=0.9838  chaos_delta=+0.0001
  cmb_anisotropy x galactic: 7/pi  score=0.9844  chaos_delta=-0.0006
  cmb_anisotropy x galactic_mass: 7/pi  score=0.9842  chaos_delta=+0.0007
  cmb_anisotropy x galactic_sersic: 6/pi  score=0.9219  chaos_delta=+0.0066
  cmb_anisotropy x geomagnetic: 5/pi  score=0.9725  chaos_delta=-0.0119
  cmb_anisotropy x gravitational_wave: 5/pi  score=0.9836  chaos_delta=+0.0069
  cmb_anisotropy x materials_wrongbox: 5/pi  score=0.9842  chaos_delta=-0.0006
  cmb_anisotropy x molecular_c60: 23/pi  score=0.9763  chaos_delta=+0.0174  *** SIGNAL ***
  cmb_anisotropy x nuclear_binding: 4/pi  score=0.9735  chaos_delta=+0.0033
  cmb_anisotropy x nuclear_decay: 4/pi  score=0.8384  chaos_delta=-0.1226
  cmb_anisotropy x null_cosmology_null: 5/pi  score=0.9856  chaos_delta=-0.0014
  cmb_anisotropy x orbital: 7/pi  score=0.9837  chaos_delta=-0.0009
  cmb_anisotropy x orbital_eccentricity: 4/pi  score=0.8719  chaos_delta=-0.0484
  cmb_anisotropy x orbital_inclination: 10/pi  score=0.9603  chaos_delta=+0.0213  *** SIGNAL ***
  cmb_anisotropy x orbital_mass: 4/pi  score=0.7305  chaos_delta=-0.2305
  cmb_anisotropy x orbital_radius: 4/pi  score=0.8991  chaos_delta=-0.0732
  cmb_anisotropy x orbital_transit: 5/pi  score=0.9840  chaos_delta=+0.0000
  cmb_anisotropy x orbital_ttv: 5/pi  score=0.9781  chaos_delta=+0.0076
  cmb_anisotropy x orbital_wrongbox: 5/pi  score=0.9811  chaos_delta=-0.0003
  cmb_anisotropy x planetary: 5/pi  score=0.9851  chaos_delta=+0.0035
  cmb_anisotropy x planetary_atlantic: 10/pi  score=0.9343  chaos_delta=-0.0142
  cmb_anisotropy x planetary_gulf: 5/pi  score=0.9708  chaos_delta=-0.0126
  cmb_anisotropy x planetary_indian: 15/pi  score=0.9709  chaos_delta=-0.0022
  cmb_anisotropy x planetary_pacific: 15/pi  score=0.9744  chaos_delta=+0.0068
  cmb_anisotropy x quantum_molecular_vibration: 24/pi  score=0.9810  chaos_delta=+0.0436  *** SIGNAL ***
  cmb_anisotropy x quantum_transitional: 5/pi  score=0.9840  chaos_delta=-0.0005
  cmb_anisotropy x seismic_japan: 6/pi  score=0.8237  chaos_delta=-0.1394
  cmb_anisotropy x seismic_reference: 6/pi  score=0.8716  chaos_delta=-0.0971
  cmb_anisotropy x stellar: 5/pi  score=0.9842  chaos_delta=-0.0004
  cmb_anisotropy x stellar_age: 5/pi  score=0.9827  chaos_delta=-0.0038
  cmb_anisotropy x stellar_bfield: 5/pi  score=0.9817  chaos_delta=+0.0025
  cmb_anisotropy x stellar_colour: 5/pi  score=0.9836  chaos_delta=+0.0335  *** SIGNAL ***
  cmb_anisotropy x stellar_cycle: 26/pi  score=0.9543  chaos_delta=+0.0006
  cmb_anisotropy x stellar_dm: 5/pi  score=0.9860  chaos_delta=+0.0043
  cmb_anisotropy x stellar_kinematic: 4/pi  score=0.8452  chaos_delta=-0.1238
  cmb_anisotropy x stellar_rotation_kepler: 5/pi  score=0.9847  chaos_delta=+0.0003
  cmb_anisotropy x stellar_rotation_pulsar: 5/pi  score=0.9852  chaos_delta=+0.0017
  cmb_anisotropy x stellar_spindown: 16/pi  score=0.5886  chaos_delta=+0.0000
  cmb_anisotropy x stellar_wrongbox: 16/pi  score=0.6172  chaos_delta=-0.2301
  cmb_anisotropy x subnuclear_eta: 4/pi  score=0.9599  chaos_delta=+0.0186  *** SIGNAL ***
  cmb_anisotropy x subnuclear_mass: 14/pi  score=0.9860  chaos_delta=+0.0051
  cmb_anisotropy x subnuclear_pt_lead: 5/pi  score=0.9842  chaos_delta=-0.0000
  cmb_anisotropy x subnuclear_pt_sublead: 5/pi  score=0.9840  chaos_delta=-0.0004
  cosmology x electron_beta: 7/pi  score=0.9902  chaos_delta=+0.0080
  cosmology x frb: 8/pi  score=0.9949  chaos_delta=+0.0046
  cosmology x galactic: 7/pi  score=0.9885  chaos_delta=+0.0010
  cosmology x galactic_mass: 7/pi  score=0.9892  chaos_delta=-0.0010
  cosmology x galactic_sersic: 6/pi  score=0.9328  chaos_delta=+0.0188  *** SIGNAL ***
  cosmology x geomagnetic: 8/pi  score=0.9858  chaos_delta=+0.0013
  cosmology x gravitational_wave: 14/pi  score=0.9874  chaos_delta=+0.0303  *** SIGNAL ***
  cosmology x materials_wrongbox: 7/pi  score=0.9898  chaos_delta=+0.0027
  cosmology x molecular_c60: 8/pi  score=0.9895  chaos_delta=+0.0207  *** SIGNAL ***
  cosmology x nuclear_binding: 4/pi  score=0.9801  chaos_delta=-0.0040
  cosmology x nuclear_decay: 4/pi  score=0.8403  chaos_delta=-0.1252
  cosmology x null_cosmology_null: 6/pi  score=0.9955  chaos_delta=-0.0016
  cosmology x orbital: 5/pi  score=0.9870  chaos_delta=+0.0037
  cosmology x orbital_eccentricity: 4/pi  score=0.8729  chaos_delta=-0.0483
  cosmology x orbital_inclination: 6/pi  score=0.9488  chaos_delta=-0.0357
  cosmology x orbital_mass: 4/pi  score=0.7271  chaos_delta=-0.2356
  cosmology x orbital_radius: 4/pi  score=0.8976  chaos_delta=-0.0777
  cosmology x orbital_transit: 7/pi  score=0.9907  chaos_delta=+0.0019
  cosmology x orbital_ttv: 5/pi  score=0.9748  chaos_delta=+0.0059
  cosmology x orbital_wrongbox: 7/pi  score=0.9859  chaos_delta=-0.0004
  cosmology x planetary: 7/pi  score=0.9950  chaos_delta=+0.0060
  cosmology x planetary_atlantic: 9/pi  score=0.9310  chaos_delta=-0.0485
  cosmology x planetary_gulf: 22/pi  score=0.9690  chaos_delta=-0.0181
  cosmology x planetary_indian: 22/pi  score=0.9689  chaos_delta=-0.0157
  cosmology x planetary_pacific: 22/pi  score=0.9760  chaos_delta=-0.0126
  cosmology x quantum_molecular_vibration: 5/pi  score=0.9855  chaos_delta=+0.0187  *** SIGNAL ***
  cosmology x quantum_transitional: 7/pi  score=0.9925  chaos_delta=+0.0025
  cosmology x seismic_japan: 4/pi  score=0.8212  chaos_delta=-0.1503
  cosmology x seismic_reference: 4/pi  score=0.8715  chaos_delta=-0.1082
  cosmology x stellar: 7/pi  score=0.9899  chaos_delta=+0.0007
  cosmology x stellar_age: 7/pi  score=0.9949  chaos_delta=+0.0050
  cosmology x stellar_bfield: 7/pi  score=0.9947  chaos_delta=+0.0053
  cosmology x stellar_colour: 7/pi  score=0.9880  chaos_delta=+0.0443  *** SIGNAL ***
  cosmology x stellar_cycle: 25/pi  score=0.9633  chaos_delta=-0.0203
  cosmology x stellar_dm: 14/pi  score=0.9924  chaos_delta=+0.0138  *** SIGNAL ***
  cosmology x stellar_kinematic: 4/pi  score=0.8459  chaos_delta=-0.1266
  cosmology x stellar_rotation_kepler: 7/pi  score=0.9901  chaos_delta=-0.0000
  cosmology x stellar_rotation_pulsar: 7/pi  score=0.9909  chaos_delta=+0.0011
  cosmology x stellar_spindown: 17/pi  score=0.5806  chaos_delta=+0.0000
  cosmology x stellar_wrongbox: 6/pi  score=0.6079  chaos_delta=-0.2977
  cosmology x subnuclear_eta: 4/pi  score=0.9624  chaos_delta=+0.0182  *** SIGNAL ***
  cosmology x subnuclear_mass: 5/pi  score=0.9914  chaos_delta=+0.0109  *** SIGNAL ***
  cosmology x subnuclear_pt_lead: 7/pi  score=0.9936  chaos_delta=+0.0024
  cosmology x subnuclear_pt_sublead: 7/pi  score=0.9947  chaos_delta=+0.0058
  electron_beta x frb: 14/pi  score=0.9949  chaos_delta=-0.0006
  electron_beta x galactic: 4/pi  score=0.9987  chaos_delta=+0.0003
  electron_beta x galactic_mass: 5/pi  score=0.9989  chaos_delta=+0.0001
  electron_beta x galactic_sersic: 6/pi  score=0.9223  chaos_delta=+0.0098
  electron_beta x geomagnetic: 6/pi  score=0.9860  chaos_delta=+0.0024
  electron_beta x gravitational_wave: 11/pi  score=0.9913  chaos_delta=+0.0382  *** SIGNAL ***
  electron_beta x materials_wrongbox: 4/pi  score=0.9986  chaos_delta=+0.0003
  electron_beta x molecular_c60: 22/pi  score=0.9884  chaos_delta=+0.0394  *** SIGNAL ***
  electron_beta x nuclear_binding: 4/pi  score=0.9775  chaos_delta=-0.0066
  electron_beta x nuclear_decay: 4/pi  score=0.8434  chaos_delta=-0.1259
  electron_beta x null_cosmology_null: 8/pi  score=0.9948  chaos_delta=+0.0016
  electron_beta x orbital: 6/pi  score=0.9950  chaos_delta=-0.0013
  electron_beta x orbital_eccentricity: 4/pi  score=0.8779  chaos_delta=-0.0484
  electron_beta x orbital_inclination: 7/pi  score=0.9512  chaos_delta=-0.0457
  electron_beta x orbital_mass: 4/pi  score=0.7335  chaos_delta=-0.2342
  electron_beta x orbital_radius: 4/pi  score=0.9049  chaos_delta=-0.0780
  electron_beta x orbital_transit: 15/pi  score=0.9978  chaos_delta=+0.0029
  electron_beta x orbital_ttv: 4/pi  score=0.9825  chaos_delta=+0.0038
  electron_beta x orbital_wrongbox: 7/pi  score=0.9897  chaos_delta=+0.0003
  electron_beta x planetary: 9/pi  score=0.9966  chaos_delta=+0.0034
  electron_beta x planetary_atlantic: 13/pi  score=0.9335  chaos_delta=-0.0609
  electron_beta x planetary_gulf: 21/pi  score=0.9776  chaos_delta=-0.0154
  electron_beta x planetary_indian: 21/pi  score=0.9703  chaos_delta=-0.0194
  electron_beta x planetary_pacific: 22/pi  score=0.9773  chaos_delta=-0.0153
  electron_beta x quantum_molecular_vibration: 19/pi  score=0.9881  chaos_delta=+0.0036
  electron_beta x quantum_transitional: 4/pi  score=0.9982  chaos_delta=-0.0007
  electron_beta x seismic_japan: 4/pi  score=0.8253  chaos_delta=-0.1533
  electron_beta x seismic_reference: 4/pi  score=0.8757  chaos_delta=-0.1125
  electron_beta x stellar: 4/pi  score=0.9989  chaos_delta=-0.0000
  electron_beta x stellar_age: 10/pi  score=0.9964  chaos_delta=-0.0004
  electron_beta x stellar_bfield: 13/pi  score=0.9964  chaos_delta=+0.0001
  electron_beta x stellar_colour: 4/pi  score=0.9963  chaos_delta=+0.0364  *** SIGNAL ***
  electron_beta x stellar_cycle: 26/pi  score=0.9585  chaos_delta=-0.0177
  electron_beta x stellar_dm: 7/pi  score=0.9972  chaos_delta=+0.0005
  electron_beta x stellar_kinematic: 4/pi  score=0.8499  chaos_delta=-0.1279
  electron_beta x stellar_rotation_kepler: 4/pi  score=0.9988  chaos_delta=-0.0000
  electron_beta x stellar_rotation_pulsar: 5/pi  score=0.9977  chaos_delta=+0.0023
  electron_beta x stellar_spindown: 11/pi  score=0.5675  chaos_delta=+0.0000
  electron_beta x stellar_wrongbox: 4/pi  score=0.6057  chaos_delta=-0.3159
  electron_beta x subnuclear_eta: 4/pi  score=0.9670  chaos_delta=+0.0197  *** SIGNAL ***
  electron_beta x subnuclear_mass: 4/pi  score=0.9955  chaos_delta=-0.0034
  electron_beta x subnuclear_pt_lead: 5/pi  score=0.9985  chaos_delta=-0.0003
  electron_beta x subnuclear_pt_sublead: 4/pi  score=0.9984  chaos_delta=-0.0005
  frb x galactic: 14/pi  score=0.9951  chaos_delta=+0.0009
  frb x galactic_mass: 14/pi  score=0.9952  chaos_delta=+0.0000
  frb x galactic_sersic: 6/pi  score=0.9251  chaos_delta=+0.0132  *** SIGNAL ***
  frb x geomagnetic: 6/pi  score=0.9870  chaos_delta=+0.0087
  frb x gravitational_wave: 14/pi  score=0.9903  chaos_delta=+0.0196  *** SIGNAL ***
  frb x materials_wrongbox: 14/pi  score=0.9947  chaos_delta=+0.0001
  frb x molecular_c60: 8/pi  score=0.9877  chaos_delta=+0.0185  *** SIGNAL ***
  frb x nuclear_binding: 4/pi  score=0.9822  chaos_delta=+0.0012
  frb x nuclear_decay: 5/pi  score=0.8397  chaos_delta=-0.1256
  frb x null_cosmology_null: 23/pi  score=0.9929  chaos_delta=+0.0067
  frb x orbital: 15/pi  score=0.9923  chaos_delta=+0.0045
  frb x orbital_eccentricity: 4/pi  score=0.8720  chaos_delta=-0.0487
  frb x orbital_inclination: 7/pi  score=0.9576  chaos_delta=-0.0324
  frb x orbital_mass: 4/pi  score=0.7262  chaos_delta=-0.2365
  frb x orbital_radius: 4/pi  score=0.8967  chaos_delta=-0.0786
  frb x orbital_transit: 15/pi  score=0.9941  chaos_delta=+0.0016
  frb x orbital_ttv: 5/pi  score=0.9773  chaos_delta=+0.0020
  frb x orbital_wrongbox: 7/pi  score=0.9865  chaos_delta=+0.0008
  frb x planetary: 22/pi  score=0.9944  chaos_delta=+0.0104  *** SIGNAL ***
  frb x planetary_atlantic: 13/pi  score=0.9329  chaos_delta=-0.0506
  frb x planetary_gulf: 22/pi  score=0.9774  chaos_delta=-0.0093
  frb x planetary_indian: 22/pi  score=0.9723  chaos_delta=-0.0084
  frb x planetary_pacific: 21/pi  score=0.9764  chaos_delta=+0.0004
  frb x quantum_molecular_vibration: 18/pi  score=0.9914  chaos_delta=+0.0089
  frb x quantum_transitional: 11/pi  score=0.9965  chaos_delta=+0.0032
  frb x seismic_japan: 5/pi  score=0.8220  chaos_delta=-0.1504
  frb x seismic_reference: 5/pi  score=0.8734  chaos_delta=-0.1093
  frb x stellar: 14/pi  score=0.9952  chaos_delta=-0.0000
  frb x stellar_age: 11/pi  score=0.9935  chaos_delta=+0.0045
  frb x stellar_bfield: 15/pi  score=0.9957  chaos_delta=+0.0002
  frb x stellar_colour: 6/pi  score=0.9923  chaos_delta=+0.0423  *** SIGNAL ***
  frb x stellar_cycle: 26/pi  score=0.9567  chaos_delta=-0.0286
  frb x stellar_dm: 12/pi  score=0.9940  chaos_delta=+0.0088
  frb x stellar_kinematic: 5/pi  score=0.8457  chaos_delta=-0.1288
  frb x stellar_rotation_kepler: 16/pi  score=0.9942  chaos_delta=+0.0002
  frb x stellar_rotation_pulsar: 14/pi  score=0.9948  chaos_delta=+0.0006
  frb x stellar_spindown: 20/pi  score=0.5739  chaos_delta=+0.0000
  frb x stellar_wrongbox: 5/pi  score=0.6056  chaos_delta=-0.3084
  frb x subnuclear_eta: 5/pi  score=0.9628  chaos_delta=+0.0210  *** SIGNAL ***
  frb x subnuclear_mass: 21/pi  score=0.9955  chaos_delta=+0.0161  *** SIGNAL ***
  frb x subnuclear_pt_lead: 15/pi  score=0.9951  chaos_delta=-0.0006
  frb x subnuclear_pt_sublead: 17/pi  score=0.9969  chaos_delta=+0.0098
  galactic x galactic_mass: 4/pi  score=0.9992  chaos_delta=-0.0003
  galactic x galactic_sersic: 6/pi  score=0.9212  chaos_delta=+0.0093
  galactic x geomagnetic: 6/pi  score=0.9852  chaos_delta=+0.0014
  galactic x gravitational_wave: 21/pi  score=0.9923  chaos_delta=+0.0206  *** SIGNAL ***
  galactic x materials_wrongbox: 4/pi  score=0.9987  chaos_delta=+0.0006
  galactic x molecular_c60: 22/pi  score=0.9872  chaos_delta=+0.0422  *** SIGNAL ***
  galactic x nuclear_binding: 4/pi  score=0.9774  chaos_delta=-0.0073
  galactic x nuclear_decay: 4/pi  score=0.8436  chaos_delta=-0.1257
  galactic x null_cosmology_null: 8/pi  score=0.9956  chaos_delta=+0.0017
  galactic x orbital: 6/pi  score=0.9950  chaos_delta=-0.0031
  galactic x orbital_eccentricity: 4/pi  score=0.8781  chaos_delta=-0.0482
  galactic x orbital_inclination: 7/pi  score=0.9508  chaos_delta=-0.0449
  galactic x orbital_mass: 4/pi  score=0.7336  chaos_delta=-0.2341
  galactic x orbital_radius: 4/pi  score=0.9051  chaos_delta=-0.0779
  galactic x orbital_transit: 6/pi  score=0.9983  chaos_delta=+0.0025
  galactic x orbital_ttv: 4/pi  score=0.9822  chaos_delta=+0.0036
  galactic x orbital_wrongbox: 6/pi  score=0.9896  chaos_delta=-0.0006
  galactic x planetary: 9/pi  score=0.9975  chaos_delta=+0.0021
  galactic x planetary_atlantic: 13/pi  score=0.9336  chaos_delta=-0.0621
  galactic x planetary_gulf: 21/pi  score=0.9769  chaos_delta=-0.0136
  galactic x planetary_indian: 21/pi  score=0.9721  chaos_delta=-0.0148
  galactic x planetary_pacific: 22/pi  score=0.9770  chaos_delta=-0.0198
  galactic x quantum_molecular_vibration: 18/pi  score=0.9892  chaos_delta=+0.0098
  galactic x quantum_transitional: 4/pi  score=0.9982  chaos_delta=-0.0009
  galactic x seismic_japan: 4/pi  score=0.8255  chaos_delta=-0.1530
  galactic x seismic_reference: 4/pi  score=0.8758  chaos_delta=-0.1125
  galactic x stellar: 4/pi  score=0.9995  chaos_delta=+0.0002
  galactic x stellar_age: 6/pi  score=0.9980  chaos_delta=+0.0028
  galactic x stellar_bfield: 26/pi  score=0.9977  chaos_delta=+0.0000
  galactic x stellar_colour: 4/pi  score=0.9961  chaos_delta=+0.0362  *** SIGNAL ***
  galactic x stellar_cycle: 26/pi  score=0.9585  chaos_delta=-0.0174
  galactic x stellar_dm: 17/pi  score=0.9976  chaos_delta=+0.0059
  galactic x stellar_kinematic: 4/pi  score=0.8501  chaos_delta=-0.1276
  galactic x stellar_rotation_kepler: 12/pi  score=0.9995  chaos_delta=+0.0018
  galactic x stellar_rotation_pulsar: 13/pi  score=0.9979  chaos_delta=+0.0054
  galactic x stellar_spindown: 24/pi  score=0.5700  chaos_delta=+0.0000
  galactic x stellar_wrongbox: 4/pi  score=0.6056  chaos_delta=-0.3162
  galactic x subnuclear_eta: 4/pi  score=0.9670  chaos_delta=+0.0197  *** SIGNAL ***
  galactic x subnuclear_mass: 7/pi  score=0.9966  chaos_delta=-0.0010
  galactic x subnuclear_pt_lead: 11/pi  score=0.9983  chaos_delta=+0.0002
  galactic x subnuclear_pt_sublead: 4/pi  score=0.9984  chaos_delta=-0.0007
  galactic_mass x galactic_sersic: 6/pi  score=0.9229  chaos_delta=+0.0102  *** SIGNAL ***
  galactic_mass x geomagnetic: 6/pi  score=0.9865  chaos_delta=+0.0032
  galactic_mass x gravitational_wave: 21/pi  score=0.9924  chaos_delta=+0.0201  *** SIGNAL ***
  galactic_mass x materials_wrongbox: 5/pi  score=0.9996  chaos_delta=+0.0016
  galactic_mass x molecular_c60: 22/pi  score=0.9890  chaos_delta=+0.0397  *** SIGNAL ***
  galactic_mass x nuclear_binding: 4/pi  score=0.9779  chaos_delta=-0.0067
  galactic_mass x nuclear_decay: 4/pi  score=0.8433  chaos_delta=-0.1260
  galactic_mass x null_cosmology_null: 8/pi  score=0.9957  chaos_delta=+0.0016
  galactic_mass x orbital: 6/pi  score=0.9953  chaos_delta=-0.0004
  galactic_mass x orbital_eccentricity: 4/pi  score=0.8777  chaos_delta=-0.0484
  galactic_mass x orbital_inclination: 7/pi  score=0.9510  chaos_delta=-0.0454
  galactic_mass x orbital_mass: 4/pi  score=0.7332  chaos_delta=-0.2344
  galactic_mass x orbital_radius: 4/pi  score=0.9046  chaos_delta=-0.0782
  galactic_mass x orbital_transit: 4/pi  score=0.9983  chaos_delta=+0.0005
  galactic_mass x orbital_ttv: 4/pi  score=0.9822  chaos_delta=+0.0036
  galactic_mass x orbital_wrongbox: 7/pi  score=0.9894  chaos_delta=+0.0004
  galactic_mass x planetary: 4/pi  score=0.9970  chaos_delta=+0.0005
  galactic_mass x planetary_atlantic: 13/pi  score=0.9338  chaos_delta=-0.0594
  galactic_mass x planetary_gulf: 21/pi  score=0.9768  chaos_delta=-0.0135
  galactic_mass x planetary_indian: 21/pi  score=0.9720  chaos_delta=-0.0148
  galactic_mass x planetary_pacific: 22/pi  score=0.9771  chaos_delta=-0.0155
  galactic_mass x quantum_molecular_vibration: 18/pi  score=0.9894  chaos_delta=+0.0094
  galactic_mass x quantum_transitional: 15/pi  score=0.9981  chaos_delta=-0.0012
  galactic_mass x seismic_japan: 4/pi  score=0.8252  chaos_delta=-0.1533
  galactic_mass x seismic_reference: 4/pi  score=0.8755  chaos_delta=-0.1126
  galactic_mass x stellar: 13/pi  score=0.9997  chaos_delta=+0.0003
  galactic_mass x stellar_age: 11/pi  score=0.9974  chaos_delta=+0.0028
  galactic_mass x stellar_bfield: 26/pi  score=0.9971  chaos_delta=-0.0001
  galactic_mass x stellar_colour: 4/pi  score=0.9961  chaos_delta=+0.0363  *** SIGNAL ***
  galactic_mass x stellar_cycle: 26/pi  score=0.9587  chaos_delta=-0.0189
  galactic_mass x stellar_dm: 16/pi  score=0.9973  chaos_delta=+0.0006
  galactic_mass x stellar_kinematic: 4/pi  score=0.8497  chaos_delta=-0.1279
  galactic_mass x stellar_rotation_kepler: 9/pi  score=0.9994  chaos_delta=-0.0003
  galactic_mass x stellar_rotation_pulsar: 5/pi  score=0.9980  chaos_delta=+0.0025
  galactic_mass x stellar_spindown: 25/pi  score=0.5676  chaos_delta=+0.0000
  galactic_mass x stellar_wrongbox: 4/pi  score=0.6054  chaos_delta=-0.3162
  galactic_mass x subnuclear_eta: 4/pi  score=0.9669  chaos_delta=+0.0197  *** SIGNAL ***
  galactic_mass x subnuclear_mass: 7/pi  score=0.9965  chaos_delta=-0.0019
  galactic_mass x subnuclear_pt_lead: 11/pi  score=0.9995  chaos_delta=+0.0018
  galactic_mass x subnuclear_pt_sublead: 6/pi  score=0.9992  chaos_delta=-0.0003
  galactic_sersic x geomagnetic: 25/pi  score=0.9418  chaos_delta=+0.0484  *** SIGNAL ***
  galactic_sersic x gravitational_wave: 6/pi  score=0.9260  chaos_delta=-0.0060
  galactic_sersic x materials_wrongbox: 6/pi  score=0.9224  chaos_delta=+0.0007
  galactic_sersic x molecular_c60: 5/pi  score=0.9311  chaos_delta=+0.0328  *** SIGNAL ***
  galactic_sersic x nuclear_binding: 6/pi  score=0.9375  chaos_delta=+0.0338  *** SIGNAL ***
  galactic_sersic x nuclear_decay: 22/pi  score=0.8441  chaos_delta=-0.0378
  galactic_sersic x null_cosmology_null: 6/pi  score=0.9336  chaos_delta=+0.0008
  galactic_sersic x orbital: 11/pi  score=0.9251  chaos_delta=+0.0156  *** SIGNAL ***
  galactic_sersic x orbital_eccentricity: 5/pi  score=0.8704  chaos_delta=-0.0370
  galactic_sersic x orbital_inclination: 6/pi  score=0.9291  chaos_delta=+0.0036
  galactic_sersic x orbital_mass: 5/pi  score=0.7527  chaos_delta=-0.1698
  galactic_sersic x orbital_radius: 5/pi  score=0.8944  chaos_delta=-0.0188
  galactic_sersic x orbital_transit: 6/pi  score=0.9217  chaos_delta=-0.0013
  galactic_sersic x orbital_ttv: 14/pi  score=0.9288  chaos_delta=+0.0010
  galactic_sersic x orbital_wrongbox: 10/pi  score=0.9203  chaos_delta=-0.0008
  galactic_sersic x planetary: 6/pi  score=0.9182  chaos_delta=-0.0039
  galactic_sersic x planetary_atlantic: 5/pi  score=0.9082  chaos_delta=-0.0025
  galactic_sersic x planetary_gulf: 10/pi  score=0.9135  chaos_delta=-0.0047
  galactic_sersic x planetary_indian: 6/pi  score=0.9151  chaos_delta=-0.0064
  galactic_sersic x planetary_pacific: 6/pi  score=0.9139  chaos_delta=-0.0104
  galactic_sersic x quantum_molecular_vibration: 10/pi  score=0.9209  chaos_delta=-0.0043
  galactic_sersic x quantum_transitional: 6/pi  score=0.9250  chaos_delta=+0.0024
  galactic_sersic x seismic_japan: 5/pi  score=0.8248  chaos_delta=-0.0863
  galactic_sersic x seismic_reference: 24/pi  score=0.8818  chaos_delta=-0.0274
  galactic_sersic x stellar: 6/pi  score=0.9225  chaos_delta=-0.0004
  galactic_sersic x stellar_age: 6/pi  score=0.9212  chaos_delta=+0.0030
  galactic_sersic x stellar_bfield: 6/pi  score=0.9217  chaos_delta=+0.0017
  galactic_sersic x stellar_colour: 6/pi  score=0.9226  chaos_delta=-0.0150
  galactic_sersic x stellar_cycle: 6/pi  score=0.9175  chaos_delta=-0.0115
  galactic_sersic x stellar_dm: 6/pi  score=0.9255  chaos_delta=+0.0057
  galactic_sersic x stellar_kinematic: 5/pi  score=0.8466  chaos_delta=-0.0681
  galactic_sersic x stellar_rotation_kepler: 6/pi  score=0.9210  chaos_delta=-0.0019
  galactic_sersic x stellar_rotation_pulsar: 10/pi  score=0.9194  chaos_delta=-0.0000
  galactic_sersic x stellar_spindown: 21/pi  score=0.6162  chaos_delta=+0.0000
  galactic_sersic x stellar_wrongbox: 21/pi  score=0.6468  chaos_delta=-0.2077
  galactic_sersic x subnuclear_eta: 24/pi  score=0.9454  chaos_delta=+0.0357  *** SIGNAL ***
  galactic_sersic x subnuclear_mass: 11/pi  score=0.9216  chaos_delta=+0.0129  *** SIGNAL ***
  galactic_sersic x subnuclear_pt_lead: 6/pi  score=0.9232  chaos_delta=+0.0008
  galactic_sersic x subnuclear_pt_sublead: 6/pi  score=0.9228  chaos_delta=-0.0003
  geomagnetic x gravitational_wave: 6/pi  score=0.9766  chaos_delta=-0.0085
  geomagnetic x materials_wrongbox: 6/pi  score=0.9862  chaos_delta=+0.0006
  geomagnetic x molecular_c60: 8/pi  score=0.9804  chaos_delta=+0.0159  *** SIGNAL ***
  geomagnetic x nuclear_binding: 4/pi  score=0.9773  chaos_delta=+0.0006
  geomagnetic x nuclear_decay: 4/pi  score=0.8385  chaos_delta=-0.1238
  geomagnetic x null_cosmology_null: 9/pi  score=0.9826  chaos_delta=-0.0008
  geomagnetic x orbital: 6/pi  score=0.9862  chaos_delta=+0.0020
  geomagnetic x orbital_eccentricity: 4/pi  score=0.8710  chaos_delta=-0.0477
  geomagnetic x orbital_inclination: 7/pi  score=0.9681  chaos_delta=-0.0030
  geomagnetic x orbital_mass: 4/pi  score=0.7275  chaos_delta=-0.2322
  geomagnetic x orbital_radius: 4/pi  score=0.8959  chaos_delta=-0.0754
  geomagnetic x orbital_transit: 6/pi  score=0.9860  chaos_delta=-0.0003
  geomagnetic x orbital_ttv: 6/pi  score=0.9730  chaos_delta=+0.0028
  geomagnetic x orbital_wrongbox: 6/pi  score=0.9814  chaos_delta=-0.0015
  geomagnetic x planetary: 6/pi  score=0.9817  chaos_delta=-0.0036
  geomagnetic x planetary_atlantic: 6/pi  score=0.9282  chaos_delta=-0.0571
  geomagnetic x planetary_gulf: 10/pi  score=0.9664  chaos_delta=-0.0109
  geomagnetic x planetary_indian: 5/pi  score=0.9624  chaos_delta=-0.0108
  geomagnetic x planetary_pacific: 6/pi  score=0.9629  chaos_delta=-0.0243
  geomagnetic x quantum_molecular_vibration: 5/pi  score=0.9826  chaos_delta=+0.0216  *** SIGNAL ***
  geomagnetic x quantum_transitional: 6/pi  score=0.9877  chaos_delta=+0.0014
  geomagnetic x seismic_japan: 4/pi  score=0.8202  chaos_delta=-0.1480
  geomagnetic x seismic_reference: 26/pi  score=0.8859  chaos_delta=-0.0492
  geomagnetic x stellar: 6/pi  score=0.9862  chaos_delta=-0.0003
  geomagnetic x stellar_age: 6/pi  score=0.9848  chaos_delta=+0.0022
  geomagnetic x stellar_bfield: 6/pi  score=0.9852  chaos_delta=+0.0012
  geomagnetic x stellar_colour: 6/pi  score=0.9853  chaos_delta=+0.0375  *** SIGNAL ***
  geomagnetic x stellar_cycle: 6/pi  score=0.9528  chaos_delta=-0.0145
  geomagnetic x stellar_dm: 6/pi  score=0.9879  chaos_delta=+0.0045
  geomagnetic x stellar_kinematic: 4/pi  score=0.8440  chaos_delta=-0.1249
  geomagnetic x stellar_rotation_kepler: 6/pi  score=0.9849  chaos_delta=-0.0016
  geomagnetic x stellar_rotation_pulsar: 8/pi  score=0.9824  chaos_delta=+0.0082
  geomagnetic x stellar_spindown: 24/pi  score=0.5790  chaos_delta=+0.0000
  geomagnetic x stellar_wrongbox: 11/pi  score=0.6088  chaos_delta=-0.2750
  geomagnetic x subnuclear_eta: 24/pi  score=0.9771  chaos_delta=+0.0548  *** SIGNAL ***
  geomagnetic x subnuclear_mass: 5/pi  score=0.9806  chaos_delta=+0.0075
  geomagnetic x subnuclear_pt_lead: 6/pi  score=0.9863  chaos_delta=+0.0001
  geomagnetic x subnuclear_pt_sublead: 6/pi  score=0.9864  chaos_delta=-0.0003
  gravitational_wave x materials_wrongbox: 10/pi  score=0.9917  chaos_delta=-0.0002
  gravitational_wave x molecular_c60: 9/pi  score=0.9876  chaos_delta=+0.0277  *** SIGNAL ***
  gravitational_wave x nuclear_binding: 4/pi  score=0.9694  chaos_delta=+0.0058
  gravitational_wave x nuclear_decay: 4/pi  score=0.8377  chaos_delta=-0.1170
  gravitational_wave x null_cosmology_null: 14/pi  score=0.9917  chaos_delta=-0.0002
  gravitational_wave x orbital: 5/pi  score=0.9899  chaos_delta=+0.0009
  gravitational_wave x orbital_eccentricity: 4/pi  score=0.8675  chaos_delta=-0.0465
  gravitational_wave x orbital_inclination: 6/pi  score=0.9552  chaos_delta=-0.0282
  gravitational_wave x orbital_mass: 4/pi  score=0.7195  chaos_delta=-0.2333
  gravitational_wave x orbital_radius: 4/pi  score=0.8897  chaos_delta=-0.0723
  gravitational_wave x orbital_transit: 11/pi  score=0.9924  chaos_delta=+0.0018
  gravitational_wave x orbital_ttv: 5/pi  score=0.9763  chaos_delta=+0.0034
  gravitational_wave x orbital_wrongbox: 7/pi  score=0.9858  chaos_delta=+0.0007
  gravitational_wave x planetary: 10/pi  score=0.9909  chaos_delta=+0.0001
  gravitational_wave x planetary_atlantic: 6/pi  score=0.9340  chaos_delta=-0.0432
  gravitational_wave x planetary_gulf: 21/pi  score=0.9754  chaos_delta=-0.0122
  gravitational_wave x planetary_indian: 22/pi  score=0.9758  chaos_delta=+0.0037
  gravitational_wave x planetary_pacific: 11/pi  score=0.9716  chaos_delta=-0.0192
  gravitational_wave x quantum_molecular_vibration: 24/pi  score=0.9883  chaos_delta=+0.0393  *** SIGNAL ***
  gravitational_wave x quantum_transitional: 21/pi  score=0.9935  chaos_delta=+0.0023
  gravitational_wave x seismic_japan: 4/pi  score=0.8175  chaos_delta=-0.1419
  gravitational_wave x seismic_reference: 5/pi  score=0.8684  chaos_delta=-0.1099
  gravitational_wave x stellar: 11/pi  score=0.9918  chaos_delta=+0.0001
  gravitational_wave x stellar_age: 10/pi  score=0.9916  chaos_delta=+0.0017
  gravitational_wave x stellar_bfield: 14/pi  score=0.9915  chaos_delta=+0.0034
  gravitational_wave x stellar_colour: 11/pi  score=0.9896  chaos_delta=+0.0580  *** SIGNAL ***
  gravitational_wave x stellar_cycle: 26/pi  score=0.9592  chaos_delta=-0.0070
  gravitational_wave x stellar_dm: 14/pi  score=0.9922  chaos_delta=+0.0070
  gravitational_wave x stellar_kinematic: 4/pi  score=0.8428  chaos_delta=-0.1178
  gravitational_wave x stellar_rotation_kepler: 14/pi  score=0.9927  chaos_delta=-0.0001
  gravitational_wave x stellar_rotation_pulsar: 21/pi  score=0.9926  chaos_delta=+0.0018
  gravitational_wave x stellar_spindown: 18/pi  score=0.5806  chaos_delta=+0.0000
  gravitational_wave x stellar_wrongbox: 18/pi  score=0.6061  chaos_delta=-0.2283
  gravitational_wave x subnuclear_eta: 5/pi  score=0.9604  chaos_delta=+0.0221  *** SIGNAL ***
  gravitational_wave x subnuclear_mass: 14/pi  score=0.9908  chaos_delta=+0.0001
  gravitational_wave x subnuclear_pt_lead: 21/pi  score=0.9919  chaos_delta=-0.0001
  gravitational_wave x subnuclear_pt_sublead: 10/pi  score=0.9921  chaos_delta=+0.0012
  materials_wrongbox x molecular_c60: 22/pi  score=0.9881  chaos_delta=+0.0395  *** SIGNAL ***
  materials_wrongbox x nuclear_binding: 4/pi  score=0.9776  chaos_delta=-0.0070
  materials_wrongbox x nuclear_decay: 4/pi  score=0.8432  chaos_delta=-0.1260
  materials_wrongbox x null_cosmology_null: 8/pi  score=0.9952  chaos_delta=+0.0018
  materials_wrongbox x orbital: 6/pi  score=0.9953  chaos_delta=-0.0011
  materials_wrongbox x orbital_eccentricity: 4/pi  score=0.8777  chaos_delta=-0.0485
  materials_wrongbox x orbital_inclination: 7/pi  score=0.9508  chaos_delta=-0.0462
  materials_wrongbox x orbital_mass: 4/pi  score=0.7335  chaos_delta=-0.2342
  materials_wrongbox x orbital_radius: 4/pi  score=0.9049  chaos_delta=-0.0779
  materials_wrongbox x orbital_transit: 10/pi  score=0.9982  chaos_delta=+0.0014
  materials_wrongbox x orbital_ttv: 4/pi  score=0.9823  chaos_delta=+0.0038
  materials_wrongbox x orbital_wrongbox: 4/pi  score=0.9893  chaos_delta=-0.0037
  materials_wrongbox x planetary: 9/pi  score=0.9974  chaos_delta=+0.0036
  materials_wrongbox x planetary_atlantic: 13/pi  score=0.9340  chaos_delta=-0.0556
  materials_wrongbox x planetary_gulf: 21/pi  score=0.9782  chaos_delta=-0.0157
  materials_wrongbox x planetary_indian: 21/pi  score=0.9703  chaos_delta=-0.0202
  materials_wrongbox x planetary_pacific: 22/pi  score=0.9770  chaos_delta=-0.0159
  materials_wrongbox x quantum_molecular_vibration: 19/pi  score=0.9894  chaos_delta=+0.0029
  materials_wrongbox x quantum_transitional: 15/pi  score=0.9984  chaos_delta=-0.0005
  materials_wrongbox x seismic_japan: 4/pi  score=0.8252  chaos_delta=-0.1534
  materials_wrongbox x seismic_reference: 4/pi  score=0.8756  chaos_delta=-0.1125
  materials_wrongbox x stellar: 5/pi  score=0.9996  chaos_delta=+0.0008
  materials_wrongbox x stellar_age: 11/pi  score=0.9980  chaos_delta=+0.0046
  materials_wrongbox x stellar_bfield: 15/pi  score=0.9974  chaos_delta=+0.0031
  materials_wrongbox x stellar_colour: 4/pi  score=0.9960  chaos_delta=+0.0361  *** SIGNAL ***
  materials_wrongbox x stellar_cycle: 26/pi  score=0.9584  chaos_delta=-0.0215
  materials_wrongbox x stellar_dm: 16/pi  score=0.9974  chaos_delta=+0.0008
  materials_wrongbox x stellar_kinematic: 4/pi  score=0.8498  chaos_delta=-0.1279
  materials_wrongbox x stellar_rotation_kepler: 5/pi  score=0.9992  chaos_delta=-0.0000
  materials_wrongbox x stellar_rotation_pulsar: 5/pi  score=0.9981  chaos_delta=+0.0027
  materials_wrongbox x stellar_spindown: 25/pi  score=0.5681  chaos_delta=+0.0000
  materials_wrongbox x stellar_wrongbox: 4/pi  score=0.6057  chaos_delta=-0.3159
  materials_wrongbox x subnuclear_eta: 4/pi  score=0.9669  chaos_delta=+0.0197  *** SIGNAL ***
  materials_wrongbox x subnuclear_mass: 7/pi  score=0.9959  chaos_delta=-0.0030
  materials_wrongbox x subnuclear_pt_lead: 5/pi  score=0.9992  chaos_delta=-0.0002
  materials_wrongbox x subnuclear_pt_sublead: 5/pi  score=0.9987  chaos_delta=+0.0003
  molecular_c60 x nuclear_binding: 4/pi  score=0.9721  chaos_delta=+0.0027
  molecular_c60 x nuclear_decay: 5/pi  score=0.8431  chaos_delta=-0.1103
  molecular_c60 x null_cosmology_null: 16/pi  score=0.9882  chaos_delta=+0.0029
  molecular_c60 x orbital: 9/pi  score=0.9890  chaos_delta=+0.0045
  molecular_c60 x orbital_eccentricity: 5/pi  score=0.8679  chaos_delta=-0.0513
  molecular_c60 x orbital_inclination: 5/pi  score=0.9513  chaos_delta=-0.0150
  molecular_c60 x orbital_mass: 5/pi  score=0.7314  chaos_delta=-0.2243
  molecular_c60 x orbital_radius: 5/pi  score=0.8874  chaos_delta=-0.0753
  molecular_c60 x orbital_transit: 9/pi  score=0.9879  chaos_delta=+0.0026
  molecular_c60 x orbital_ttv: 9/pi  score=0.9663  chaos_delta=+0.0044
  molecular_c60 x orbital_wrongbox: 22/pi  score=0.9814  chaos_delta=+0.0040
  molecular_c60 x planetary: 9/pi  score=0.9858  chaos_delta=-0.0001
  molecular_c60 x planetary_atlantic: 13/pi  score=0.9375  chaos_delta=-0.0475
  molecular_c60 x planetary_gulf: 20/pi  score=0.9678  chaos_delta=-0.0067
  molecular_c60 x planetary_indian: 21/pi  score=0.9699  chaos_delta=-0.0054
  molecular_c60 x planetary_pacific: 22/pi  score=0.9731  chaos_delta=-0.0121
  molecular_c60 x quantum_molecular_vibration: 18/pi  score=0.9850  chaos_delta=+0.0093
  molecular_c60 x quantum_transitional: 22/pi  score=0.9891  chaos_delta=+0.0006
  molecular_c60 x seismic_japan: 5/pi  score=0.8262  chaos_delta=-0.1293
  molecular_c60 x seismic_reference: 5/pi  score=0.8750  chaos_delta=-0.0876
  molecular_c60 x stellar: 22/pi  score=0.9888  chaos_delta=-0.0001
  molecular_c60 x stellar_age: 22/pi  score=0.9879  chaos_delta=+0.0003
  molecular_c60 x stellar_bfield: 22/pi  score=0.9882  chaos_delta=-0.0014
  molecular_c60 x stellar_colour: 18/pi  score=0.9840  chaos_delta=+0.0755  *** SIGNAL ***
  molecular_c60 x stellar_cycle: 26/pi  score=0.9591  chaos_delta=-0.0169
  molecular_c60 x stellar_dm: 22/pi  score=0.9866  chaos_delta=-0.0016
  molecular_c60 x stellar_kinematic: 5/pi  score=0.8492  chaos_delta=-0.1107
  molecular_c60 x stellar_rotation_kepler: 22/pi  score=0.9869  chaos_delta=+0.0019
  molecular_c60 x stellar_rotation_pulsar: 22/pi  score=0.9884  chaos_delta=-0.0010
  molecular_c60 x stellar_spindown: 15/pi  score=0.5785  chaos_delta=+0.0000
  molecular_c60 x stellar_wrongbox: 5/pi  score=0.6149  chaos_delta=-0.2986
  molecular_c60 x subnuclear_eta: 5/pi  score=0.9522  chaos_delta=+0.0155  *** SIGNAL ***
  molecular_c60 x subnuclear_mass: 9/pi  score=0.9878  chaos_delta=+0.0028
  molecular_c60 x subnuclear_pt_lead: 22/pi  score=0.9857  chaos_delta=-0.0038
  molecular_c60 x subnuclear_pt_sublead: 26/pi  score=0.9873  chaos_delta=+0.0050
  nuclear_binding x nuclear_decay: 6/pi  score=0.8386  chaos_delta=-0.0740
  nuclear_binding x null_cosmology_null: 4/pi  score=0.9789  chaos_delta=-0.0008
  nuclear_binding x orbital: 4/pi  score=0.9712  chaos_delta=-0.0066
  nuclear_binding x orbital_eccentricity: 4/pi  score=0.8635  chaos_delta=-0.0507
  nuclear_binding x orbital_inclination: 15/pi  score=0.9442  chaos_delta=+0.0385  *** SIGNAL ***
  nuclear_binding x orbital_mass: 6/pi  score=0.7401  chaos_delta=-0.1756
  nuclear_binding x orbital_radius: 4/pi  score=0.8895  chaos_delta=-0.0797
  nuclear_binding x orbital_transit: 4/pi  score=0.9786  chaos_delta=+0.0016
  nuclear_binding x orbital_ttv: 4/pi  score=0.9692  chaos_delta=+0.0015
  nuclear_binding x orbital_wrongbox: 4/pi  score=0.9788  chaos_delta=+0.0029
  nuclear_binding x planetary: 4/pi  score=0.9788  chaos_delta=-0.0010
  nuclear_binding x planetary_atlantic: 25/pi  score=0.9432  chaos_delta=+0.0157  *** SIGNAL ***
  nuclear_binding x planetary_gulf: 8/pi  score=0.9463  chaos_delta=-0.0075
  nuclear_binding x planetary_indian: 12/pi  score=0.9504  chaos_delta=+0.0008
  nuclear_binding x planetary_pacific: 12/pi  score=0.9489  chaos_delta=+0.0005
  nuclear_binding x quantum_molecular_vibration: 4/pi  score=0.9814  chaos_delta=+0.0109  *** SIGNAL ***
  nuclear_binding x quantum_transitional: 4/pi  score=0.9770  chaos_delta=-0.0003
  nuclear_binding x seismic_japan: 6/pi  score=0.8208  chaos_delta=-0.0977
  nuclear_binding x seismic_reference: 4/pi  score=0.8626  chaos_delta=-0.1087
  nuclear_binding x stellar: 4/pi  score=0.9776  chaos_delta=+0.0004
  nuclear_binding x stellar_age: 4/pi  score=0.9786  chaos_delta=+0.0022
  nuclear_binding x stellar_bfield: 4/pi  score=0.9772  chaos_delta=-0.0025
  nuclear_binding x stellar_colour: 4/pi  score=0.9773  chaos_delta=+0.0266  *** SIGNAL ***
  nuclear_binding x stellar_cycle: 18/pi  score=0.9461  chaos_delta=-0.0119
  nuclear_binding x stellar_dm: 4/pi  score=0.9761  chaos_delta=-0.0010
  nuclear_binding x stellar_kinematic: 6/pi  score=0.8409  chaos_delta=-0.0750
  nuclear_binding x stellar_rotation_kepler: 4/pi  score=0.9773  chaos_delta=-0.0007
  nuclear_binding x stellar_rotation_pulsar: 4/pi  score=0.9760  chaos_delta=+0.0008
  nuclear_binding x stellar_spindown: 23/pi  score=0.6162  chaos_delta=+0.0000
  nuclear_binding x stellar_wrongbox: 23/pi  score=0.6415  chaos_delta=-0.1679
  nuclear_binding x subnuclear_eta: 4/pi  score=0.9570  chaos_delta=+0.0189  *** SIGNAL ***
  nuclear_binding x subnuclear_mass: 4/pi  score=0.9772  chaos_delta=-0.0005
  nuclear_binding x subnuclear_pt_lead: 4/pi  score=0.9786  chaos_delta=+0.0007
  nuclear_binding x subnuclear_pt_sublead: 4/pi  score=0.9784  chaos_delta=+0.0012
  nuclear_decay x null_cosmology_null: 4/pi  score=0.8429  chaos_delta=+0.0012
  nuclear_decay x orbital: 4/pi  score=0.8456  chaos_delta=+0.0022
  nuclear_decay x orbital_eccentricity: 5/pi  score=0.9461  chaos_delta=+0.0667  *** SIGNAL ***
  nuclear_decay x orbital_inclination: 5/pi  score=0.8340  chaos_delta=-0.0024
  nuclear_decay x orbital_mass: 4/pi  score=0.7816  chaos_delta=-0.0681
  nuclear_decay x orbital_radius: 5/pi  score=0.9179  chaos_delta=+0.0788  *** SIGNAL ***
  nuclear_decay x orbital_transit: 4/pi  score=0.8431  chaos_delta=-0.0007
  nuclear_decay x orbital_ttv: 4/pi  score=0.8451  chaos_delta=-0.0011
  nuclear_decay x orbital_wrongbox: 4/pi  score=0.8407  chaos_delta=-0.0032
  nuclear_decay x planetary: 4/pi  score=0.8427  chaos_delta=+0.0006
  nuclear_decay x planetary_atlantic: 5/pi  score=0.8283  chaos_delta=-0.0097
  nuclear_decay x planetary_gulf: 4/pi  score=0.8364  chaos_delta=-0.0071
  nuclear_decay x planetary_indian: 4/pi  score=0.8335  chaos_delta=-0.0079
  nuclear_decay x planetary_pacific: 4/pi  score=0.8342  chaos_delta=-0.0091
  nuclear_decay x quantum_molecular_vibration: 5/pi  score=0.8372  chaos_delta=+0.0068
  nuclear_decay x quantum_transitional: 4/pi  score=0.8437  chaos_delta=+0.0002
  nuclear_decay x seismic_japan: 22/pi  score=0.9454  chaos_delta=+0.1281  *** SIGNAL ***
  nuclear_decay x seismic_reference: 4/pi  score=0.9290  chaos_delta=+0.0834  *** SIGNAL ***
  nuclear_decay x stellar: 4/pi  score=0.8434  chaos_delta=-0.0002
  nuclear_decay x stellar_age: 4/pi  score=0.8432  chaos_delta=-0.0002
  nuclear_decay x stellar_bfield: 4/pi  score=0.8435  chaos_delta=+0.0011
  nuclear_decay x stellar_colour: 4/pi  score=0.8435  chaos_delta=-0.0098
  nuclear_decay x stellar_cycle: 7/pi  score=0.8380  chaos_delta=+0.0328  *** SIGNAL ***
  nuclear_decay x stellar_dm: 4/pi  score=0.8440  chaos_delta=+0.0003
  nuclear_decay x stellar_kinematic: 5/pi  score=0.9855  chaos_delta=+0.1448  *** SIGNAL ***
  nuclear_decay x stellar_rotation_kepler: 4/pi  score=0.8436  chaos_delta=+0.0004
  nuclear_decay x stellar_rotation_pulsar: 4/pi  score=0.8434  chaos_delta=-0.0008
  nuclear_decay x stellar_spindown: 25/pi  score=0.6103  chaos_delta=+0.0000
  nuclear_decay x stellar_wrongbox: 13/pi  score=0.6420  chaos_delta=-0.2942
  nuclear_decay x subnuclear_eta: 4/pi  score=0.8507  chaos_delta=-0.0100
  nuclear_decay x subnuclear_mass: 4/pi  score=0.8427  chaos_delta=-0.0007
  nuclear_decay x subnuclear_pt_lead: 4/pi  score=0.8430  chaos_delta=-0.0003
  nuclear_decay x subnuclear_pt_sublead: 4/pi  score=0.8429  chaos_delta=-0.0006
  null_cosmology_null x orbital: 5/pi  score=0.9919  chaos_delta=-0.0052
  null_cosmology_null x orbital_eccentricity: 4/pi  score=0.8764  chaos_delta=-0.0480
  null_cosmology_null x orbital_inclination: 6/pi  score=0.9521  chaos_delta=-0.0332
  null_cosmology_null x orbital_mass: 4/pi  score=0.7308  chaos_delta=-0.2350
  null_cosmology_null x orbital_radius: 4/pi  score=0.9022  chaos_delta=-0.0779
  null_cosmology_null x orbital_transit: 8/pi  score=0.9954  chaos_delta=-0.0001
  null_cosmology_null x orbital_ttv: 5/pi  score=0.9798  chaos_delta=+0.0044
  null_cosmology_null x orbital_wrongbox: 5/pi  score=0.9895  chaos_delta=-0.0001
  null_cosmology_null x planetary: 10/pi  score=0.9965  chaos_delta=+0.0080
  null_cosmology_null x planetary_atlantic: 13/pi  score=0.9329  chaos_delta=-0.0467
  null_cosmology_null x planetary_gulf: 22/pi  score=0.9741  chaos_delta=-0.0106
  null_cosmology_null x planetary_indian: 22/pi  score=0.9739  chaos_delta=-0.0052
  null_cosmology_null x planetary_pacific: 21/pi  score=0.9768  chaos_delta=-0.0073
  null_cosmology_null x quantum_molecular_vibration: 18/pi  score=0.9873  chaos_delta=+0.0047
  null_cosmology_null x quantum_transitional: 7/pi  score=0.9970  chaos_delta=+0.0025
  null_cosmology_null x seismic_japan: 4/pi  score=0.8243  chaos_delta=-0.1514
  null_cosmology_null x seismic_reference: 4/pi  score=0.8745  chaos_delta=-0.1105
  null_cosmology_null x stellar: 8/pi  score=0.9955  chaos_delta=+0.0001
  null_cosmology_null x stellar_age: 8/pi  score=0.9958  chaos_delta=+0.0072
  null_cosmology_null x stellar_bfield: 8/pi  score=0.9950  chaos_delta=+0.0002
  null_cosmology_null x stellar_colour: 5/pi  score=0.9934  chaos_delta=+0.0389  *** SIGNAL ***
  null_cosmology_null x stellar_cycle: 25/pi  score=0.9627  chaos_delta=-0.0208
  null_cosmology_null x stellar_dm: 5/pi  score=0.9966  chaos_delta=+0.0051
  null_cosmology_null x stellar_kinematic: 4/pi  score=0.8489  chaos_delta=-0.1272
  null_cosmology_null x stellar_rotation_kepler: 5/pi  score=0.9952  chaos_delta=-0.0002
  null_cosmology_null x stellar_rotation_pulsar: 5/pi  score=0.9952  chaos_delta=+0.0044
  null_cosmology_null x stellar_spindown: 25/pi  score=0.5812  chaos_delta=+0.0000
  null_cosmology_null x stellar_wrongbox: 6/pi  score=0.6078  chaos_delta=-0.2978
  null_cosmology_null x subnuclear_eta: 4/pi  score=0.9655  chaos_delta=+0.0191  *** SIGNAL ***
  null_cosmology_null x subnuclear_mass: 13/pi  score=0.9958  chaos_delta=+0.0090
  null_cosmology_null x subnuclear_pt_lead: 7/pi  score=0.9966  chaos_delta=+0.0009
  null_cosmology_null x subnuclear_pt_sublead: 7/pi  score=0.9965  chaos_delta=+0.0031
  orbital x orbital_eccentricity: 4/pi  score=0.8809  chaos_delta=-0.0470
  orbital x orbital_inclination: 7/pi  score=0.9455  chaos_delta=-0.0399
  orbital x orbital_mass: 4/pi  score=0.7379  chaos_delta=-0.2291
  orbital x orbital_radius: 4/pi  score=0.9091  chaos_delta=-0.0723
  orbital x orbital_transit: 6/pi  score=0.9951  chaos_delta=+0.0005
  orbital x orbital_ttv: 4/pi  score=0.9804  chaos_delta=+0.0035
  orbital x orbital_wrongbox: 5/pi  score=0.9884  chaos_delta=+0.0025
  orbital x planetary: 8/pi  score=0.9929  chaos_delta=+0.0027
  orbital x planetary_atlantic: 21/pi  score=0.9380  chaos_delta=-0.0440
  orbital x planetary_gulf: 14/pi  score=0.9742  chaos_delta=-0.0051
  orbital x planetary_indian: 12/pi  score=0.9708  chaos_delta=+0.0000
  orbital x planetary_pacific: 26/pi  score=0.9723  chaos_delta=-0.0214
  orbital x quantum_molecular_vibration: 25/pi  score=0.9885  chaos_delta=+0.0225  *** SIGNAL ***
  orbital x quantum_transitional: 8/pi  score=0.9939  chaos_delta=+0.0057
  orbital x seismic_japan: 4/pi  score=0.8283  chaos_delta=-0.1491
  orbital x seismic_reference: 4/pi  score=0.8778  chaos_delta=-0.1081
  orbital x stellar: 6/pi  score=0.9954  chaos_delta=+0.0001
  orbital x stellar_age: 6/pi  score=0.9944  chaos_delta=+0.0026
  orbital x stellar_bfield: 6/pi  score=0.9945  chaos_delta=+0.0005
  orbital x stellar_colour: 6/pi  score=0.9934  chaos_delta=+0.0439  *** SIGNAL ***
  orbital x stellar_cycle: 7/pi  score=0.9575  chaos_delta=+0.0131  *** SIGNAL ***
  orbital x stellar_dm: 6/pi  score=0.9932  chaos_delta=+0.0003
  orbital x stellar_kinematic: 4/pi  score=0.8525  chaos_delta=-0.1236
  orbital x stellar_rotation_kepler: 6/pi  score=0.9948  chaos_delta=-0.0004
  orbital x stellar_rotation_pulsar: 15/pi  score=0.9934  chaos_delta=+0.0027
  orbital x stellar_spindown: 19/pi  score=0.5803  chaos_delta=+0.0000
  orbital x stellar_wrongbox: 12/pi  score=0.6101  chaos_delta=-0.2557
  orbital x subnuclear_eta: 4/pi  score=0.9663  chaos_delta=+0.0194  *** SIGNAL ***
  orbital x subnuclear_mass: 5/pi  score=0.9942  chaos_delta=+0.0048
  orbital x subnuclear_pt_lead: 6/pi  score=0.9947  chaos_delta=-0.0006
  orbital x subnuclear_pt_sublead: 6/pi  score=0.9950  chaos_delta=-0.0003
  orbital_eccentricity x orbital_inclination: 5/pi  score=0.8575  chaos_delta=+0.0002
  orbital_eccentricity x orbital_mass: 23/pi  score=0.8926  chaos_delta=+0.1832  *** SIGNAL ***
  orbital_eccentricity x orbital_radius: 20/pi  score=0.9681  chaos_delta=+0.2589  *** SIGNAL ***
  orbital_eccentricity x orbital_transit: 4/pi  score=0.8773  chaos_delta=-0.0008
  orbital_eccentricity x orbital_ttv: 4/pi  score=0.8804  chaos_delta=-0.0012
  orbital_eccentricity x orbital_wrongbox: 4/pi  score=0.8757  chaos_delta=-0.0029
  orbital_eccentricity x planetary: 4/pi  score=0.8769  chaos_delta=+0.0007
  orbital_eccentricity x planetary_atlantic: 5/pi  score=0.8529  chaos_delta=-0.0064
  orbital_eccentricity x planetary_gulf: 4/pi  score=0.8720  chaos_delta=-0.0057
  orbital_eccentricity x planetary_indian: 4/pi  score=0.8674  chaos_delta=-0.0079
  orbital_eccentricity x planetary_pacific: 4/pi  score=0.8682  chaos_delta=-0.0096
  orbital_eccentricity x quantum_molecular_vibration: 4/pi  score=0.8633  chaos_delta=-0.0159
  orbital_eccentricity x quantum_transitional: 4/pi  score=0.8783  chaos_delta=+0.0002
  orbital_eccentricity x seismic_japan: 6/pi  score=0.9353  chaos_delta=+0.0898  *** SIGNAL ***
  orbital_eccentricity x seismic_reference: 4/pi  score=0.9587  chaos_delta=+0.0779  *** SIGNAL ***
  orbital_eccentricity x stellar: 4/pi  score=0.8779  chaos_delta=-0.0002
  orbital_eccentricity x stellar_age: 4/pi  score=0.8769  chaos_delta=-0.0012
  orbital_eccentricity x stellar_bfield: 4/pi  score=0.8781  chaos_delta=+0.0017
  orbital_eccentricity x stellar_colour: 4/pi  score=0.8780  chaos_delta=-0.0132
  orbital_eccentricity x stellar_cycle: 7/pi  score=0.8324  chaos_delta=+0.0372  *** SIGNAL ***
  orbital_eccentricity x stellar_dm: 4/pi  score=0.8784  chaos_delta=+0.0005
  orbital_eccentricity x stellar_kinematic: 5/pi  score=0.9552  chaos_delta=+0.0928  *** SIGNAL ***
  orbital_eccentricity x stellar_rotation_kepler: 4/pi  score=0.8780  chaos_delta=+0.0004
  orbital_eccentricity x stellar_rotation_pulsar: 4/pi  score=0.8783  chaos_delta=-0.0007
  orbital_eccentricity x stellar_spindown: 26/pi  score=0.7245  chaos_delta=+0.0000
  orbital_eccentricity x stellar_wrongbox: 26/pi  score=0.7803  chaos_delta=-0.0418
  orbital_eccentricity x subnuclear_eta: 4/pi  score=0.8877  chaos_delta=-0.0126
  orbital_eccentricity x subnuclear_mass: 4/pi  score=0.8774  chaos_delta=-0.0005
  orbital_eccentricity x subnuclear_pt_lead: 4/pi  score=0.8772  chaos_delta=-0.0005
  orbital_eccentricity x subnuclear_pt_sublead: 4/pi  score=0.8773  chaos_delta=-0.0008
  orbital_inclination x orbital_mass: 5/pi  score=0.7306  chaos_delta=-0.1969
  orbital_inclination x orbital_radius: 5/pi  score=0.8756  chaos_delta=-0.0543
  orbital_inclination x orbital_transit: 7/pi  score=0.9518  chaos_delta=-0.0001
  orbital_inclination x orbital_ttv: 7/pi  score=0.9504  chaos_delta=+0.0073
  orbital_inclination x orbital_wrongbox: 7/pi  score=0.9516  chaos_delta=+0.0021
  orbital_inclination x planetary: 7/pi  score=0.9505  chaos_delta=-0.0006
  orbital_inclination x planetary_atlantic: 15/pi  score=0.9595  chaos_delta=+0.0705  *** SIGNAL ***
  orbital_inclination x planetary_gulf: 6/pi  score=0.9249  chaos_delta=-0.0201
  orbital_inclination x planetary_indian: 6/pi  score=0.9507  chaos_delta=+0.0054
  orbital_inclination x planetary_pacific: 6/pi  score=0.9488  chaos_delta=+0.0021
  orbital_inclination x quantum_molecular_vibration: 7/pi  score=0.9506  chaos_delta=-0.0046
  orbital_inclination x quantum_transitional: 7/pi  score=0.9502  chaos_delta=-0.0008
  orbital_inclination x seismic_japan: 5/pi  score=0.8173  chaos_delta=-0.1079
  orbital_inclination x seismic_reference: 5/pi  score=0.8630  chaos_delta=-0.0672
  orbital_inclination x stellar: 7/pi  score=0.9509  chaos_delta=-0.0001
  orbital_inclination x stellar_age: 7/pi  score=0.9503  chaos_delta=-0.0011
  orbital_inclination x stellar_bfield: 7/pi  score=0.9497  chaos_delta=-0.0020
  orbital_inclination x stellar_colour: 7/pi  score=0.9507  chaos_delta=+0.0242  *** SIGNAL ***
  orbital_inclination x stellar_cycle: 7/pi  score=0.9320  chaos_delta=-0.0247
  orbital_inclination x stellar_dm: 7/pi  score=0.9518  chaos_delta=+0.0014
  orbital_inclination x stellar_kinematic: 5/pi  score=0.8391  chaos_delta=-0.0892
  orbital_inclination x stellar_rotation_kepler: 7/pi  score=0.9509  chaos_delta=-0.0001
  orbital_inclination x stellar_rotation_pulsar: 7/pi  score=0.9515  chaos_delta=+0.0017
  orbital_inclination x stellar_spindown: 22/pi  score=0.6369  chaos_delta=+0.0000
  orbital_inclination x stellar_wrongbox: 22/pi  score=0.6633  chaos_delta=-0.1375
  orbital_inclination x subnuclear_eta: 7/pi  score=0.9328  chaos_delta=+0.0206  *** SIGNAL ***
  orbital_inclination x subnuclear_mass: 7/pi  score=0.9517  chaos_delta=+0.0006
  orbital_inclination x subnuclear_pt_lead: 7/pi  score=0.9511  chaos_delta=+0.0006
  orbital_inclination x subnuclear_pt_sublead: 7/pi  score=0.9509  chaos_delta=-0.0001
  orbital_mass x orbital_radius: 26/pi  score=0.9211  chaos_delta=+0.2634  *** SIGNAL ***
  orbital_mass x orbital_transit: 4/pi  score=0.7329  chaos_delta=-0.0006
  orbital_mass x orbital_ttv: 4/pi  score=0.7351  chaos_delta=+0.0000
  orbital_mass x orbital_wrongbox: 4/pi  score=0.7339  chaos_delta=-0.0002
  orbital_mass x planetary: 4/pi  score=0.7323  chaos_delta=+0.0005
  orbital_mass x planetary_atlantic: 4/pi  score=0.7545  chaos_delta=+0.0229  *** SIGNAL ***
  orbital_mass x planetary_gulf: 4/pi  score=0.7494  chaos_delta=+0.0165  *** SIGNAL ***
  orbital_mass x planetary_indian: 4/pi  score=0.7399  chaos_delta=+0.0089
  orbital_mass x planetary_pacific: 4/pi  score=0.7402  chaos_delta=+0.0064
  orbital_mass x quantum_molecular_vibration: 4/pi  score=0.7207  chaos_delta=-0.0152
  orbital_mass x quantum_transitional: 4/pi  score=0.7341  chaos_delta=+0.0003
  orbital_mass x seismic_japan: 4/pi  score=0.8043  chaos_delta=+0.0682  *** SIGNAL ***
  orbital_mass x seismic_reference: 4/pi  score=0.7735  chaos_delta=+0.0383  *** SIGNAL ***
  orbital_mass x stellar: 4/pi  score=0.7334  chaos_delta=-0.0003
  orbital_mass x stellar_age: 4/pi  score=0.7316  chaos_delta=-0.0031
  orbital_mass x stellar_bfield: 4/pi  score=0.7337  chaos_delta=+0.0020
  orbital_mass x stellar_colour: 4/pi  score=0.7335  chaos_delta=-0.0054
  orbital_mass x stellar_cycle: 8/pi  score=0.7150  chaos_delta=+0.0368  *** SIGNAL ***
  orbital_mass x stellar_dm: 4/pi  score=0.7338  chaos_delta=+0.0006
  orbital_mass x stellar_kinematic: 4/pi  score=0.7882  chaos_delta=+0.0530  *** SIGNAL ***
  orbital_mass x stellar_rotation_kepler: 4/pi  score=0.7335  chaos_delta=+0.0003
  orbital_mass x stellar_rotation_pulsar: 4/pi  score=0.7349  chaos_delta=+0.0001
  orbital_mass x stellar_spindown: 26/pi  score=0.7026  chaos_delta=+0.0000
  orbital_mass x stellar_wrongbox: 15/pi  score=0.7635  chaos_delta=+0.0193  *** SIGNAL ***
  orbital_mass x subnuclear_eta: 4/pi  score=0.7380  chaos_delta=-0.0041
  orbital_mass x subnuclear_mass: 4/pi  score=0.7339  chaos_delta=+0.0004
  orbital_mass x subnuclear_pt_lead: 4/pi  score=0.7325  chaos_delta=-0.0007
  orbital_mass x subnuclear_pt_sublead: 4/pi  score=0.7329  chaos_delta=-0.0009
  orbital_radius x orbital_transit: 4/pi  score=0.9042  chaos_delta=-0.0009
  orbital_radius x orbital_ttv: 4/pi  score=0.9080  chaos_delta=-0.0010
  orbital_radius x orbital_wrongbox: 4/pi  score=0.9036  chaos_delta=-0.0023
  orbital_radius x planetary: 4/pi  score=0.9035  chaos_delta=+0.0007
  orbital_radius x planetary_atlantic: 5/pi  score=0.8720  chaos_delta=-0.0032
  orbital_radius x planetary_gulf: 4/pi  score=0.9023  chaos_delta=-0.0021
  orbital_radius x planetary_indian: 4/pi  score=0.8963  chaos_delta=-0.0055
  orbital_radius x planetary_pacific: 4/pi  score=0.8973  chaos_delta=-0.0078
  orbital_radius x quantum_molecular_vibration: 4/pi  score=0.8870  chaos_delta=-0.0191
  orbital_radius x quantum_transitional: 4/pi  score=0.9056  chaos_delta=+0.0003
  orbital_radius x seismic_japan: 5/pi  score=0.9075  chaos_delta=+0.0326  *** SIGNAL ***
  orbital_radius x seismic_reference: 4/pi  score=0.9428  chaos_delta=+0.0345  *** SIGNAL ***
  orbital_radius x stellar: 4/pi  score=0.9049  chaos_delta=-0.0004
  orbital_radius x stellar_age: 4/pi  score=0.9030  chaos_delta=-0.0028
  orbital_radius x stellar_bfield: 4/pi  score=0.9052  chaos_delta=+0.0023
  orbital_radius x stellar_colour: 4/pi  score=0.9050  chaos_delta=-0.0131
  orbital_radius x stellar_cycle: 7/pi  score=0.8280  chaos_delta=+0.0354  *** SIGNAL ***
  orbital_radius x stellar_dm: 4/pi  score=0.9053  chaos_delta=+0.0005
  orbital_radius x stellar_kinematic: 5/pi  score=0.9263  chaos_delta=+0.0485  *** SIGNAL ***
  orbital_radius x stellar_rotation_kepler: 4/pi  score=0.9050  chaos_delta=+0.0004
  orbital_radius x stellar_rotation_pulsar: 4/pi  score=0.9060  chaos_delta=-0.0003
  orbital_radius x stellar_spindown: 26/pi  score=0.7117  chaos_delta=+0.0000
  orbital_radius x stellar_wrongbox: 26/pi  score=0.7661  chaos_delta=-0.0547
  orbital_radius x subnuclear_eta: 4/pi  score=0.9152  chaos_delta=-0.0108
  orbital_radius x subnuclear_mass: 4/pi  score=0.9050  chaos_delta=+0.0000
  orbital_radius x subnuclear_pt_lead: 4/pi  score=0.9039  chaos_delta=-0.0007
  orbital_radius x subnuclear_pt_sublead: 4/pi  score=0.9042  chaos_delta=-0.0010
  orbital_transit x orbital_ttv: 4/pi  score=0.9816  chaos_delta=+0.0032
  orbital_transit x orbital_wrongbox: 7/pi  score=0.9896  chaos_delta=+0.0008
  orbital_transit x planetary: 4/pi  score=0.9971  chaos_delta=+0.0010
  orbital_transit x planetary_atlantic: 13/pi  score=0.9337  chaos_delta=-0.0568
  orbital_transit x planetary_gulf: 21/pi  score=0.9779  chaos_delta=-0.0158
  orbital_transit x planetary_indian: 21/pi  score=0.9695  chaos_delta=-0.0212
  orbital_transit x planetary_pacific: 22/pi  score=0.9770  chaos_delta=-0.0173
  orbital_transit x quantum_molecular_vibration: 6/pi  score=0.9889  chaos_delta=+0.0028
  orbital_transit x quantum_transitional: 15/pi  score=0.9976  chaos_delta=-0.0007
  orbital_transit x seismic_japan: 4/pi  score=0.8248  chaos_delta=-0.1528
  orbital_transit x seismic_reference: 4/pi  score=0.8753  chaos_delta=-0.1121
  orbital_transit x stellar: 15/pi  score=0.9982  chaos_delta=+0.0009
  orbital_transit x stellar_age: 6/pi  score=0.9972  chaos_delta=+0.0030
  orbital_transit x stellar_bfield: 9/pi  score=0.9970  chaos_delta=+0.0043
  orbital_transit x stellar_colour: 4/pi  score=0.9956  chaos_delta=+0.0359  *** SIGNAL ***
  orbital_transit x stellar_cycle: 26/pi  score=0.9580  chaos_delta=-0.0188
  orbital_transit x stellar_dm: 7/pi  score=0.9977  chaos_delta=+0.0022
  orbital_transit x stellar_kinematic: 4/pi  score=0.8495  chaos_delta=-0.1280
  orbital_transit x stellar_rotation_kepler: 10/pi  score=0.9986  chaos_delta=+0.0013
  orbital_transit x stellar_rotation_pulsar: 11/pi  score=0.9982  chaos_delta=+0.0033
  orbital_transit x stellar_spindown: 14/pi  score=0.5686  chaos_delta=+0.0000
  orbital_transit x stellar_wrongbox: 4/pi  score=0.6050  chaos_delta=-0.3164
  orbital_transit x subnuclear_eta: 4/pi  score=0.9667  chaos_delta=+0.0196  *** SIGNAL ***
  orbital_transit x subnuclear_mass: 7/pi  score=0.9946  chaos_delta=-0.0030
  orbital_transit x subnuclear_pt_lead: 10/pi  score=0.9984  chaos_delta=+0.0021
  orbital_transit x subnuclear_pt_sublead: 10/pi  score=0.9985  chaos_delta=+0.0030
  orbital_ttv x orbital_wrongbox: 4/pi  score=0.9798  chaos_delta=-0.0056
  orbital_ttv x planetary: 4/pi  score=0.9814  chaos_delta=-0.0005
  orbital_ttv x planetary_atlantic: 13/pi  score=0.9270  chaos_delta=-0.0376
  orbital_ttv x planetary_gulf: 5/pi  score=0.9596  chaos_delta=-0.0193
  orbital_ttv x planetary_indian: 6/pi  score=0.9555  chaos_delta=-0.0221
  orbital_ttv x planetary_pacific: 6/pi  score=0.9607  chaos_delta=-0.0168
  orbital_ttv x quantum_molecular_vibration: 6/pi  score=0.9743  chaos_delta=+0.0007
  orbital_ttv x quantum_transitional: 4/pi  score=0.9824  chaos_delta=-0.0000
  orbital_ttv x seismic_japan: 4/pi  score=0.8275  chaos_delta=-0.1608
  orbital_ttv x seismic_reference: 4/pi  score=0.8779  chaos_delta=-0.1118
  orbital_ttv x stellar: 4/pi  score=0.9822  chaos_delta=-0.0001
  orbital_ttv x stellar_age: 4/pi  score=0.9807  chaos_delta=-0.0019
  orbital_ttv x stellar_bfield: 4/pi  score=0.9814  chaos_delta=+0.0000
  orbital_ttv x stellar_colour: 4/pi  score=0.9829  chaos_delta=+0.0167  *** SIGNAL ***
  orbital_ttv x stellar_cycle: 7/pi  score=0.9539  chaos_delta=+0.0077
  orbital_ttv x stellar_dm: 4/pi  score=0.9815  chaos_delta=-0.0007
  orbital_ttv x stellar_kinematic: 4/pi  score=0.8519  chaos_delta=-0.1365
  orbital_ttv x stellar_rotation_kepler: 4/pi  score=0.9824  chaos_delta=+0.0001
  orbital_ttv x stellar_rotation_pulsar: 4/pi  score=0.9825  chaos_delta=-0.0002
  orbital_ttv x stellar_spindown: 20/pi  score=0.5734  chaos_delta=+0.0000
  orbital_ttv x stellar_wrongbox: 4/pi  score=0.6071  chaos_delta=-0.3173
  orbital_ttv x subnuclear_eta: 4/pi  score=0.9747  chaos_delta=+0.0226  *** SIGNAL ***
  orbital_ttv x subnuclear_mass: 4/pi  score=0.9827  chaos_delta=+0.0005
  orbital_ttv x subnuclear_pt_lead: 4/pi  score=0.9819  chaos_delta=-0.0003
  orbital_ttv x subnuclear_pt_sublead: 4/pi  score=0.9822  chaos_delta=-0.0002
  orbital_wrongbox x planetary: 6/pi  score=0.9890  chaos_delta=+0.0016
  orbital_wrongbox x planetary_atlantic: 13/pi  score=0.9322  chaos_delta=-0.0543
  orbital_wrongbox x planetary_gulf: 20/pi  score=0.9724  chaos_delta=+0.0016
  orbital_wrongbox x planetary_indian: 11/pi  score=0.9653  chaos_delta=-0.0196
  orbital_wrongbox x planetary_pacific: 22/pi  score=0.9722  chaos_delta=-0.0080
  orbital_wrongbox x quantum_molecular_vibration: 6/pi  score=0.9865  chaos_delta=+0.0024
  orbital_wrongbox x quantum_transitional: 4/pi  score=0.9898  chaos_delta=+0.0003
  orbital_wrongbox x seismic_japan: 4/pi  score=0.8229  chaos_delta=-0.1552
  orbital_wrongbox x seismic_reference: 4/pi  score=0.8734  chaos_delta=-0.1121
  orbital_wrongbox x stellar: 7/pi  score=0.9895  chaos_delta=+0.0001
  orbital_wrongbox x stellar_age: 6/pi  score=0.9886  chaos_delta=-0.0012
  orbital_wrongbox x stellar_bfield: 6/pi  score=0.9890  chaos_delta=-0.0003
  orbital_wrongbox x stellar_colour: 9/pi  score=0.9916  chaos_delta=+0.0517  *** SIGNAL ***
  orbital_wrongbox x stellar_cycle: 7/pi  score=0.9552  chaos_delta=+0.0010
  orbital_wrongbox x stellar_dm: 5/pi  score=0.9890  chaos_delta=+0.0030
  orbital_wrongbox x stellar_kinematic: 4/pi  score=0.8473  chaos_delta=-0.1295
  orbital_wrongbox x stellar_rotation_kepler: 6/pi  score=0.9895  chaos_delta=+0.0015
  orbital_wrongbox x stellar_rotation_pulsar: 6/pi  score=0.9892  chaos_delta=-0.0000
  orbital_wrongbox x stellar_spindown: 21/pi  score=0.5699  chaos_delta=+0.0000
  orbital_wrongbox x stellar_wrongbox: 4/pi  score=0.6061  chaos_delta=-0.3142
  orbital_wrongbox x subnuclear_eta: 4/pi  score=0.9663  chaos_delta=+0.0196  *** SIGNAL ***
  orbital_wrongbox x subnuclear_mass: 5/pi  score=0.9889  chaos_delta=+0.0006
  orbital_wrongbox x subnuclear_pt_lead: 7/pi  score=0.9892  chaos_delta=-0.0004
  orbital_wrongbox x subnuclear_pt_sublead: 5/pi  score=0.9892  chaos_delta=-0.0001
  planetary x planetary_atlantic: 13/pi  score=0.9327  chaos_delta=-0.0633
  planetary x planetary_gulf: 22/pi  score=0.9767  chaos_delta=-0.0088
  planetary x planetary_indian: 22/pi  score=0.9736  chaos_delta=-0.0061
  planetary x planetary_pacific: 22/pi  score=0.9746  chaos_delta=-0.0154
  planetary x quantum_molecular_vibration: 9/pi  score=0.9864  chaos_delta=+0.0213  *** SIGNAL ***
  planetary x quantum_transitional: 5/pi  score=0.9972  chaos_delta=+0.0001
  planetary x seismic_japan: 4/pi  score=0.8244  chaos_delta=-0.1531
  planetary x seismic_reference: 4/pi  score=0.8749  chaos_delta=-0.1120
  planetary x stellar: 9/pi  score=0.9973  chaos_delta=-0.0001
  planetary x stellar_age: 9/pi  score=0.9957  chaos_delta=+0.0003
  planetary x stellar_bfield: 18/pi  score=0.9965  chaos_delta=+0.0018
  planetary x stellar_colour: 4/pi  score=0.9949  chaos_delta=+0.0356  *** SIGNAL ***
  planetary x stellar_cycle: 18/pi  score=0.9577  chaos_delta=-0.0043
  planetary x stellar_dm: 5/pi  score=0.9962  chaos_delta=+0.0025
  planetary x stellar_kinematic: 4/pi  score=0.8491  chaos_delta=-0.1280
  planetary x stellar_rotation_kepler: 18/pi  score=0.9971  chaos_delta=+0.0016
  planetary x stellar_rotation_pulsar: 9/pi  score=0.9972  chaos_delta=+0.0014
  planetary x stellar_spindown: 26/pi  score=0.5905  chaos_delta=+0.0000
  planetary x stellar_wrongbox: 21/pi  score=0.6154  chaos_delta=-0.2059
  planetary x subnuclear_eta: 4/pi  score=0.9662  chaos_delta=+0.0195  *** SIGNAL ***
  planetary x subnuclear_mass: 8/pi  score=0.9945  chaos_delta=+0.0078
  planetary x subnuclear_pt_lead: 4/pi  score=0.9976  chaos_delta=+0.0006
  planetary x subnuclear_pt_sublead: 7/pi  score=0.9975  chaos_delta=+0.0062
  planetary_atlantic x planetary_gulf: 13/pi  score=0.9564  chaos_delta=+0.0229  *** SIGNAL ***
  planetary_atlantic x planetary_indian: 13/pi  score=0.9496  chaos_delta=+0.0158  *** SIGNAL ***
  planetary_atlantic x planetary_pacific: 13/pi  score=0.9561  chaos_delta=+0.0231  *** SIGNAL ***
  planetary_atlantic x quantum_molecular_vibration: 21/pi  score=0.9380  chaos_delta=+0.0064
  planetary_atlantic x quantum_transitional: 13/pi  score=0.9323  chaos_delta=-0.0015
  planetary_atlantic x seismic_japan: 5/pi  score=0.8145  chaos_delta=-0.0982
  planetary_atlantic x seismic_reference: 5/pi  score=0.8547  chaos_delta=-0.0630
  planetary_atlantic x stellar: 13/pi  score=0.9338  chaos_delta=+0.0002
  planetary_atlantic x stellar_age: 13/pi  score=0.9349  chaos_delta=+0.0002
  planetary_atlantic x stellar_bfield: 13/pi  score=0.9336  chaos_delta=+0.0010
  planetary_atlantic x stellar_colour: 13/pi  score=0.9324  chaos_delta=+0.0387  *** SIGNAL ***
  planetary_atlantic x stellar_cycle: 13/pi  score=0.9370  chaos_delta=+0.0093
  planetary_atlantic x stellar_dm: 13/pi  score=0.9342  chaos_delta=+0.0011
  planetary_atlantic x stellar_kinematic: 5/pi  score=0.8336  chaos_delta=-0.0823
  planetary_atlantic x stellar_rotation_kepler: 13/pi  score=0.9342  chaos_delta=+0.0006
  planetary_atlantic x stellar_rotation_pulsar: 13/pi  score=0.9342  chaos_delta=-0.0002
  planetary_atlantic x stellar_spindown: 22/pi  score=0.6249  chaos_delta=+0.0000
  planetary_atlantic x stellar_wrongbox: 22/pi  score=0.6474  chaos_delta=-0.1397
  planetary_atlantic x subnuclear_eta: 6/pi  score=0.9118  chaos_delta=+0.0187  *** SIGNAL ***
  planetary_atlantic x subnuclear_mass: 23/pi  score=0.9363  chaos_delta=+0.0072
  planetary_atlantic x subnuclear_pt_lead: 13/pi  score=0.9336  chaos_delta=-0.0002
  planetary_atlantic x subnuclear_pt_sublead: 13/pi  score=0.9337  chaos_delta=-0.0002
  planetary_gulf x planetary_indian: 19/pi  score=0.9773  chaos_delta=+0.0185  *** SIGNAL ***
  planetary_gulf x planetary_pacific: 19/pi  score=0.9828  chaos_delta=+0.0174  *** SIGNAL ***
  planetary_gulf x quantum_molecular_vibration: 20/pi  score=0.9753  chaos_delta=+0.0042
  planetary_gulf x quantum_transitional: 21/pi  score=0.9758  chaos_delta=-0.0020
  planetary_gulf x seismic_japan: 4/pi  score=0.8241  chaos_delta=-0.1109
  planetary_gulf x seismic_reference: 4/pi  score=0.8679  chaos_delta=-0.0666
  planetary_gulf x stellar: 21/pi  score=0.9776  chaos_delta=+0.0003
  planetary_gulf x stellar_age: 21/pi  score=0.9757  chaos_delta=-0.0013
  planetary_gulf x stellar_bfield: 21/pi  score=0.9763  chaos_delta=-0.0024
  planetary_gulf x stellar_colour: 21/pi  score=0.9765  chaos_delta=+0.0731  *** SIGNAL ***
  planetary_gulf x stellar_cycle: 21/pi  score=0.9603  chaos_delta=-0.0065
  planetary_gulf x stellar_dm: 21/pi  score=0.9743  chaos_delta=-0.0036
  planetary_gulf x stellar_kinematic: 4/pi  score=0.8450  chaos_delta=-0.0877
  planetary_gulf x stellar_rotation_kepler: 21/pi  score=0.9777  chaos_delta=+0.0007
  planetary_gulf x stellar_rotation_pulsar: 21/pi  score=0.9763  chaos_delta=-0.0016
  planetary_gulf x stellar_spindown: 4/pi  score=0.5862  chaos_delta=+0.0000
  planetary_gulf x stellar_wrongbox: 4/pi  score=0.6256  chaos_delta=-0.2748
  planetary_gulf x subnuclear_eta: 5/pi  score=0.9442  chaos_delta=+0.0201  *** SIGNAL ***
  planetary_gulf x subnuclear_mass: 19/pi  score=0.9726  chaos_delta=+0.0005
  planetary_gulf x subnuclear_pt_lead: 21/pi  score=0.9769  chaos_delta=-0.0005
  planetary_gulf x subnuclear_pt_sublead: 21/pi  score=0.9780  chaos_delta=-0.0009
  planetary_indian x planetary_pacific: 4/pi  score=0.9880  chaos_delta=+0.0437  *** SIGNAL ***
  planetary_indian x quantum_molecular_vibration: 19/pi  score=0.9687  chaos_delta=+0.0031
  planetary_indian x quantum_transitional: 21/pi  score=0.9717  chaos_delta=+0.0009
  planetary_indian x seismic_japan: 4/pi  score=0.8200  chaos_delta=-0.1218
  planetary_indian x seismic_reference: 6/pi  score=0.8649  chaos_delta=-0.0919
  planetary_indian x stellar: 21/pi  score=0.9711  chaos_delta=-0.0005
  planetary_indian x stellar_age: 21/pi  score=0.9717  chaos_delta=+0.0016
  planetary_indian x stellar_bfield: 21/pi  score=0.9722  chaos_delta=+0.0036
  planetary_indian x stellar_colour: 22/pi  score=0.9729  chaos_delta=+0.0783  *** SIGNAL ***
  planetary_indian x stellar_cycle: 15/pi  score=0.9510  chaos_delta=-0.0034
  planetary_indian x stellar_dm: 21/pi  score=0.9726  chaos_delta=+0.0015
  planetary_indian x stellar_kinematic: 4/pi  score=0.8414  chaos_delta=-0.0985
  planetary_indian x stellar_rotation_kepler: 21/pi  score=0.9711  chaos_delta=+0.0005
  planetary_indian x stellar_rotation_pulsar: 21/pi  score=0.9720  chaos_delta=+0.0012
  planetary_indian x stellar_spindown: 4/pi  score=0.5811  chaos_delta=+0.0000
  planetary_indian x stellar_wrongbox: 4/pi  score=0.6188  chaos_delta=-0.2818
  planetary_indian x subnuclear_eta: 6/pi  score=0.9442  chaos_delta=+0.0187  *** SIGNAL ***
  planetary_indian x subnuclear_mass: 21/pi  score=0.9723  chaos_delta=+0.0014
  planetary_indian x subnuclear_pt_lead: 21/pi  score=0.9709  chaos_delta=-0.0004
  planetary_indian x subnuclear_pt_sublead: 22/pi  score=0.9717  chaos_delta=+0.0054
  planetary_pacific x quantum_molecular_vibration: 22/pi  score=0.9715  chaos_delta=-0.0017
  planetary_pacific x quantum_transitional: 22/pi  score=0.9771  chaos_delta=-0.0002
  planetary_pacific x seismic_japan: 4/pi  score=0.8203  chaos_delta=-0.1219
  planetary_pacific x seismic_reference: 6/pi  score=0.8681  chaos_delta=-0.0922
  planetary_pacific x stellar: 22/pi  score=0.9772  chaos_delta=-0.0000
  planetary_pacific x stellar_age: 22/pi  score=0.9760  chaos_delta=-0.0013
  planetary_pacific x stellar_bfield: 22/pi  score=0.9762  chaos_delta=-0.0007
  planetary_pacific x stellar_colour: 11/pi  score=0.9699  chaos_delta=+0.0454  *** SIGNAL ***
  planetary_pacific x stellar_cycle: 26/pi  score=0.9546  chaos_delta=-0.0063
  planetary_pacific x stellar_dm: 22/pi  score=0.9769  chaos_delta=-0.0002
  planetary_pacific x stellar_kinematic: 4/pi  score=0.8421  chaos_delta=-0.0980
  planetary_pacific x stellar_rotation_kepler: 22/pi  score=0.9766  chaos_delta=+0.0028
  planetary_pacific x stellar_rotation_pulsar: 22/pi  score=0.9769  chaos_delta=+0.0001
  planetary_pacific x stellar_spindown: 4/pi  score=0.5811  chaos_delta=+0.0000
  planetary_pacific x stellar_wrongbox: 4/pi  score=0.6190  chaos_delta=-0.2827
  planetary_pacific x subnuclear_eta: 6/pi  score=0.9478  chaos_delta=+0.0198  *** SIGNAL ***
  planetary_pacific x subnuclear_mass: 21/pi  score=0.9767  chaos_delta=+0.0053
  planetary_pacific x subnuclear_pt_lead: 22/pi  score=0.9770  chaos_delta=-0.0001
  planetary_pacific x subnuclear_pt_sublead: 22/pi  score=0.9755  chaos_delta=-0.0017
  quantum_molecular_vibration x quantum_transitional: 12/pi  score=0.9882  chaos_delta=+0.0004
  quantum_molecular_vibration x seismic_japan: 5/pi  score=0.8194  chaos_delta=-0.1505
  quantum_molecular_vibration x seismic_reference: 5/pi  score=0.8700  chaos_delta=-0.1040
  quantum_molecular_vibration x stellar: 19/pi  score=0.9887  chaos_delta=-0.0004
  quantum_molecular_vibration x stellar_age: 12/pi  score=0.9902  chaos_delta=+0.0026
  quantum_molecular_vibration x stellar_bfield: 6/pi  score=0.9885  chaos_delta=-0.0011
  quantum_molecular_vibration x stellar_colour: 18/pi  score=0.9892  chaos_delta=+0.0804  *** SIGNAL ***
  quantum_molecular_vibration x stellar_cycle: 21/pi  score=0.9612  chaos_delta=-0.0180
  quantum_molecular_vibration x stellar_dm: 18/pi  score=0.9902  chaos_delta=+0.0056
  quantum_molecular_vibration x stellar_kinematic: 5/pi  score=0.8430  chaos_delta=-0.1250
  quantum_molecular_vibration x stellar_rotation_kepler: 6/pi  score=0.9883  chaos_delta=+0.0004
  quantum_molecular_vibration x stellar_rotation_pulsar: 9/pi  score=0.9876  chaos_delta=-0.0005
  quantum_molecular_vibration x stellar_spindown: 14/pi  score=0.5772  chaos_delta=+0.0000
  quantum_molecular_vibration x stellar_wrongbox: 14/pi  score=0.6051  chaos_delta=-0.2422
  quantum_molecular_vibration x subnuclear_eta: 5/pi  score=0.9580  chaos_delta=+0.0207  *** SIGNAL ***
  quantum_molecular_vibration x subnuclear_mass: 19/pi  score=0.9893  chaos_delta=+0.0013
  quantum_molecular_vibration x subnuclear_pt_lead: 19/pi  score=0.9906  chaos_delta=+0.0024
  quantum_molecular_vibration x subnuclear_pt_sublead: 9/pi  score=0.9891  chaos_delta=+0.0014
  quantum_transitional x seismic_japan: 4/pi  score=0.8257  chaos_delta=-0.1530
  quantum_transitional x seismic_reference: 4/pi  score=0.8760  chaos_delta=-0.1122
  quantum_transitional x stellar: 15/pi  score=0.9986  chaos_delta=+0.0008
  quantum_transitional x stellar_age: 5/pi  score=0.9967  chaos_delta=+0.0004
  quantum_transitional x stellar_bfield: 15/pi  score=0.9969  chaos_delta=+0.0028
  quantum_transitional x stellar_colour: 4/pi  score=0.9957  chaos_delta=+0.0358  *** SIGNAL ***
  quantum_transitional x stellar_cycle: 26/pi  score=0.9593  chaos_delta=-0.0123
  quantum_transitional x stellar_dm: 7/pi  score=0.9971  chaos_delta=+0.0017
  quantum_transitional x stellar_kinematic: 4/pi  score=0.8503  chaos_delta=-0.1275
  quantum_transitional x stellar_rotation_kepler: 15/pi  score=0.9984  chaos_delta=+0.0011
  quantum_transitional x stellar_rotation_pulsar: 5/pi  score=0.9974  chaos_delta=+0.0039
  quantum_transitional x stellar_spindown: 10/pi  score=0.5706  chaos_delta=+0.0000
  quantum_transitional x stellar_wrongbox: 4/pi  score=0.6061  chaos_delta=-0.3157
  quantum_transitional x subnuclear_eta: 4/pi  score=0.9671  chaos_delta=+0.0197  *** SIGNAL ***
  quantum_transitional x subnuclear_mass: 4/pi  score=0.9956  chaos_delta=-0.0028
  quantum_transitional x subnuclear_pt_lead: 5/pi  score=0.9984  chaos_delta=+0.0010
  quantum_transitional x subnuclear_pt_sublead: 5/pi  score=0.9987  chaos_delta=-0.0001
  seismic_japan x seismic_reference: 4/pi  score=0.8960  chaos_delta=+0.0686  *** SIGNAL ***
  seismic_japan x stellar: 4/pi  score=0.8253  chaos_delta=-0.0002
  seismic_japan x stellar_age: 4/pi  score=0.8249  chaos_delta=-0.0007
  seismic_japan x stellar_bfield: 4/pi  score=0.8254  chaos_delta=+0.0012
  seismic_japan x stellar_colour: 4/pi  score=0.8254  chaos_delta=-0.0089
  seismic_japan x stellar_cycle: 7/pi  score=0.8193  chaos_delta=+0.0361  *** SIGNAL ***
  seismic_japan x stellar_dm: 4/pi  score=0.8261  chaos_delta=+0.0005
  seismic_japan x stellar_kinematic: 26/pi  score=0.9766  chaos_delta=+0.1886  *** SIGNAL ***
  seismic_japan x stellar_rotation_kepler: 4/pi  score=0.8255  chaos_delta=+0.0004
  seismic_japan x stellar_rotation_pulsar: 4/pi  score=0.8257  chaos_delta=-0.0008
  seismic_japan x stellar_spindown: 22/pi  score=0.6121  chaos_delta=+0.0000
  seismic_japan x stellar_wrongbox: 14/pi  score=0.6433  chaos_delta=-0.2722
  seismic_japan x subnuclear_eta: 4/pi  score=0.8321  chaos_delta=-0.0086
  seismic_japan x subnuclear_mass: 4/pi  score=0.8247  chaos_delta=-0.0006
  seismic_japan x subnuclear_pt_lead: 4/pi  score=0.8247  chaos_delta=-0.0004
  seismic_japan x subnuclear_pt_sublead: 4/pi  score=0.8248  chaos_delta=-0.0008
  seismic_reference x stellar: 4/pi  score=0.8757  chaos_delta=-0.0002
  seismic_reference x stellar_age: 4/pi  score=0.8747  chaos_delta=-0.0010
  seismic_reference x stellar_bfield: 4/pi  score=0.8759  chaos_delta=+0.0016
  seismic_reference x stellar_colour: 4/pi  score=0.8758  chaos_delta=-0.0128
  seismic_reference x stellar_cycle: 7/pi  score=0.8628  chaos_delta=+0.0268  *** SIGNAL ***
  seismic_reference x stellar_dm: 4/pi  score=0.8758  chaos_delta=+0.0001
  seismic_reference x stellar_kinematic: 4/pi  score=0.9393  chaos_delta=+0.0598  *** SIGNAL ***
  seismic_reference x stellar_rotation_kepler: 4/pi  score=0.8758  chaos_delta=+0.0003
  seismic_reference x stellar_rotation_pulsar: 4/pi  score=0.8760  chaos_delta=-0.0005
  seismic_reference x stellar_spindown: 19/pi  score=0.5923  chaos_delta=+0.0000
  seismic_reference x stellar_wrongbox: 4/pi  score=0.6266  chaos_delta=-0.3003
  seismic_reference x subnuclear_eta: 26/pi  score=0.8889  chaos_delta=-0.0603
  seismic_reference x subnuclear_mass: 4/pi  score=0.8755  chaos_delta=-0.0002
  seismic_reference x subnuclear_pt_lead: 4/pi  score=0.8752  chaos_delta=-0.0003
  seismic_reference x subnuclear_pt_sublead: 4/pi  score=0.8753  chaos_delta=-0.0006
  stellar x stellar_age: 10/pi  score=0.9972  chaos_delta=-0.0002
  stellar x stellar_bfield: 15/pi  score=0.9976  chaos_delta=+0.0030
  stellar x stellar_colour: 4/pi  score=0.9961  chaos_delta=+0.0363  *** SIGNAL ***
  stellar x stellar_cycle: 26/pi  score=0.9586  chaos_delta=-0.0182
  stellar x stellar_dm: 25/pi  score=0.9979  chaos_delta=+0.0095
  stellar x stellar_kinematic: 4/pi  score=0.8499  chaos_delta=-0.1278
  stellar x stellar_rotation_kepler: 4/pi  score=0.9993  chaos_delta=-0.0001
  stellar x stellar_rotation_pulsar: 5/pi  score=0.9981  chaos_delta=+0.0029
  stellar x stellar_spindown: 17/pi  score=0.5671  chaos_delta=+0.0000
  stellar x stellar_wrongbox: 4/pi  score=0.6055  chaos_delta=-0.3161
  stellar x subnuclear_eta: 4/pi  score=0.9669  chaos_delta=+0.0197  *** SIGNAL ***
  stellar x subnuclear_mass: 7/pi  score=0.9959  chaos_delta=-0.0032
  stellar x subnuclear_pt_lead: 5/pi  score=0.9994  chaos_delta=+0.0003
  stellar x subnuclear_pt_sublead: 5/pi  score=0.9989  chaos_delta=+0.0003
  stellar_age x stellar_bfield: 21/pi  score=0.9973  chaos_delta=+0.0060
  stellar_age x stellar_colour: 5/pi  score=0.9944  chaos_delta=+0.0394  *** SIGNAL ***
  stellar_age x stellar_cycle: 26/pi  score=0.9591  chaos_delta=-0.0152
  stellar_age x stellar_dm: 26/pi  score=0.9961  chaos_delta=-0.0003
  stellar_age x stellar_kinematic: 4/pi  score=0.8494  chaos_delta=-0.1274
  stellar_age x stellar_rotation_kepler: 6/pi  score=0.9977  chaos_delta=+0.0023
  stellar_age x stellar_rotation_pulsar: 22/pi  score=0.9974  chaos_delta=+0.0008
  stellar_age x stellar_spindown: 25/pi  score=0.5694  chaos_delta=+0.0000
  stellar_age x stellar_wrongbox: 4/pi  score=0.6041  chaos_delta=-0.3170
  stellar_age x subnuclear_eta: 4/pi  score=0.9660  chaos_delta=+0.0193  *** SIGNAL ***
  stellar_age x subnuclear_mass: 19/pi  score=0.9924  chaos_delta=-0.0031
  stellar_age x subnuclear_pt_lead: 11/pi  score=0.9975  chaos_delta=+0.0020
  stellar_age x subnuclear_pt_sublead: 11/pi  score=0.9983  chaos_delta=+0.0025
  stellar_bfield x stellar_colour: 4/pi  score=0.9943  chaos_delta=+0.0344  *** SIGNAL ***
  stellar_bfield x stellar_cycle: 26/pi  score=0.9591  chaos_delta=-0.0171
  stellar_bfield x stellar_dm: 17/pi  score=0.9964  chaos_delta=+0.0050
  stellar_bfield x stellar_kinematic: 4/pi  score=0.8501  chaos_delta=-0.1273
  stellar_bfield x stellar_rotation_kepler: 6/pi  score=0.9972  chaos_delta=+0.0017
  stellar_bfield x stellar_rotation_pulsar: 25/pi  score=0.9970  chaos_delta=+0.0030
  stellar_bfield x stellar_spindown: 5/pi  score=0.5680  chaos_delta=+0.0000
  stellar_bfield x stellar_wrongbox: 4/pi  score=0.6053  chaos_delta=-0.3166
  stellar_bfield x subnuclear_eta: 4/pi  score=0.9668  chaos_delta=+0.0193  *** SIGNAL ***
  stellar_bfield x subnuclear_mass: 19/pi  score=0.9944  chaos_delta=+0.0002
  stellar_bfield x subnuclear_pt_lead: 15/pi  score=0.9978  chaos_delta=+0.0006
  stellar_bfield x subnuclear_pt_sublead: 15/pi  score=0.9977  chaos_delta=+0.0010
  stellar_colour x stellar_cycle: 23/pi  score=0.9582  chaos_delta=-0.0006
  stellar_colour x stellar_dm: 4/pi  score=0.9945  chaos_delta=-0.0009
  stellar_colour x stellar_kinematic: 4/pi  score=0.8500  chaos_delta=-0.1283
  stellar_colour x stellar_rotation_kepler: 4/pi  score=0.9960  chaos_delta=-0.0000
  stellar_colour x stellar_rotation_pulsar: 5/pi  score=0.9952  chaos_delta=+0.0018
  stellar_colour x stellar_spindown: 24/pi  score=0.5795  chaos_delta=+0.0000
  stellar_colour x stellar_wrongbox: 4/pi  score=0.6055  chaos_delta=-0.3163
  stellar_colour x subnuclear_eta: 4/pi  score=0.9674  chaos_delta=+0.0199  *** SIGNAL ***
  stellar_colour x subnuclear_mass: 7/pi  score=0.9938  chaos_delta=-0.0008
  stellar_colour x subnuclear_pt_lead: 4/pi  score=0.9957  chaos_delta=-0.0003
  stellar_colour x subnuclear_pt_sublead: 4/pi  score=0.9959  chaos_delta=-0.0001
  stellar_cycle x stellar_dm: 26/pi  score=0.9591  chaos_delta=+0.0007
  stellar_cycle x stellar_kinematic: 7/pi  score=0.8389  chaos_delta=-0.1098
  stellar_cycle x stellar_rotation_kepler: 18/pi  score=0.9572  chaos_delta=+0.0007
  stellar_cycle x stellar_rotation_pulsar: 26/pi  score=0.9587  chaos_delta=-0.0000
  stellar_cycle x stellar_spindown: 22/pi  score=0.5914  chaos_delta=+0.0000
  stellar_cycle x stellar_wrongbox: 22/pi  score=0.6156  chaos_delta=-0.1973
  stellar_cycle x subnuclear_eta: 7/pi  score=0.9399  chaos_delta=+0.0182  *** SIGNAL ***
  stellar_cycle x subnuclear_mass: 18/pi  score=0.9595  chaos_delta=+0.0028
  stellar_cycle x subnuclear_pt_lead: 18/pi  score=0.9571  chaos_delta=+0.0012
  stellar_cycle x subnuclear_pt_sublead: 18/pi  score=0.9569  chaos_delta=+0.0002
  stellar_dm x stellar_kinematic: 4/pi  score=0.8505  chaos_delta=-0.1269
  stellar_dm x stellar_rotation_kepler: 16/pi  score=0.9978  chaos_delta=+0.0000
  stellar_dm x stellar_rotation_pulsar: 7/pi  score=0.9970  chaos_delta=+0.0018
  stellar_dm x stellar_spindown: 12/pi  score=0.5696  chaos_delta=+0.0000
  stellar_dm x stellar_wrongbox: 4/pi  score=0.6055  chaos_delta=-0.3162
  stellar_dm x subnuclear_eta: 4/pi  score=0.9668  chaos_delta=+0.0195  *** SIGNAL ***
  stellar_dm x subnuclear_mass: 7/pi  score=0.9950  chaos_delta=-0.0026
  stellar_dm x subnuclear_pt_lead: 12/pi  score=0.9967  chaos_delta=+0.0051
  stellar_dm x subnuclear_pt_sublead: 12/pi  score=0.9970  chaos_delta=+0.0070
  stellar_kinematic x stellar_rotation_kepler: 4/pi  score=0.8501  chaos_delta=+0.0004
  stellar_kinematic x stellar_rotation_pulsar: 4/pi  score=0.8502  chaos_delta=-0.0007
  stellar_kinematic x stellar_spindown: 26/pi  score=0.6111  chaos_delta=+0.0000
  stellar_kinematic x stellar_wrongbox: 25/pi  score=0.6379  chaos_delta=-0.2780
  stellar_kinematic x subnuclear_eta: 4/pi  score=0.8577  chaos_delta=-0.0106
  stellar_kinematic x subnuclear_mass: 4/pi  score=0.8494  chaos_delta=-0.0005
  stellar_kinematic x subnuclear_pt_lead: 4/pi  score=0.8494  chaos_delta=-0.0004
  stellar_kinematic x subnuclear_pt_sublead: 4/pi  score=0.8494  chaos_delta=-0.0007
  stellar_rotation_kepler x stellar_rotation_pulsar: 5/pi  score=0.9982  chaos_delta=+0.0031
  stellar_rotation_kepler x stellar_spindown: 25/pi  score=0.5697  chaos_delta=+0.0000
  stellar_rotation_kepler x stellar_wrongbox: 4/pi  score=0.6056  chaos_delta=-0.3162
  stellar_rotation_kepler x subnuclear_eta: 4/pi  score=0.9670  chaos_delta=+0.0197  *** SIGNAL ***
  stellar_rotation_kepler x subnuclear_mass: 7/pi  score=0.9959  chaos_delta=-0.0032
  stellar_rotation_kepler x subnuclear_pt_lead: 5/pi  score=0.9991  chaos_delta=+0.0003
  stellar_rotation_kepler x subnuclear_pt_sublead: 10/pi  score=0.9990  chaos_delta=+0.0029
  stellar_rotation_pulsar x stellar_spindown: 8/pi  score=0.5689  chaos_delta=+0.0000
  stellar_rotation_pulsar x stellar_wrongbox: 4/pi  score=0.6069  chaos_delta=-0.3145
  stellar_rotation_pulsar x subnuclear_eta: 4/pi  score=0.9670  chaos_delta=+0.0197  *** SIGNAL ***
  stellar_rotation_pulsar x subnuclear_mass: 4/pi  score=0.9964  chaos_delta=+0.0010
  stellar_rotation_pulsar x subnuclear_pt_lead: 5/pi  score=0.9979  chaos_delta=+0.0000
  stellar_rotation_pulsar x subnuclear_pt_sublead: 5/pi  score=0.9976  chaos_delta=-0.0000
  stellar_spindown x stellar_wrongbox: 26/pi  score=0.8641  chaos_delta=+0.2221  *** SIGNAL ***
  stellar_spindown x subnuclear_eta: 26/pi  score=0.5825  chaos_delta=-0.0062
  stellar_spindown x subnuclear_mass: 25/pi  score=0.5745  chaos_delta=+0.0069
  stellar_spindown x subnuclear_pt_lead: 23/pi  score=0.5699  chaos_delta=+0.0021
  stellar_spindown x subnuclear_pt_sublead: 23/pi  score=0.5707  chaos_delta=+0.0025
  stellar_wrongbox x subnuclear_eta: 4/pi  score=0.6079  chaos_delta=-0.0016
  stellar_wrongbox x subnuclear_mass: 4/pi  score=0.6066  chaos_delta=+0.0010
  stellar_wrongbox x subnuclear_pt_lead: 4/pi  score=0.6050  chaos_delta=-0.0005
  stellar_wrongbox x subnuclear_pt_sublead: 4/pi  score=0.6053  chaos_delta=-0.0006
  subnuclear_eta x subnuclear_mass: 4/pi  score=0.9667  chaos_delta=-0.0003
  subnuclear_eta x subnuclear_pt_lead: 4/pi  score=0.9666  chaos_delta=-0.0002
  subnuclear_eta x subnuclear_pt_sublead: 4/pi  score=0.9668  chaos_delta=-0.0003
  subnuclear_mass x subnuclear_pt_lead: 4/pi  score=0.9942  chaos_delta=-0.0008
  subnuclear_mass x subnuclear_pt_sublead: 4/pi  score=0.9951  chaos_delta=-0.0003
  subnuclear_pt_lead x subnuclear_pt_sublead: 18/pi  score=0.9994  chaos_delta=+0.0039

--- PER-DOMAIN DUAL Z-SCORES (Chaos | Synthetic) ---
  Domain                           4/pi       5/pi       6/pi       7/pi       8/pi       9/pi      10/pi      11/pi      12/pi      13/pi      14/pi      15/pi      16/pi      17/pi      18/pi      19/pi      20/pi      21/pi      22/pi      23/pi      24/pi      25/pi      26/pi   Best   Interpretation
  -------------------------- ---------- ---------- ---------- ---------- ---------- ---------- ---------- ---------- ---------- ---------- ---------- ---------- ---------- ---------- ---------- ---------- ---------- ---------- ---------- ---------- ---------- ---------- ----------  ------  --------------------
     1  stellar_cycle                          29  computing...  ETA: estimating...
     1  stellar_cycle                29 |   7.2   7.0  -0.4   0.7   6.6   0.0   4.4   0.4   7.0   0.0   0.3   0.0   5.9   0.0   0.0   6.3   4.6  -0.9   2.3   0.3   3.6   0.0  -0.9  4/pi   kept 100-100%  STRONG signal
     2  nuclear_binding                        43  computing...  ETA: 3s
     2  nuclear_binding              43 |   1.0   0.0  -0.5   0.0   1.6  -0.5   0.0   0.0  -1.2   3.2  -1.3   6.3  -0.3   1.6  -1.2  -0.5   1.3   9.2  -0.5  -0.6   0.0   2.7   5.2  21/pi  kept 100-100%  STRONG signal
     3  molecular_c60                          46  computing...  ETA: 2s
     3  molecular_c60                46 |   2.6  -0.9   0.0   1.1   1.0   0.0   0.0   0.9   1.2   0.5   2.5  -2.0   1.9  -0.5   0.3  -1.0  -0.7   1.2   0.0  -1.5   0.4  -0.8   0.0  4/pi   kept 100-100%  noise floor
     4  quantum_molecular_vibration            77  computing...  ETA: 1s
     4  quantum_molecular_vibration       77 |  -1.5  -0.8  -0.6   0.2   1.2  -0.8   1.9  -0.8   1.2  -0.4  -1.0  -0.8   0.8  -0.7   0.8   0.2   1.0  -1.7  -1.6   0.2   0.8  -1.2   0.2  10/pi  kept 100-100%  noise floor
     5  biology_chirality                      78  computing...  ETA: 1s
     5  biology_chirality            78 |  -1.3   0.6   1.1   2.8   0.0   0.0  -0.7   0.5   1.1   0.4   0.8   1.8   0.7   0.3  -0.7  -2.2   0.8  -1.4  -0.2   1.0   1.6   1.2   1.6  7/pi   kept 100-100%  noise floor
     6  cmb_anisotropy                         83  computing...  ETA: 1s
     6  cmb_anisotropy               83 |  -1.2  -0.4  -0.6   0.4  -0.4   0.0   1.0  -0.9   1.0   0.6   1.3  -0.2  -2.0  -0.7   0.7   0.2   2.5   1.6  -0.2  -1.6   0.7   6.2   1.7  25/pi  kept 100-100%  STRONG signal
     7  gravitational_wave                     83  computing...  ETA: 1s
     7  gravitational_wave           83 |   0.0   1.0  -1.5   0.0   0.9   0.0   0.4  -0.9   0.0   0.0   0.0   0.2   2.1   0.0  -1.1  -1.2   1.3   0.8  -1.5   1.7   0.4   0.9  -0.4  16/pi  kept 100-100%  noise floor
     8  geomagnetic                           191  computing...  ETA: 1s
     8  geomagnetic                 191 |   0.6  -1.8   1.3  -1.5  -1.7   0.3  -0.5  -0.1   1.8  -1.2  -1.0   2.4  -0.4   0.0   2.2   1.1  -1.1   0.1  -0.2   0.3  -1.3  -0.9   0.3  15/pi  kept  88-100%  noise floor
     9  atomic_ionisation                     305  computing...  ETA: 1s
     9  atomic_ionisation           305 |   1.1   2.1   0.6  -1.2  -1.2   0.1   1.3   0.0   0.0   1.2  -2.0   0.7   0.6  -0.3   0.3  -0.2   0.6  -2.0  -0.5   1.8   0.8   1.2   0.8  5/pi   kept 100-100%  noise floor
    10  seismic_reference                     977  computing...  ETA: 1s
    10  seismic_reference           977 |   0.6  -0.8  -0.2   0.0  -0.2  -2.4  -0.9   1.6  -0.3  -0.3  -1.2  -0.5  -0.7   0.1  -1.2  -3.9  -2.2  -2.4   1.7  -0.3   0.2  -0.1  -0.9  22/pi  kept  82-89 %  noise floor
    11  stellar_spindown                    2,052  computing...  ETA: 1s
    11  stellar_spindown          2,052 |   0.0   0.0   0.0   0.0   0.0   0.0   0.0   0.0   0.0   0.0   0.0   0.0   0.0   0.0   0.0   0.0   0.0   0.0   0.0   0.0   0.0   0.0   0.0  4/pi   kept   0-0  %  noise floor  [OUT-OF-RANGE: 0% kept]
    12  stellar_age                         2,052  computing...  ETA: 1s
    12  stellar_age               2,052 |  -1.2   0.2  -0.2   2.1   0.8   0.3   0.8   0.5   1.6  -2.0   0.6   0.0   2.9   1.1   1.2  -1.7   0.9   2.0   0.7   1.5   0.1  -1.1  -1.7  16/pi  kept 100-100%  noise floor
    13  stellar_bfield                      2,052  computing...  ETA: 2s
    13  stellar_bfield            2,052 |  -0.1  -0.0   2.1   1.0   0.1   1.1  -1.6   0.8   1.7   0.1   0.6  -0.3   0.2   0.2  -0.0  -0.4  -1.1   2.0   0.7  -0.7  -0.5  -1.8   1.0  6/pi   kept 100-100%  noise floor
    14  orbital_eccentricity                2,159  computing...  ETA: 3s
    14  orbital_eccentricity      2,159 |   0.0  -0.2  -1.2   0.2  -0.6  -3.5  -0.4  -0.9   1.8   0.6  -0.1  -0.1  -1.0  -1.2   0.2   0.4  -0.1  -0.7  -1.6  -0.7  -0.5   0.6  -1.2  12/pi  kept  19-81 %  noise floor  [OUT-OF-RANGE: 19% kept]
    15  stellar_dm                          2,457  computing...  ETA: 3s
    15  stellar_dm                2,457 |   1.4  -0.1   0.6   0.6   1.1   0.1   0.9   0.7  -1.5   0.0   3.1   2.0   1.2  -1.4  -1.6  -0.4   0.1   1.0   0.4   1.6  -1.1   0.6  -0.7  14/pi  kept 100-100%  moderate
    16  stellar_rotation_pulsar             2,527  computing...  ETA: 4s
    16  stellar_rotation_pulsar    2,527 |  -0.3  -0.7   0.6  -1.1  -2.8  -0.9  -0.0  -0.1   0.0   0.6   1.5  -0.9  -2.5  -0.6   1.0  -1.5  -1.2   0.8   1.1  -0.2   0.8  -1.2  -1.7  14/pi  kept 100-100%  noise floor
    17  stellar_wrongbox                    2,527  computing...  ETA: 5s
    17  stellar_wrongbox          2,527 |  -0.5   4.6  -4.6  -3.3   2.9   4.0   1.4   8.0   0.5   5.6  -1.2  -0.3  -0.3   0.3  -0.3  -2.5  -3.7   0.7   1.3  -2.6  -0.9  -2.4  -1.3  11/pi  kept   3-13 %  STRONG signal  [OUT-OF-RANGE: 3% kept]
    18  nuclear_decay                       3,205  computing...  ETA: 5s
    18  nuclear_decay             3,205 |   1.3   2.7   0.5  -0.8   0.7   0.4   0.2  -0.8   0.0  -1.1  -0.1   1.3  -0.5  -1.6   0.0  -2.0  -1.1  15.0  -1.0   3.3   0.5  -0.3  -1.0  21/pi  kept  72-83 %  STRONG signal
    19  seismic_japan                       4,006  computing...  ETA: 6s
    19  seismic_japan             4,006 |  -0.7  -0.1   0.4  -0.6  -0.4   0.2   0.1   0.1   1.6  -0.2  -2.9  -0.8   0.4  -1.0   0.7   1.2   0.5  -1.2  -0.1  -0.9   2.7   3.1  -0.9  25/pi  kept  67-79 %  moderate
    20  orbital_transit                     4,603  computing...  ETA: 6s
    20  orbital_transit           4,603 |  -0.2  -2.2  -0.6  -0.2   1.6   1.3  -0.7   0.2   0.5   0.2  -0.1  -0.2   0.6  -0.6   1.5   0.2  -1.3  -1.2   0.0   0.6  -0.3  -1.9   1.1  8/pi   kept 100-100%  noise floor
    21  frb                                 4,636  computing...  ETA: 7s
    21  frb                       4,636 |   1.8  -3.0  -4.0  -3.9  -1.2  -1.6  -1.4  -1.1  -1.5   0.6  -2.2  -0.1   2.9  -1.9   2.3   1.1  -1.7   2.5  -1.7  -0.1   1.6  -0.1   3.7  26/pi  kept 100-100%  moderate
    22  orbital_inclination                 4,779  computing...  ETA: 7s
    22  orbital_inclination       4,779 |  19.9 -10.0  -7.2  -6.5  56.7  19.9  -1.9  94.5   0.1  91.5  -1.7  -0.8 109.9   4.1  -1.4 126.9  -0.5   1.3  -0.9  81.7  -1.2   0.8 172.0  26/pi  kept 100-100%  STRONG signal
    23  planetary_indian                    4,929  computing...  ETA: 8s
    23  planetary_indian          4,929 |  -3.5  11.7  -3.6  27.8  -1.2 -28.9  -4.1 -10.8 -33.1 -15.5  25.7 -26.5   7.1  22.1  26.3 -19.6 -31.1  12.5   1.0   7.3   8.4  21.7 -13.9  7/pi   kept 100-100%  STRONG signal
    24  null_cosmology_null                 5,000  computing...  ETA: 8s
    24  null_cosmology_null       5,000 |   2.9   1.6  -5.4   5.0  -0.1  -3.3  -0.1  -2.4  -0.4   1.6   5.5  13.6   9.9  -1.3  -4.5   2.7  -4.5   2.9  -7.0  -0.7   5.1 -19.9   1.2  15/pi  kept 100-100%  STRONG signal
    25  cosmology                           5,000  computing...  ETA: 9s
    25  cosmology                 5,000 |   8.0   4.5  -2.5   5.8   0.5  -3.4  -1.3  -5.4   3.3   8.7   8.3  20.4  13.7  -3.0  -4.5   6.7  -3.3   4.3  -7.1  -4.1  15.5 -16.1  -1.1  15/pi  kept 100-100%  STRONG signal
    26  orbital_radius                      5,843  computing...  ETA: 9s
    26  orbital_radius            5,843 |  -1.0  -0.1  -0.8  -0.5  -0.6  -0.4  -0.9  -1.4   2.1  -1.0   0.6   0.8  -2.1  -0.8  -1.5  -0.1  -0.6  -3.7  -1.2   0.7  -1.4   0.4   0.7  12/pi  kept  24-83 %  noise floor  [OUT-OF-RANGE: 24% kept]
    27  orbital_mass                        6,127  computing...  ETA: 9s
    27  orbital_mass              6,127 |  -2.7  -1.2  -0.3  -2.1  -1.8  -0.7  -1.0   2.9  -0.2  -2.6   1.3   0.0  -2.6   0.2   2.6  -0.9  -2.3   0.5  -0.1  -1.1   0.5   0.3   0.1  11/pi  kept  29-42 %  noise floor  [OUT-OF-RANGE: 29% kept]
    28  planetary_pacific                   6,838  computing...  ETA: 9s
    28  planetary_pacific         6,838 |  -9.7  13.3  -4.7  19.7  -6.8 -37.6 -14.3 -12.3 -28.9 -26.4  31.2 -24.4   0.5  19.4  21.9 -30.3 -41.0   6.1   6.0   4.2   4.3  16.5 -26.2  14/pi  kept 100-100%  STRONG signal
    29  planetary_gulf                      6,927  computing...  ETA: 9s
    29  planetary_gulf            6,927 | -24.1  28.1   8.3  15.7  -4.2 -13.8 -15.5 -23.7  -2.4 -24.4  -0.3 -13.6   4.3  37.7   9.7 -23.4 -31.1  -2.6   8.1   5.4  26.7  -3.2 -26.6  17/pi  kept 100-100%  STRONG signal
    30  planetary_atlantic                  6,973  computing...  ETA: 9s
    30  planetary_atlantic        6,973 |  -0.4  12.8  -0.2 144.0  -0.2  -0.9  -0.5  -0.7  -0.5  -0.5   6.8  -1.4  -0.0 138.5   7.0  -1.5  -2.3   6.3  -0.4  10.8 126.0   8.6  -0.6  7/pi   kept 100-100%  STRONG signal
    31  orbital                            13,521  computing...  ETA: 9s
    31  orbital                  13,521 |  -1.4   7.8  -2.9   3.0   1.8  -5.1  16.0  16.4 -13.3  -9.5  -2.9   6.3   3.2 -11.5  -6.4  -6.4   1.9 -11.4  34.2  -8.1 -10.2  -3.1 -12.8  22/pi  kept 100-100%  STRONG signal
    32  orbital_wrongbox                   13,521  computing...  ETA: 10s
    32  orbital_wrongbox         13,521 |  -1.4   0.6   4.6  -9.5  -0.7  -0.1   6.7   8.4  -0.4   9.0   0.4  12.4  -2.1   2.4   2.5   1.2  10.7   3.4  -0.6   4.4   2.8   5.6   3.8  15/pi  kept 100-100%  STRONG signal
    33  planetary                          14,116  computing...  ETA: 10s
    33  planetary                14,116 |  -1.1   3.0   2.3   2.4   5.4  -0.8  -1.5  -4.8   9.8   0.1  -2.2  -7.4  27.8 -25.0   2.5  27.4  -9.1 -19.3  -3.2  32.1  45.6  -4.2 -15.5  24/pi  kept 100-100%  STRONG signal
    34  materials_wrongbox                 33,973  computing...  ETA: 10s
    34  materials_wrongbox       33,973 |  -0.3  -0.0  -0.0  -0.0  -0.6   0.4  -1.7   2.2  -0.4   2.6  -2.5  -0.1  -0.6  -2.2  -0.1   3.4  -0.7  -0.1   2.9   0.2  -0.5  -3.5   4.8  26/pi  kept 100-100%  moderate
    35  electron_beta                      40,210  computing...  ETA: 12s
    35  electron_beta            40,210 |   0.6   0.3   0.5  -0.1  -1.5   0.4  -1.4   0.2  -0.6  -0.7  -1.0  -0.8  -1.4   0.6  -0.4  -0.2  -0.7  -0.7  -0.8  -0.3   0.7  -1.4   0.2  24/pi  kept 100-100%  noise floor
    36  galactic_sersic                    59,563  computing...  ETA: 14s
    36  galactic_sersic          59,563 | 322.7   0.0   2.4  -1.7 334.5  -3.3   8.1 -13.5  -6.5  -0.7   6.6  17.2 314.1 -17.0 -13.9  -8.1  -5.5  -2.8  -1.2   3.6   7.7   9.1  14.2  8/pi   kept  86-98 %  STRONG signal
    37  stellar_rotation_kepler            64,784  computing...  ETA: 16s
    37  stellar_rotation_kepler   64,784 |   0.6  -0.1   2.6   1.3  -0.5   0.2  -1.1  -2.2   1.9   3.5   2.3  -1.7  -0.3   2.4   0.0  -2.0  -3.2  -0.8  -7.4   4.2   0.4  -8.0   0.8  23/pi  kept  99-100%  moderate
    38  subnuclear_mass                   100,000  computing...  ETA: 18s
    38  subnuclear_mass         100,000 |  -1.5  22.4   9.8   0.8   1.6   4.9   4.4  39.0   4.4  51.0  15.1  11.8  29.0 -12.7  13.3  14.6  -8.4  16.4  64.9   0.9   0.5  -6.4   8.2  22/pi  kept 100-100%  STRONG signal
    39  subnuclear_pt_lead                100,000  computing...  ETA: 20s
    39  subnuclear_pt_lead      100,000 |   1.4   1.0  -0.2   2.9  -1.3  -5.1  -3.8  -0.3  -6.8  13.8  -3.1   4.3   6.0  -3.5  -7.6   8.3   0.6   2.0  -6.2  -0.6  -9.5  12.1  18.7  26/pi  kept 100-100%  STRONG signal
    40  subnuclear_pt_sublead             100,000  computing...  ETA: 22s
    40  subnuclear_pt_sublead   100,000 |  -0.4   2.0  -3.7   5.9  -5.4  -3.0  -1.4   2.2  -8.7  10.1  -2.5   7.4   5.0  -4.3  -4.5  14.3   4.5  -0.5  -9.9  -3.7  -8.9  22.5  21.9  25/pi  kept 100-100%  STRONG signal
    41  subnuclear_eta                    100,000  computing...  ETA: 23s
    41  subnuclear_eta          100,000 |  -1.4   2.5   2.6  -2.3   8.9  -7.3   3.2   6.7  -6.9  11.2   2.0 -10.6   0.0   8.5   9.1   2.0   0.3   2.7  -3.8  -6.6   0.4   4.1   1.4  13/pi  kept  89-99 %  STRONG signal
    42  quantum_transitional              189,330  computing...  ETA: 23s
    42  quantum_transitional    189,330 | -10.1  -1.8 -12.0   7.5   4.8  -3.7 -13.0 -13.6 -11.7  -6.3  14.8  -2.3  33.8 -10.5 -21.5  -8.1 -13.5   2.8  -6.0  19.5  -8.1  14.9   2.4  16/pi  kept 100-100%  STRONG signal
    43  orbital_ttv                       290,458  computing...  ETA: 24s
    43  orbital_ttv             290,458 | -16.3 -22.7   9.2 -41.1  74.8 -18.2 -63.2 -70.6 -12.5 -55.0 -36.1  31.9 109.2  63.4  16.3 -44.6 -67.5   5.5 -10.9 -26.3   6.9  79.4  -2.6  16/pi  kept  96-100%  STRONG signal
    44  stellar_kinematic               1,808,145  computing...  ETA: 26s
    44  stellar_kinematic      1,808,145 |  -1.4  -1.3  -2.0  -2.2  -1.6  -1.0  -2.7  -2.2  -0.7  -2.1  -1.6  -3.3  -3.5  -2.2  -2.4  -2.9  -4.2  -2.8  -1.9  -2.7  -2.3  -2.6  -2.6  12/pi  kept  68-83 %  noise floor
    45  galactic_mass                   1,843,110  computing...  ETA: 52s
    45  galactic_mass          1,843,110 |   1.9  -2.3  -2.5  -4.9   0.1  -1.5   1.3   3.7  -2.8  -3.4  -2.7  -5.4  -0.5   0.5   5.7   8.6  -6.0   4.1   6.5   6.5   7.1 -11.2   0.7  19/pi  kept 100-100%  STRONG signal
    46  galactic                        1,843,110  computing...  ETA: 1m 02s
    46  galactic               1,843,110 |   1.0 -12.5  11.8  -5.1  11.9  14.6  -7.1  22.0  11.8  -1.5  -1.5 -13.9  -1.9  -6.7  36.3   1.6  -2.5  15.5 -17.0  22.7 -51.6  37.9   0.3  25/pi  kept 100-100%  STRONG signal
    47  stellar_colour                  1,979,697  computing...  ETA: 57s
    47  stellar_colour         1,979,697 |  -0.2   0.6   0.7  -5.3  -1.6 -11.3  21.7  -6.4   4.2 -50.6 -20.6  44.1  30.0  14.0  23.4  30.6  20.6 -51.3 -107.9 -138.5 -145.8 -142.0 -114.7  15/pi  kept 100-100%  STRONG signal
    48  stellar                         2,000,000  computing...  ETA: 37s
    48  stellar                2,000,000 |   0.1   0.8   2.7   0.1   0.4   0.5   0.7  -0.9   2.1  -0.7  -1.5   1.0  -1.0  -2.1  -0.0  -0.1  -0.7   2.3  -1.5  -0.7  -0.1   1.1  -2.2  6/pi   kept 100-100%  noise floor

  Z-score stage complete: 35m 48s total  | avg 44.76s per domain  | 2148.5s wall time

  [z_scores_master.json written -> C:\Users\timot\Downloads\Science\src\Unification\vol13\lakes\unified\z_scores_master.json]

[2026-09-07 22:21:01 UTC] STAGE COMPLETE: pinch in 49m 4s

============================================================
[2026-09-07 22:21:01 UTC] STAGE: FIGURES
Run report plugins and generate analysis figures
============================================================

[2026-09-07 22:21:01 UTC] FIGURES: Auto-discovering report plugins
  Reports directory: C:\Users\timot\Downloads\Science\src\Unification\vol13\reports
  Found 19 plugin(s):
    - report_01_domain_Ramachandran_scatters.py
    - report_02_bridge_map.py
    - report_02_universal_histograms.py
    - report_03_power_analysis.py
    - report_04_batch_stability.py
    - report_05_wrongbox_delta.py
    - report_06_register_spectrum.py
    - report_08_subnuclear_dual.py
    - report_09_floor_smear.py
    - report_10_kinematic_principle.py
    - report_11_seismic_sovereign.py
    - report_12_pinch_heatmap.py
    - report_13_null_confidence.py
    - report_14_register_taxonomy.py
    - report_16_artifact_falsification.py
    - report_17_cross_scale_bridge.py
    - report_18_manifold_embedding.py
    - report_19_same_object_phase_scatter.py
    - report_20_global_ledger.py

[2026-09-07 22:21:01 UTC] Loading pipeline artifacts...
  Pinch table:  48 domain rows
  Sweep results:51 domain entries
  Z-scores:     48 domains x 23 registers
  Harmonics:    4/pi ... 26/pi
  Manifest: loaded existing (5 domains) -- domain_manifest.json

  Output directory: C:\Users\timot\Downloads\Science\src\Unification\vol13\lakes\figures\output\run_20260907_222101

[2026-09-07 22:21:01 UTC] Running 19 report plugin(s)...

  [report_01_domain_Ramachandran_scatters]
    -> Plotting Ramachandran Principle Scatters...
       [PLOT] biology_backbone_full (n=0) | Peak Z: 0.00 at N/A
       [PLOT] subnuclear_mass (n=0) | Peak Z: 54.06 at 22/pi
       [PLOT] orbital_ttv (n=0) | Peak Z: 85.80 at 16/pi
    [OK] 3 file(s) in 32.9s
         C:\Users\timot\Downloads\Science\src\Unification\vol13\lakes\figures\output\run_20260907_222101\scatter_biology_backbone_full.png
         C:\Users\timot\Downloads\Science\src\Unification\vol13\lakes\figures\output\run_20260907_222101\scatter_subnuclear_mass.png
         C:\Users\timot\Downloads\Science\src\Unification\vol13\lakes\figures\output\run_20260907_222101\scatter_orbital_ttv.png
  [report_02_bridge_map]
    -> Rendering Force-Directed Harmonic Bridge Map...
    [OK] 1 file(s) in 1.1s
         C:\Users\timot\Downloads\Science\src\Unification\vol13\lakes\figures\output\run_20260907_222101\bridge_map_full.png
  [report_02_universal_histograms]
    [OK] 3 file(s) in 88.7s
         C:\Users\timot\Downloads\Science\src\Unification\vol13\lakes\figures\output\run_20260907_222101\histogram_subnuclear_mass.png
         C:\Users\timot\Downloads\Science\src\Unification\vol13\lakes\figures\output\run_20260907_222101\histogram_orbital_ttv.png
         C:\Users\timot\Downloads\Science\src\Unification\vol13\lakes\figures\output\run_20260907_222101\histogram_planetary_pacific.png
  [report_03_power_analysis]
    -> Calculating Statistical Power & Effect Sizes...
    [OK] 1 file(s) in 0.4s
         C:\Users\timot\Downloads\Science\src\Unification\vol13\lakes\figures\output\run_20260907_222101\power_analysis_table.png
  [report_04_batch_stability]
    -> Initiating 24-Cell Batch Stability Sub-Sampler...
       [SAMPLE] Testing geomagnetic via modular check at 15/pi...
       [SAMPLE] Testing nuclear_binding via modular check at 21/pi...
       [SAMPLE] Testing atomic_ionisation via modular check at 5/pi...
       [SAMPLE] Testing biology_chirality via modular check at 7/pi...
       [SAMPLE] Testing stellar_cycle via modular check at 12/pi...
       [SAMPLE] Testing cmb_anisotropy via modular check at 25/pi...
       [SAMPLE] Testing gravitational_wave via modular check at 16/pi...
       [SAMPLE] Testing quantum_molecular_vibration via modular check at 10/pi...
       [SAMPLE] Testing molecular_c60 via modular check at 14/pi...
    -> Rendering Stability Violin Plot...
    [OK] 1 file(s) in 46.0s
         C:\Users\timot\Downloads\Science\src\Unification\vol13\lakes\figures\output\run_20260907_222101\batch_stability_violin.png
  [report_05_wrongbox_delta]
    -> Plotting Wrongbox Deltas & Prediction Audits...
       [AUDIT] SEISMIC_JAPAN: Plotting Delta...
       [AUDIT] SEISMIC_REFERENCE: Plotting Delta...
       [AUDIT] GALACTIC_MASS: Plotting Delta...
       [AUDIT] ATOMIC_IONISATION: Plotting Delta...
       [AUDIT] BIOLOGY_CHIRALITY: Plotting Delta...
       [AUDIT] ORBITAL_WRONGBOX: Plotting Delta...
       [AUDIT] MATERIALS_WRONGBOX: Plotting Delta...
       [AUDIT] STELLAR_KINEMATIC: Plotting Delta...
       [AUDIT] ORBITAL_TTV: Plotting Delta...
       [AUDIT] SUBNUCLEAR_MASS: Plotting Delta...
    [OK] 10 file(s) in 3.5s
         C:\Users\timot\Downloads\Science\src\Unification\vol13\lakes\figures\output\run_20260907_222101\wrongbox_delta_seismic_japan.png
         C:\Users\timot\Downloads\Science\src\Unification\vol13\lakes\figures\output\run_20260907_222101\wrongbox_delta_seismic_reference.png
         C:\Users\timot\Downloads\Science\src\Unification\vol13\lakes\figures\output\run_20260907_222101\wrongbox_delta_galactic_mass.png
         C:\Users\timot\Downloads\Science\src\Unification\vol13\lakes\figures\output\run_20260907_222101\wrongbox_delta_atomic_ionisation.png
         C:\Users\timot\Downloads\Science\src\Unification\vol13\lakes\figures\output\run_20260907_222101\wrongbox_delta_biology_chirality.png
         C:\Users\timot\Downloads\Science\src\Unification\vol13\lakes\figures\output\run_20260907_222101\wrongbox_delta_orbital_wrongbox.png
         C:\Users\timot\Downloads\Science\src\Unification\vol13\lakes\figures\output\run_20260907_222101\wrongbox_delta_materials_wrongbox.png
         C:\Users\timot\Downloads\Science\src\Unification\vol13\lakes\figures\output\run_20260907_222101\wrongbox_delta_stellar_kinematic.png
         C:\Users\timot\Downloads\Science\src\Unification\vol13\lakes\figures\output\run_20260907_222101\wrongbox_delta_orbital_ttv.png
         C:\Users\timot\Downloads\Science\src\Unification\vol13\lakes\figures\output\run_20260907_222101\wrongbox_delta_subnuclear_mass.png
  [report_06_register_spectrum]
    -> Plotting Register Spectrum (Rainbow Map)...
    [OK] 1 file(s) in 0.5s
         C:\Users\timot\Downloads\Science\src\Unification\vol13\lakes\figures\output\run_20260907_222101\register_spectrum_full.png
  [report_08_subnuclear_dual]
    -> Plotting Subnuclear Dual-Peak Resonance Map...
        [DATA] Streaming unified master for subnuclear_mass scalars...
       [PLOT] Subnuclear target located: 100,000 records.
    [OK] 1 file(s) in 90.3s
         C:\Users\timot\Downloads\Science\src\Unification\vol13\lakes\figures\output\run_20260907_222101\subnuclear_resonance_map.png
  [report_09_floor_smear]
    -> Investigating the 4/pi Floor Smear...
        [DATA] Streaming unified master for scalar_klc values...
       [PLOT] subnuclear_mass: 49628 records found in Floor Zone (49.63% of total).
       [PLOT] orbital_ttv: 166625 records found in Floor Zone (57.37% of total).
       [PLOT] planetary_pacific: 3440 records found in Floor Zone (50.31% of total).
    [OK] 3 file(s) in 89.1s
         C:\Users\timot\Downloads\Science\src\Unification\vol13\lakes\figures\output\run_20260907_222101\floor_smear_subnuclear_mass.png
         C:\Users\timot\Downloads\Science\src\Unification\vol13\lakes\figures\output\run_20260907_222101\floor_smear_orbital_ttv.png
         C:\Users\timot\Downloads\Science\src\Unification\vol13\lakes\figures\output\run_20260907_222101\floor_smear_planetary_pacific.png
  [report_10_kinematic_principle]
    -> Plotting Kinematic Principle Panels (The Mic-Drop)...
       [WARN] Domain 'stellar_luminosity' not found in z_scores for Stellar Proof.
    [OK] 2 file(s) in 1.2s
         C:\Users\timot\Downloads\Science\src\Unification\vol13\lakes\figures\output\run_20260907_222101\principle_stellar_proof.png
         C:\Users\timot\Downloads\Science\src\Unification\vol13\lakes\figures\output\run_20260907_222101\principle_orbital_proof.png
  [report_11_seismic_sovereign]
    -> Plotting 4-Panel Seismic Sovereign Audit...
        [DATA] Streaming unified master for Sovereign Seismic lakes...
    [OK] 1 file(s) in 88.0s
         C:\Users\timot\Downloads\Science\src\Unification\vol13\lakes\figures\output\run_20260907_222101\seismic_sovereign_falsification.png
  [report_12_pinch_heatmap]
    -> Rendering Cross-Domain Distance Matrix Heatmap...
    [OK] 1 file(s) in 1.2s
         C:\Users\timot\Downloads\Science\src\Unification\vol13\lakes\figures\output\run_20260907_222101\distance_matrix_heatmap.png
  [report_13_null_confidence]
    -> Plotting Null Confidence & Statistical Power...
    [OK] 1 file(s) in 4.9s
         C:\Users\timot\Downloads\Science\src\Unification\vol13\lakes\figures\output\run_20260907_222101\null_confidence_curves.png
  [report_14_register_taxonomy]
    -> Rendering Register Taxonomy Matrix...
    [OK] 1 file(s) in 0.6s
         C:\Users\timot\Downloads\Science\src\Unification\vol13\lakes\figures\output\run_20260907_222101\register_taxonomy_matrix.png
  [report_16_artifact_falsification]
    -> Plotting Artifact Falsification (Chaos vs Synthetic)...
    [OK] 1 file(s) in 0.4s
         C:\Users\timot\Downloads\Science\src\Unification\vol13\lakes\figures\output\run_20260907_222101\artifact_falsification.png
  [report_17_cross_scale_bridge]
    -> Rendering Cross-Scale Bridge Map (35 Orders of Magnitude)...
    [OK] 1 file(s) in 0.8s
         C:\Users\timot\Downloads\Science\src\Unification\vol13\lakes\figures\output\run_20260907_222101\cross_scale_bridge.png
  [report_18_manifold_embedding]
    -> Computing 46-Dimensional Topological Embedding (t-SNE)...
    [OK] 1 file(s) in 5.5s
         C:\Users\timot\Downloads\Science\src\Unification\vol13\lakes\figures\output\run_20260907_222101\topological_manifold_map.png
  [report_19_same_object_phase_scatter]
    -> Plotting 2D Same-Object Phase Space Scatters...
       [SKIP] No '__same_object__' linkages found in volumes.json.
    [OK] 0 files in 0.0s (plugin ran, nothing saved)
  [report_20_global_ledger]
    -> Rendering The Global Ledger Master Infographic...
    [OK] 1 file(s) in 0.8s
         C:\Users\timot\Downloads\Science\src\Unification\vol13\lakes\figures\output\run_20260907_222101\global_ledger_master.png

[2026-09-07 22:28:37 UTC] FIGURES COMPLETE
  Plugins:  19 OK  |  0 FAILED  |  0 SKIPPED
  Files:    34 generated
  Patched:  0 plugin(s) upgraded to z_scores_master.json
  Runtime:  456.0s
  Index:    C:\Users\timot\Downloads\Science\src\Unification\vol13\lakes\figures\output\run_20260907_222101\figures_index.json
  Output:   C:\Users\timot\Downloads\Science\src\Unification\vol13\lakes\figures\output\run_20260907_222101

[2026-09-07 22:28:38 UTC] STAGE COMPLETE: figures in 7m 36s

============================================================
[2026-09-07 22:28:38 UTC] PIPELINE COMPLETE
  Total runtime: 1h 16m 4s
  Log file:      lakes\logs\run_20260907_211224.log

  Stage summary:
    [OK]   scalarize    4m 2s
    [OK]   unify        4m 10s
    [OK]   chaos        10m 51s
    [OK]   pinch        49m 4s
    [OK]   figures      7m 36s

  unified_master MD5: ba1362530784eb79133af797bd1446a6
  Checksum file:      lakes\unified\unified_master.jsonl.md5

  Engine fingerprint: 044161a55b39c521e87f4c2bf4d7558fc78cb29cd07bf67abd2b4a5260366c03
                      d5d1612f9caf57d6b0c21459cc7e1a58f103a7c433fe81b168f54dbcdeff6e49
                      0eb924e9f91b6c93d0d0e98a9eca38c84777083d4d577d585c0c88411ee18be4
============================================================
