material,formula,type,chi_value_cgs,provenance
Landolt_Para_Comp_1268,LP1268,molar,126.6288376026648,measured
Landolt_Para_Comp_4668,LP4668,molar,42.613114360790824,measured
Landolt_Dia_Comp_4408,LD4408,molar,-54.03470666010053,measured
Landolt_Dia_Comp_5806,LD5806,molar,-46.33001034749935,measured
Landolt_Para_Comp_4988,LP4988,molar,56.588275539234196,measured
Landolt_Para_Comp_5397,LP5397,molar,43.03036453218007,measured
Landolt_Para_Comp_4048,LP4048,molar,247.66247159889855,measured
Landolt_Para_Comp_698,LP698,molar,303.9154135222996,measured
Landolt_Dia_Comp_1644,LD1644,molar,-53.527299314616954,measured
Landolt_Dia_Comp_2502,LD2502,molar,-33.015289222261416,measured
Landolt_Dia_Comp_3072,LD3072,molar,-61.44701656367347,measured
Landolt_Para_Comp_2350,LP2350,molar,335.4533355969635,measured
Landolt_Dia_Comp_3994,LD3994,molar,-31.26599045070225,measured
Landolt_Para_Comp_4631,LP4631,molar,295.04650099739786,measured
Landolt_Dia_Comp_5730,LD5730,molar,-80.84652960013307,measured
Landolt_Para_Comp_3498,LP3498,molar,366.02864082143464,measured
Landolt_Para_Comp_5158,LP5158,molar,152.85759824370723,measured
Landolt_Dia_Comp_5840,LD5840,molar,-48.966258883983755,measured
Landolt_Para_Comp_2901,LP2901,molar,34.24701356232045,measured
Landolt_Para_Comp_2970,LP2970,molar,42.96679797823263,measured
Landolt_Para_Comp_5267,LP5267,molar,134.6743158970465,measured
Landolt_Dia_Comp_3032,LD3032,molar,-26.264176799241227,measured
Landolt_Para_Comp_4626,LP4626,molar,91.55455518769259,measured
Landolt_Dia_Comp_4429,LD4429,molar,-51.62827710533609,measured
Landolt_Para_Comp_5402,LP5402,molar,54.834347781671674,measured
Landolt_Para_Comp_5663,LP5663,molar,130.53798487680956,measured
Landolt_Para_Comp_3161,LP3161,molar,307.0438709219222,measured
Landolt_Para_Comp_3570,LP3570,molar,21.108181242004825,measured
Landolt_Para_Comp_3043,LP3043,molar,182.69584152618563,measured
Landolt_Para_Comp_3302,LP3302,molar,194.20546883029297,measured
Landolt_Para_Comp_3983,LP3983,molar,92.06535089068441,measured
Landolt_Para_Comp_3486,LP3486,molar,87.92043943066133,measured
Landolt_Dia_Comp_1774,LD1774,molar,-56.08066543780269,measured
Landolt_Dia_Comp_640,LD640,molar,-50.777121306592775,measured
Landolt_Dia_Comp_2875,LD2875,molar,-51.24671566507021,measured
Landolt_Para_Comp_3876,LP3876,molar,201.86977764412845,measured
Landolt_Para_Comp_2537,LP2537,molar,138.78524694210935,measured
Landolt_Dia_Comp_1045,LD1045,molar,-27.44048603912557,measured
Landolt_Dia_Comp_1251,LD1251,molar,-59.78282528969561,measured
Landolt_Dia_Comp_4627,LD4627,molar,-31.10959703821835,measured
Landolt_Dia_Comp_209,LD209,molar,-19.728007455380162,measured
Landolt_Dia_Comp_1104,LD1104,molar,-42.34107629264336,measured
Landolt_Para_Comp_4136,LP4136,molar,105.299209137796,measured
Landolt_Para_Comp_1813,LP1813,molar,21.644095701587688,measured
Landolt_Para_Comp_3440,LP3440,molar,170.83473043205427,measured
Landolt_Para_Comp_4411,LP4411,molar,51.991232700077305,measured
Landolt_Dia_Comp_3083,LD3083,molar,-54.34736152946597,measured
Landolt_Dia_Comp_1090,LD1090,molar,-22.28967537445792,measured
Landolt_Dia_Comp_1063,LD1063,molar,-77.55626275286693,measured
Landolt_Dia_Comp_190,LD190,molar,-40.25192449382392,measured
Landolt_Para_Comp_2912,LP2912,molar,101.16581008872464,measured
Landolt_Para_Comp_4882,LP4882,molar,86.03797596321307,measured
Landolt_Dia_Comp_2393,LD2393,molar,-76.51330769190386,measured
Landolt_Para_Comp_2919,LP2919,molar,186.77512236690245,measured
Landolt_Para_Comp_2448,LP2448,molar,64.35273421639303,measured
Landolt_Para_Comp_4368,LP4368,molar,442.8913511512016,measured
Landolt_Para_Comp_836,LP836,molar,98.06533897820276,measured
Landolt_Para_Comp_870,LP870,molar,233.4409196824229,measured
Landolt_Para_Comp_4011,LP4011,molar,220.22906002722473,measured
Landolt_Para_Comp_5410,LP5410,molar,231.39891196263468,measured
Landolt_Dia_Comp_3657,LD3657,molar,-39.4885943960314,measured
Landolt_Para_Comp_1669,LP1669,molar,263.232493045606,measured
Landolt_Dia_Comp_1451,LD1451,molar,-90.53791838478082,measured
Landolt_Para_Comp_2410,LP2410,molar,85.39107042511309,measured
Landolt_Dia_Comp_4156,LD4156,molar,-69.93318609303378,measured
Landolt_Dia_Comp_2582,LD2582,molar,-79.31168049735277,measured
Landolt_Dia_Comp_5129,LD5129,molar,-49.85054759747001,measured
Landolt_Dia_Comp_5568,LD5568,molar,-41.900394229158245,measured
Landolt_Dia_Comp_5833,LD5833,molar,-41.60959018265993,measured
Landolt_Para_Comp_13,LP13,molar,272.4473258810825,measured
Landolt_Dia_Comp_4978,LD4978,molar,-43.65703128196057,measured
Landolt_Para_Comp_1871,LP1871,molar,21.53402965552973,measured
Landolt_Para_Comp_4029,LP4029,molar,104.51970606298524,measured
Landolt_Dia_Comp_64,LD64,molar,-50.43934574243367,measured
Landolt_Para_Comp_434,LP434,molar,56.58491781019809,measured
Landolt_Dia_Comp_4964,LD4964,molar,-39.468674638945615,measured
Landolt_Para_Comp_1114,LP1114,molar,88.05901149297274,measured
Landolt_Para_Comp_3005,LP3005,molar,137.58106924371606,measured
Landolt_Para_Comp_4331,LP4331,molar,185.69205075473977,measured
Landolt_Para_Comp_886,LP886,molar,309.1117897651234,measured
Landolt_Para_Comp_1298,LP1298,molar,65.83810225425655,measured
Landolt_Dia_Comp_517,LD517,molar,-36.701312693687704,measured
Landolt_Para_Comp_2197,LP2197,molar,204.97994328544502,measured
Landolt_Para_Comp_1312,LP1312,molar,38.90420394515323,measured
Landolt_Para_Comp_3596,LP3596,molar,120.70223680224676,measured
Landolt_Para_Comp_526,LP526,molar,20.291591747999284,measured
Landolt_Para_Comp_2621,LP2621,molar,124.36592460505157,measured
Landolt_Dia_Comp_3012,LD3012,molar,-15.744025536025973,measured
Landolt_Para_Comp_1007,LP1007,molar,239.03129565597183,measured
Landolt_Dia_Comp_1354,LD1354,molar,-50.91317162990057,measured
Landolt_Dia_Comp_1891,LD1891,molar,-34.8610731983017,measured
Landolt_Dia_Comp_3909,LD3909,molar,-60.51462675700421,measured
Landolt_Para_Comp_3514,LP3514,molar,110.99020938501017,measured
Landolt_Para_Comp_4176,LP4176,molar,126.97527577111657,measured
Landolt_Dia_Comp_3327,LD3327,molar,-77.12707289012542,measured
Landolt_Para_Comp_2479,LP2479,molar,11.91799154803062,measured
Landolt_Dia_Comp_2283,LD2283,molar,-64.30024464459987,measured
Landolt_Para_Comp_3676,LP3676,molar,126.28773708944823,measured
Landolt_Dia_Comp_929,LD929,molar,-23.756279279798285,measured
Landolt_Dia_Comp_5126,LD5126,molar,-27.23927098986927,measured
Landolt_Para_Comp_867,LP867,molar,75.06854875961403,measured
Landolt_Para_Comp_5857,LP5857,molar,595.0013499327475,measured
Landolt_Para_Comp_1479,LP1479,molar,427.1635332886213,measured
Landolt_Dia_Comp_4783,LD4783,molar,-57.685333181363504,measured
Landolt_Para_Comp_4737,LP4737,molar,112.57379615826488,measured
Landolt_Dia_Comp_1172,LD1172,molar,-20.33617364490693,measured
Landolt_Dia_Comp_5509,LD5509,molar,-50.64399678818769,measured
Landolt_Para_Comp_2755,LP2755,molar,15.198687392986526,measured
Landolt_Dia_Comp_5544,LD5544,molar,-41.3888935455469,measured
Landolt_Dia_Comp_1731,LD1731,molar,-5.206588323529893,measured
Landolt_Dia_Comp_416,LD416,molar,-53.721251351524856,measured
Landolt_Dia_Comp_5220,LD5220,molar,-55.731166163680015,measured
Landolt_Para_Comp_1369,LP1369,molar,69.74180193683608,measured
Landolt_Dia_Comp_381,LD381,molar,-108.05689552356185,measured
Landolt_Para_Comp_5056,LP5056,molar,131.44585962372332,measured
Landolt_Dia_Comp_548,LD548,molar,-51.89064393569004,measured
Landolt_Dia_Comp_4472,LD4472,molar,-54.583668745751524,measured
Landolt_Dia_Comp_5148,LD5148,molar,-66.27745963557552,measured
Landolt_Dia_Comp_3136,LD3136,molar,-81.00173396067923,measured
Landolt_Dia_Comp_1333,LD1333,molar,-53.200455812205966,measured
Landolt_Dia_Comp_3745,LD3745,molar,-26.14289563304075,measured
Landolt_Para_Comp_680,LP680,molar,175.29092642707442,measured
Landolt_Dia_Comp_5455,LD5455,molar,-49.613627544593186,measured
Landolt_Para_Comp_15,LP15,molar,42.119468839683776,measured
Landolt_Para_Comp_2693,LP2693,molar,82.16713469608378,measured
Landolt_Dia_Comp_1235,LD1235,molar,-40.034874163477696,measured
Landolt_Dia_Comp_899,LD899,molar,-39.971556141576386,measured
Landolt_Dia_Comp_3258,LD3258,molar,-39.64352159908994,measured
Landolt_Dia_Comp_5778,LD5778,molar,-58.412937916427786,measured
Landolt_Para_Comp_1760,LP1760,molar,13.50089479621467,measured
Landolt_Dia_Comp_5293,LD5293,molar,-40.58812981284367,measured
Landolt_Dia_Comp_4535,LD4535,molar,-47.07142665708422,measured
Landolt_Dia_Comp_54,LD54,molar,-25.094288093604224,measured
Landolt_Dia_Comp_3453,LD3453,molar,-49.103967922723385,measured
Landolt_Para_Comp_739,LP739,molar,81.4390009744811,measured
Landolt_Para_Comp_5629,LP5629,molar,84.27715260881489,measured
Landolt_Para_Comp_5750,LP5750,molar,48.30375803303887,measured
Landolt_Dia_Comp_2730,LD2730,molar,-54.06225422602414,measured
Landolt_Dia_Comp_4526,LD4526,molar,-89.04402360478608,measured
Landolt_Para_Comp_5936,LP5936,molar,184.91091563588805,measured
Landolt_Dia_Comp_794,LD794,molar,-46.57046106117167,measured
Landolt_Para_Comp_3475,LP3475,molar,93.98452911666283,measured
Landolt_Para_Comp_247,LP247,molar,47.4133694576474,measured
Landolt_Para_Comp_5398,LP5398,molar,469.76208243872213,measured
Landolt_Para_Comp_584,LP584,molar,83.69286513663764,measured
Landolt_Dia_Comp_877,LD877,molar,-63.82079184964289,measured
Landolt_Para_Comp_861,LP861,molar,323.939136445021,measured
Landolt_Para_Comp_1032,LP1032,molar,310.94652462134195,measured
Landolt_Dia_Comp_1524,LD1524,molar,-60.70756909522153,measured
Landolt_Para_Comp_4050,LP4050,molar,192.7885950494524,measured
Landolt_Dia_Comp_1367,LD1367,molar,-32.889780965235154,measured
Landolt_Para_Comp_2947,LP2947,molar,50.18847631642539,measured
Landolt_Dia_Comp_4781,LD4781,molar,-48.693223744605746,measured
Landolt_Dia_Comp_1598,LD1598,molar,-23.12969076034168,measured
Landolt_Para_Comp_2112,LP2112,molar,67.7330151840024,measured
Landolt_Dia_Comp_59,LD59,molar,-32.32836524586822,measured
Landolt_Para_Comp_2808,LP2808,molar,156.23067703958847,measured
Landolt_Dia_Comp_5368,LD5368,molar,-37.220593866538806,measured
Landolt_Dia_Comp_4742,LD4742,molar,-54.61387040416042,measured
Landolt_Dia_Comp_4080,LD4080,molar,-67.3258327138677,measured
Landolt_Dia_Comp_4787,LD4787,molar,-24.171311806834556,measured
Landolt_Para_Comp_5227,LP5227,molar,116.88706378170407,measured
Landolt_Dia_Comp_3832,LD3832,molar,-49.41099436898885,measured
Landolt_Dia_Comp_1353,LD1353,molar,-28.24516577987168,measured
Landolt_Dia_Comp_1151,LD1151,molar,-5.661386659121028,measured
Landolt_Dia_Comp_3637,LD3637,molar,-50.5469536327674,measured
Landolt_Dia_Comp_1953,LD1953,molar,-33.13006629531749,measured
Landolt_Dia_Comp_213,LD213,molar,-65.82499549592275,measured
Landolt_Para_Comp_1186,LP1186,molar,339.73909704136963,measured
Landolt_Para_Comp_2094,LP2094,molar,288.323241449526,measured
Landolt_Dia_Comp_281,LD281,molar,-22.397615106648523,measured
Landolt_Dia_Comp_4088,LD4088,molar,-41.20182345842665,measured
Landolt_Dia_Comp_3576,LD3576,molar,-70.17122907520235,measured
Landolt_Dia_Comp_45,LD45,molar,-25.43073835482382,measured
Landolt_Dia_Comp_431,LD431,molar,-53.398329597610235,measured
Landolt_Dia_Comp_335,LD335,molar,-45.388827204687026,measured
Landolt_Dia_Comp_5823,LD5823,molar,-40.76565741691033,measured
Landolt_Dia_Comp_5065,LD5065,molar,-60.837327563506726,measured
Landolt_Para_Comp_1168,LP1168,molar,29.5139105592825,measured
Landolt_Dia_Comp_3926,LD3926,molar,-67.55641869659024,measured
Landolt_Dia_Comp_4620,LD4620,molar,-42.32868954491171,measured
Landolt_Para_Comp_5825,LP5825,molar,635.5844813573281,measured
Landolt_Para_Comp_2307,LP2307,molar,21.51358299069959,measured
Landolt_Dia_Comp_601,LD601,molar,-75.91862133327837,measured
Landolt_Para_Comp_2190,LP2190,molar,19.320516942920328,measured
Landolt_Dia_Comp_4728,LD4728,molar,-1.0,measured
Landolt_Para_Comp_3461,LP3461,molar,66.6902304794549,measured
Landolt_Dia_Comp_1540,LD1540,molar,-36.5963562564794,measured
Landolt_Dia_Comp_3859,LD3859,molar,-68.42794661470744,measured
Landolt_Dia_Comp_3389,LD3389,molar,-38.17630176166244,measured
Landolt_Para_Comp_5474,LP5474,molar,79.32115710207346,measured
Landolt_Dia_Comp_2687,LD2687,molar,-29.497504800959973,measured
Landolt_Para_Comp_123,LP123,molar,224.56922515707657,measured
Landolt_Dia_Comp_3592,LD3592,molar,-90.07499907625596,measured
Landolt_Dia_Comp_3630,LD3630,molar,-48.47704013778108,measured
Landolt_Dia_Comp_256,LD256,molar,-25.65849756551428,measured
Landolt_Para_Comp_3694,LP3694,molar,36.91160273819712,measured
Landolt_Para_Comp_5142,LP5142,molar,13.110365047486704,measured
Landolt_Dia_Comp_552,LD552,molar,-64.83488660020483,measured
Landolt_Para_Comp_4057,LP4057,molar,76.19588760190227,measured
Landolt_Para_Comp_3601,LP3601,molar,583.1215326524718,measured
Landolt_Dia_Comp_3223,LD3223,molar,-76.44417957889964,measured
Landolt_Para_Comp_1395,LP1395,molar,159.22641642797106,measured
Landolt_Para_Comp_4703,LP4703,molar,231.29340004152493,measured
Landolt_Dia_Comp_5114,LD5114,molar,-16.018163251800267,measured
Landolt_Dia_Comp_5754,LD5754,molar,-55.46093910681777,measured
Landolt_Dia_Comp_331,LD331,molar,-32.262234852375826,measured
Landolt_Para_Comp_1413,LP1413,molar,116.18624849284848,measured
Landolt_Para_Comp_3922,LP3922,molar,49.98654691895648,measured
Landolt_Dia_Comp_5666,LD5666,molar,-88.62720696801244,measured
Landolt_Para_Comp_2876,LP2876,molar,128.1036464963775,measured
Landolt_Para_Comp_854,LP854,molar,140.7519941269127,measured
Landolt_Para_Comp_3629,LP3629,molar,136.52220528254765,measured
Landolt_Para_Comp_2676,LP2676,molar,17.830502913085464,measured
Landolt_Para_Comp_1390,LP1390,molar,160.71874848566011,measured
Landolt_Dia_Comp_2853,LD2853,molar,-36.19854299847901,measured
Landolt_Para_Comp_4732,LP4732,molar,18.583472671370586,measured
Landolt_Dia_Comp_5979,LD5979,molar,-51.9076118916669,measured
Landolt_Dia_Comp_4048,LD4048,molar,-57.074908575694025,measured
Landolt_Para_Comp_1383,LP1383,molar,192.73882794517755,measured
Landolt_Dia_Comp_3050,LD3050,molar,-55.732631094498984,measured
Landolt_Dia_Comp_2474,LD2474,molar,-51.5421952886946,measured
Landolt_Dia_Comp_516,LD516,molar,-31.967458399941677,measured
Landolt_Dia_Comp_718,LD718,molar,-76.94967102696828,measured
Landolt_Dia_Comp_2389,LD2389,molar,-50.332979071452456,measured
Landolt_Dia_Comp_1379,LD1379,molar,-77.75416121875394,measured
Landolt_Para_Comp_4262,LP4262,molar,168.49440407843753,measured
Landolt_Dia_Comp_2336,LD2336,molar,-53.222733045295854,measured
Landolt_Dia_Comp_3963,LD3963,molar,-53.84232332087522,measured
Landolt_Para_Comp_3705,LP3705,molar,128.3154261085324,measured
Landolt_Dia_Comp_2890,LD2890,molar,-82.12991282865929,measured
Landolt_Para_Comp_5017,LP5017,molar,115.01709582939245,measured
Landolt_Dia_Comp_111,LD111,molar,-64.1180374292382,measured
Landolt_Para_Comp_3746,LP3746,molar,11.306281189484777,measured
Landolt_Dia_Comp_3203,LD3203,molar,-30.317269536239206,measured
Landolt_Dia_Comp_391,LD391,molar,-56.32556458226268,measured
Landolt_Dia_Comp_5253,LD5253,molar,-75.17514669930934,measured
Landolt_Para_Comp_5652,LP5652,molar,25.357328415597472,measured
Landolt_Para_Comp_2599,LP2599,molar,67.33058582029726,measured
Landolt_Dia_Comp_5206,LD5206,molar,-49.61503217686483,measured
Landolt_Dia_Comp_1428,LD1428,molar,-51.90122570820591,measured
Landolt_Para_Comp_2165,LP2165,molar,94.13798234336929,measured
Landolt_Para_Comp_5830,LP5830,molar,513.7339470944316,measured
Landolt_Para_Comp_3569,LP3569,molar,320.28867301462674,measured
Landolt_Dia_Comp_5415,LD5415,molar,-95.41707173609383,measured
Landolt_Para_Comp_3828,LP3828,molar,184.62333599045974,measured
Landolt_Dia_Comp_5059,LD5059,molar,-38.60972327441321,measured
Landolt_Para_Comp_2819,LP2819,molar,80.74964410394902,measured
Landolt_Dia_Comp_2012,LD2012,molar,-46.078703392099705,measured
Landolt_Dia_Comp_4851,LD4851,molar,-67.29436558367374,measured
Landolt_Dia_Comp_304,LD304,molar,-79.99308788714806,measured
Landolt_Dia_Comp_1306,LD1306,molar,-41.205547186259665,measured
Landolt_Dia_Comp_4415,LD4415,molar,-47.68812196784166,measured
Landolt_Dia_Comp_2062,LD2062,molar,-73.60608296399086,measured
Landolt_Dia_Comp_4689,LD4689,molar,-36.88147335581429,measured
Landolt_Para_Comp_1765,LP1765,molar,206.5702766223288,measured
Landolt_Dia_Comp_732,LD732,molar,-61.152096621147564,measured
Landolt_Para_Comp_3200,LP3200,molar,91.8644525358175,measured
Landolt_Dia_Comp_2214,LD2214,molar,-71.55858767925741,measured
Landolt_Dia_Comp_4565,LD4565,molar,-53.739827602545304,measured
Landolt_Para_Comp_3976,LP3976,molar,14.416447625779739,measured
Landolt_Dia_Comp_5573,LD5573,molar,-35.199539120782404,measured
Landolt_Dia_Comp_4214,LD4214,molar,-62.3041612140628,measured
Landolt_Para_Comp_3374,LP3374,molar,387.08711768871257,measured
Landolt_Para_Comp_3594,LP3594,molar,137.6095035570546,measured
Landolt_Para_Comp_1239,LP1239,molar,52.098808903839846,measured
Landolt_Para_Comp_4599,LP4599,molar,81.11434861518677,measured
Landolt_Dia_Comp_2927,LD2927,molar,-41.79363978361701,measured
Landolt_Dia_Comp_377,LD377,molar,-26.913611648987153,measured
Landolt_Dia_Comp_5289,LD5289,molar,-60.61942907679506,measured
Landolt_Dia_Comp_5284,LD5284,molar,-59.18004800276674,measured
Landolt_Dia_Comp_571,LD571,molar,-65.32026870755365,measured
Landolt_Dia_Comp_701,LD701,molar,-44.37613423345179,measured
Landolt_Para_Comp_1505,LP1505,molar,52.489100856695394,measured
Landolt_Para_Comp_1950,LP1950,molar,41.4867533368685,measured
Landolt_Dia_Comp_2226,LD2226,molar,-50.419182449230405,measured
Landolt_Para_Comp_1926,LP1926,molar,225.15828840989343,measured
Landolt_Para_Comp_3328,LP3328,molar,179.50230037632232,measured
Landolt_Dia_Comp_3024,LD3024,molar,-35.70471887358382,measured
Landolt_Para_Comp_3805,LP3805,molar,368.3485997683419,measured
Landolt_Para_Comp_4967,LP4967,molar,12.672767563043696,measured
Landolt_Para_Comp_4333,LP4333,molar,362.0355004628266,measured
Landolt_Para_Comp_968,LP968,molar,154.14115177345747,measured
Landolt_Dia_Comp_3165,LD3165,molar,-86.28860013330458,measured
Landolt_Para_Comp_4762,LP4762,molar,74.58208411309504,measured
Landolt_Para_Comp_5469,LP5469,molar,220.76823531396002,measured
Landolt_Para_Comp_5614,LP5614,molar,186.75006547379783,measured
Landolt_Para_Comp_4184,LP4184,molar,21.252477473384083,measured
Landolt_Dia_Comp_3300,LD3300,molar,-25.079786634938515,measured
Landolt_Para_Comp_3685,LP3685,molar,601.5844553796006,measured
Landolt_Para_Comp_4669,LP4669,molar,44.49672483020345,measured
Landolt_Dia_Comp_521,LD521,molar,-37.68977973403967,measured
Landolt_Para_Comp_5942,LP5942,molar,53.29393575369426,measured
Landolt_Para_Comp_4203,LP4203,molar,352.39676426399615,measured
Landolt_Para_Comp_224,LP224,molar,796.4195880632777,measured
Landolt_Para_Comp_5995,LP5995,molar,20.05844453352988,measured
Landolt_Para_Comp_4439,LP4439,molar,126.2304190423257,measured
Landolt_Para_Comp_2628,LP2628,molar,17.797412983541246,measured
Landolt_Para_Comp_1915,LP1915,molar,256.4324907794538,measured
Landolt_Dia_Comp_2435,LD2435,molar,-53.3804732444824,measured
Landolt_Para_Comp_1145,LP1145,molar,321.53114941772463,measured
Landolt_Dia_Comp_3876,LD3876,molar,-43.21091674066072,measured
Landolt_Dia_Comp_3386,LD3386,molar,-51.467076963449244,measured
Landolt_Para_Comp_2175,LP2175,molar,178.64892719237463,measured
Landolt_Dia_Comp_3162,LD3162,molar,-40.46598437967649,measured
Landolt_Dia_Comp_1903,LD1903,molar,-17.48708218412184,measured
Landolt_Dia_Comp_1516,LD1516,molar,-56.22264999829985,measured
Landolt_Dia_Comp_5577,LD5577,molar,-22.983139133563853,measured
Landolt_Para_Comp_4084,LP4084,molar,103.0110968867691,measured
Landolt_Para_Comp_3979,LP3979,molar,107.64931569907752,measured
Landolt_Dia_Comp_3633,LD3633,molar,-57.646781472830476,measured
Landolt_Para_Comp_1554,LP1554,molar,172.95712186850034,measured
Landolt_Dia_Comp_5366,LD5366,molar,-15.796658147568216,measured
Landolt_Para_Comp_1906,LP1906,molar,10.500872877396699,measured
Landolt_Dia_Comp_417,LD417,molar,-30.029678731705655,measured
Landolt_Dia_Comp_3802,LD3802,molar,-41.86330316837518,measured
Landolt_Dia_Comp_41,LD41,molar,-52.06405246460536,measured
Landolt_Para_Comp_4866,LP4866,molar,19.553473985809447,measured
Landolt_Dia_Comp_2671,LD2671,molar,-56.75415393566785,measured
Landolt_Dia_Comp_819,LD819,molar,-63.37074629056393,measured
Landolt_Dia_Comp_3468,LD3468,molar,-54.12195980861805,measured
Landolt_Para_Comp_3403,LP3403,molar,135.77582446276745,measured
Landolt_Para_Comp_769,LP769,molar,183.63675993404743,measured
Landolt_Para_Comp_1817,LP1817,molar,95.38183438536191,measured
Landolt_Dia_Comp_1788,LD1788,molar,-25.727438528264056,measured
Landolt_Para_Comp_4379,LP4379,molar,90.60255415416005,measured
Landolt_Dia_Comp_2438,LD2438,molar,-68.18242789289008,measured
Landolt_Para_Comp_1427,LP1427,molar,31.892548679258578,measured
Landolt_Para_Comp_1232,LP1232,molar,41.54236335695198,measured
Landolt_Dia_Comp_4612,LD4612,molar,-44.07630629906496,measured
Landolt_Para_Comp_5327,LP5327,molar,100.82250276232487,measured
Landolt_Dia_Comp_4224,LD4224,molar,-52.285398224323366,measured
Landolt_Dia_Comp_5760,LD5760,molar,-72.67268590613322,measured
Landolt_Dia_Comp_4172,LD4172,molar,-33.0925735876925,measured
Landolt_Dia_Comp_2161,LD2161,molar,-63.656370317923304,measured
Landolt_Para_Comp_233,LP233,molar,111.92028370970357,measured
Landolt_Dia_Comp_1699,LD1699,molar,-37.397461877150526,measured
Landolt_Para_Comp_5645,LP5645,molar,381.1147066136516,measured
Landolt_Para_Comp_5137,LP5137,molar,16.904566790485408,measured
Landolt_Para_Comp_750,LP750,molar,11.769871429411193,measured
Landolt_Dia_Comp_1864,LD1864,molar,-50.15957130680575,measured
Landolt_Para_Comp_3706,LP3706,molar,69.99189888951236,measured
Landolt_Para_Comp_1852,LP1852,molar,24.06627752220391,measured
Landolt_Dia_Comp_248,LD248,molar,-31.608082120919423,measured
Landolt_Dia_Comp_4511,LD4511,molar,-25.458474036765555,measured
Landolt_Para_Comp_4714,LP4714,molar,88.99082779104786,measured
Landolt_Dia_Comp_5067,LD5067,molar,-82.10721953663257,measured
Landolt_Dia_Comp_261,LD261,molar,-34.633172904791095,measured
Landolt_Dia_Comp_2382,LD2382,molar,-48.81320590374711,measured
Landolt_Para_Comp_5070,LP5070,molar,291.3295364239162,measured
Landolt_Para_Comp_964,LP964,molar,44.033122387878656,measured
Landolt_Dia_Comp_5252,LD5252,molar,-65.0446722113945,measured
Landolt_Para_Comp_2649,LP2649,molar,30.455126740168037,measured
Landolt_Dia_Comp_1,LD1,molar,-66.85453289232771,measured
Landolt_Para_Comp_481,LP481,molar,34.635612018720124,measured
Landolt_Dia_Comp_1723,LD1723,molar,-32.23697597909245,measured
Landolt_Dia_Comp_5516,LD5516,molar,-49.56409595461928,measured
Landolt_Dia_Comp_69,LD69,molar,-68.35474010397289,measured
Landolt_Dia_Comp_922,LD922,molar,-87.73986143287175,measured
Landolt_Dia_Comp_2069,LD2069,molar,-77.27896965154082,measured
Landolt_Para_Comp_602,LP602,molar,194.01397135836703,measured
Landolt_Dia_Comp_1601,LD1601,molar,-42.23887571693635,measured
Landolt_Para_Comp_5103,LP5103,molar,22.670200522740625,measured
Landolt_Para_Comp_4055,LP4055,molar,529.9707693683063,measured
Landolt_Dia_Comp_4791,LD4791,molar,-35.84206679039761,measured
Landolt_Dia_Comp_2907,LD2907,molar,-76.39751592067753,measured
Landolt_Dia_Comp_3992,LD3992,molar,-32.74053243865457,measured
Landolt_Para_Comp_1049,LP1049,molar,100.30818086886778,measured
Landolt_Dia_Comp_4414,LD4414,molar,-69.17135394964541,measured
Landolt_Para_Comp_3284,LP3284,molar,122.22144842214273,measured
Landolt_Dia_Comp_2518,LD2518,molar,-89.22079881907007,measured
Landolt_Dia_Comp_5309,LD5309,molar,-28.342903145502607,measured
Landolt_Para_Comp_3089,LP3089,molar,81.85322484285669,measured
Landolt_Para_Comp_1525,LP1525,molar,119.89329426458067,measured
Landolt_Dia_Comp_889,LD889,molar,-61.37114071113095,measured
Landolt_Para_Comp_1226,LP1226,molar,89.02089756139165,measured
Landolt_Dia_Comp_2716,LD2716,molar,-42.89237214186077,measured
Landolt_Para_Comp_4961,LP4961,molar,26.57969844707855,measured
Landolt_Para_Comp_2910,LP2910,molar,45.33240117477207,measured
Landolt_Dia_Comp_290,LD290,molar,-62.51746591186922,measured
Landolt_Para_Comp_2346,LP2346,molar,48.01730938321322,measured
Landolt_Para_Comp_2440,LP2440,molar,374.0787858608784,measured
Landolt_Para_Comp_684,LP684,molar,72.85606077860828,measured
Landolt_Dia_Comp_3811,LD3811,molar,-33.11339409865852,measured
Landolt_Dia_Comp_4814,LD4814,molar,-51.69736060483234,measured
Landolt_Dia_Comp_374,LD374,molar,-43.92974111708072,measured
Landolt_Para_Comp_5116,LP5116,molar,169.28703013424925,measured
Landolt_Para_Comp_4745,LP4745,molar,127.02238200991412,measured
Landolt_Dia_Comp_254,LD254,molar,-42.32678160572904,measured
Landolt_Dia_Comp_1506,LD1506,molar,-52.60670165641204,measured
Landolt_Para_Comp_3593,LP3593,molar,125.13686216901138,measured
Landolt_Dia_Comp_5600,LD5600,molar,-71.4418745924823,measured
Landolt_Dia_Comp_2958,LD2958,molar,-80.45371717988877,measured
Landolt_Dia_Comp_134,LD134,molar,-50.075354508843326,measured
Landolt_Para_Comp_4864,LP4864,molar,318.9993825529691,measured
Landolt_Para_Comp_396,LP396,molar,34.989055013257584,measured
Landolt_Para_Comp_5666,LP5666,molar,121.4910750807204,measured
Landolt_Dia_Comp_2300,LD2300,molar,-39.04849542629181,measured
Landolt_Para_Comp_3735,LP3735,molar,54.04234531277048,measured
Landolt_Para_Comp_1024,LP1024,molar,63.20001179260934,measured
Landolt_Dia_Comp_5233,LD5233,molar,-58.8734641636375,measured
Landolt_Para_Comp_1146,LP1146,molar,151.24157526128005,measured
Landolt_Para_Comp_3252,LP3252,molar,31.576460406396606,measured
Landolt_Dia_Comp_3558,LD3558,molar,-48.66215157148833,measured
Landolt_Dia_Comp_2433,LD2433,molar,-66.08118017251502,measured
Landolt_Para_Comp_1625,LP1625,molar,340.7890446609376,measured
Landolt_Dia_Comp_1288,LD1288,molar,-50.972152871211875,measured
Landolt_Dia_Comp_1183,LD1183,molar,-78.63451053487705,measured
Landolt_Dia_Comp_2869,LD2869,molar,-65.82822728225266,measured
Landolt_Para_Comp_5424,LP5424,molar,21.038612076786215,measured
Landolt_Dia_Comp_2709,LD2709,molar,-39.17436201758327,measured
Landolt_Dia_Comp_769,LD769,molar,-66.47510050120499,measured
Landolt_Para_Comp_1981,LP1981,molar,119.80800050782902,measured
Landolt_Para_Comp_5001,LP5001,molar,368.9644940443461,measured
Landolt_Dia_Comp_4436,LD4436,molar,-43.561152341529315,measured
Landolt_Para_Comp_5383,LP5383,molar,19.520768941585217,measured
Landolt_Para_Comp_3503,LP3503,molar,170.37337035877857,measured
Landolt_Dia_Comp_454,LD454,molar,-14.467767057516603,measured
Landolt_Para_Comp_1904,LP1904,molar,10.904094950884081,measured
Landolt_Para_Comp_587,LP587,molar,145.50409160769564,measured
Landolt_Para_Comp_3174,LP3174,molar,71.94583783167963,measured
Landolt_Dia_Comp_806,LD806,molar,-17.445154715489515,measured
Landolt_Dia_Comp_3751,LD3751,molar,-68.71652425334045,measured
Landolt_Para_Comp_5126,LP5126,molar,25.291555053954724,measured
Landolt_Para_Comp_2949,LP2949,molar,23.01685064671211,measured
Landolt_Dia_Comp_425,LD425,molar,-56.962260255462446,measured
Landolt_Dia_Comp_4106,LD4106,molar,-33.06713851742158,measured
Landolt_Para_Comp_4749,LP4749,molar,433.88123187007756,measured
Landolt_Para_Comp_2672,LP2672,molar,679.9936868043233,measured
Landolt_Dia_Comp_3159,LD3159,molar,-48.87846404456822,measured
Landolt_Dia_Comp_5107,LD5107,molar,-86.99212324646429,measured
Landolt_Dia_Comp_4679,LD4679,molar,-63.254637453846975,measured
Landolt_Para_Comp_3130,LP3130,molar,52.41993700557127,measured
Landolt_Dia_Comp_3418,LD3418,molar,-37.55936577036433,measured
Landolt_Para_Comp_848,LP848,molar,18.111998083913583,measured
Landolt_Para_Comp_1508,LP1508,molar,14.571321411759364,measured
Landolt_Para_Comp_3001,LP3001,molar,117.79634966153367,measured
Landolt_Dia_Comp_5931,LD5931,molar,-72.98178243636977,measured
Landolt_Para_Comp_4790,LP4790,molar,33.95687642856144,measured
Landolt_Dia_Comp_2072,LD2072,molar,-48.41842215284242,measured
Landolt_Dia_Comp_3825,LD3825,molar,-85.72140990801056,measured
Landolt_Para_Comp_168,LP168,molar,50.74431758938156,measured
Landolt_Para_Comp_3420,LP3420,molar,294.1301467026188,measured
Landolt_Dia_Comp_4315,LD4315,molar,-55.22114766739397,measured
Landolt_Dia_Comp_4499,LD4499,molar,-77.73228838692107,measured
Landolt_Dia_Comp_3132,LD3132,molar,-54.609946202205435,measured
Landolt_Para_Comp_3824,LP3824,molar,119.00877301835892,measured
Landolt_Para_Comp_5023,LP5023,molar,233.5531200652843,measured
Landolt_Dia_Comp_925,LD925,molar,-38.55821176453534,measured
Landolt_Dia_Comp_2130,LD2130,molar,-16.68921688196501,measured
Landolt_Para_Comp_5561,LP5561,molar,193.10648130636304,measured
Landolt_Dia_Comp_2148,LD2148,molar,-73.67312458278573,measured
Landolt_Dia_Comp_4033,LD4033,molar,-44.07717680011636,measured
Landolt_Dia_Comp_12,LD12,molar,-51.42711806502966,measured
Landolt_Dia_Comp_3568,LD3568,molar,-81.55642185534943,measured
Landolt_Dia_Comp_1934,LD1934,molar,-50.48923632692323,measured
Landolt_Para_Comp_3361,LP3361,molar,632.5072339307839,measured
Landolt_Dia_Comp_5861,LD5861,molar,-71.7447487512573,measured
Landolt_Dia_Comp_283,LD283,molar,-40.16235893487373,measured
Landolt_Dia_Comp_337,LD337,molar,-10.221907396474272,measured
Landolt_Para_Comp_5791,LP5791,molar,156.91308248460413,measured
Landolt_Dia_Comp_70,LD70,molar,-71.35798999426228,measured
Landolt_Dia_Comp_5469,LD5469,molar,-54.331639189525546,measured
Landolt_Para_Comp_4409,LP4409,molar,234.09604510346773,measured
Landolt_Para_Comp_72,LP72,molar,201.09869169658162,measured
Landolt_Dia_Comp_2256,LD2256,molar,-21.140993770489686,measured
Landolt_Para_Comp_1617,LP1617,molar,114.48126260816592,measured
Landolt_Para_Comp_834,LP834,molar,192.25164354700124,measured
Landolt_Para_Comp_440,LP440,molar,373.09665333584996,measured
Landolt_Dia_Comp_5125,LD5125,molar,-69.48048458859297,measured
Landolt_Para_Comp_2229,LP2229,molar,230.7202188559179,measured
Landolt_Dia_Comp_5221,LD5221,molar,-48.19902637229624,measured
Landolt_Para_Comp_3768,LP3768,molar,78.23989845160344,measured
Landolt_Dia_Comp_4447,LD4447,molar,-20.743113937288918,measured
Landolt_Para_Comp_1094,LP1094,molar,63.87859048372221,measured
Landolt_Dia_Comp_106,LD106,molar,-53.568344521703025,measured
Landolt_Para_Comp_152,LP152,molar,257.52803703773293,measured
Landolt_Dia_Comp_3628,LD3628,molar,-37.45480056224715,measured
Landolt_Para_Comp_3193,LP3193,molar,107.91242143486149,measured
Landolt_Para_Comp_2196,LP2196,molar,134.32250776059806,measured
Landolt_Para_Comp_5534,LP5534,molar,28.04872862249949,measured
Landolt_Dia_Comp_1729,LD1729,molar,-72.94926905642309,measured
Landolt_Para_Comp_1884,LP1884,molar,47.25986978399296,measured
Landolt_Dia_Comp_4083,LD4083,molar,-71.05886878816852,measured
Landolt_Dia_Comp_438,LD438,molar,-27.63486494885821,measured
Landolt_Dia_Comp_1651,LD1651,molar,-31.389326282586136,measured
Landolt_Dia_Comp_5377,LD5377,molar,-37.347533369969256,measured
Landolt_Dia_Comp_2086,LD2086,molar,-55.5349148572665,measured
Landolt_Para_Comp_2255,LP2255,molar,127.20653527372708,measured
Landolt_Para_Comp_4913,LP4913,molar,21.56503067293646,measured
Landolt_Dia_Comp_332,LD332,molar,-65.53967972339257,measured
Landolt_Dia_Comp_4483,LD4483,molar,-55.7433669766981,measured
Landolt_Para_Comp_873,LP873,molar,336.4513270451966,measured
Landolt_Dia_Comp_4889,LD4889,molar,-45.89045482288415,measured
Landolt_Dia_Comp_4141,LD4141,molar,-104.29801636337729,measured
Landolt_Para_Comp_2027,LP2027,molar,65.3326285199348,measured
Landolt_Dia_Comp_491,LD491,molar,-17.03572505041354,measured
Landolt_Dia_Comp_3696,LD3696,molar,-46.30450027323111,measured
Landolt_Dia_Comp_2585,LD2585,molar,-47.97974631602376,measured
Landolt_Para_Comp_170,LP170,molar,53.48839555371407,measured
Landolt_Para_Comp_4796,LP4796,molar,315.6560641756408,measured
Landolt_Dia_Comp_2566,LD2566,molar,-30.634568075598082,measured
Landolt_Dia_Comp_4924,LD4924,molar,-45.872373031661965,measured
Landolt_Dia_Comp_5992,LD5992,molar,-57.85761639694832,measured
Landolt_Para_Comp_1597,LP1597,molar,218.06181199437037,measured
Landolt_Dia_Comp_4899,LD4899,molar,-15.118003344792285,measured
Landolt_Dia_Comp_2580,LD2580,molar,-60.58581339253078,measured
Landolt_Para_Comp_1242,LP1242,molar,162.35255176704518,measured
Landolt_Para_Comp_116,LP116,molar,34.94585428054148,measured
Landolt_Para_Comp_619,LP619,molar,147.51710970173673,measured
Landolt_Para_Comp_4126,LP4126,molar,364.00867079531236,measured
Landolt_Para_Comp_898,LP898,molar,150.1733397677132,measured
Landolt_Dia_Comp_4880,LD4880,molar,-20.323714804430445,measured
Landolt_Para_Comp_3702,LP3702,molar,182.4188108187582,measured
Landolt_Para_Comp_4158,LP4158,molar,209.8758956070159,measured
Landolt_Dia_Comp_3997,LD3997,molar,-55.02269393022863,measured
Landolt_Dia_Comp_3737,LD3737,molar,-57.46152287476207,measured
Landolt_Dia_Comp_1684,LD1684,molar,-58.538090655942554,measured
Landolt_Para_Comp_3814,LP3814,molar,90.77962352101092,measured
Landolt_Dia_Comp_4399,LD4399,molar,-20.377213773968137,measured
Landolt_Dia_Comp_4631,LD4631,molar,-44.620357178897414,measured
Landolt_Para_Comp_2451,LP2451,molar,276.60255783364636,measured
Landolt_Para_Comp_1575,LP1575,molar,772.7745166568518,measured
Landolt_Dia_Comp_5180,LD5180,molar,-29.7203468372879,measured
Landolt_Dia_Comp_2925,LD2925,molar,-35.77776899952152,measured
Landolt_Para_Comp_771,LP771,molar,45.97517092938915,measured
Landolt_Para_Comp_1342,LP1342,molar,247.15803028483032,measured
Landolt_Para_Comp_4457,LP4457,molar,215.38884719764962,measured
Landolt_Dia_Comp_5786,LD5786,molar,-108.59550559094323,measured
Landolt_Dia_Comp_1470,LD1470,molar,-1.0,measured
Landolt_Para_Comp_3350,LP3350,molar,179.47421158648936,measured
Landolt_Dia_Comp_1547,LD1547,molar,-57.55086980434842,measured
Landolt_Dia_Comp_710,LD710,molar,-57.58609688489852,measured
Landolt_Dia_Comp_1383,LD1383,molar,-46.6142764586953,measured
Landolt_Para_Comp_3865,LP3865,molar,65.3782430206679,measured
Landolt_Dia_Comp_5140,LD5140,molar,-70.77064680544308,measured
Landolt_Para_Comp_1647,LP1647,molar,104.01120339003346,measured
Landolt_Para_Comp_1743,LP1743,molar,192.32480710742658,measured
Landolt_Dia_Comp_5257,LD5257,molar,-64.69801353793001,measured
Landolt_Para_Comp_5728,LP5728,molar,405.56786320481604,measured
Landolt_Dia_Comp_430,LD430,molar,-74.99967980126007,measured
Landolt_Para_Comp_3290,LP3290,molar,219.64206984941495,measured
Landolt_Para_Comp_3924,LP3924,molar,165.16972580257385,measured
Landolt_Para_Comp_1577,LP1577,molar,158.2009864140939,measured
Landolt_Dia_Comp_1109,LD1109,molar,-21.385772811368035,measured
Landolt_Dia_Comp_4051,LD4051,molar,-66.69200798497137,measured
Landolt_Dia_Comp_4517,LD4517,molar,-61.110791397659455,measured
Landolt_Dia_Comp_3252,LD3252,molar,-54.174525061477816,measured
Landolt_Dia_Comp_4812,LD4812,molar,-64.37666464626663,measured
Landolt_Dia_Comp_4390,LD4390,molar,-30.08956773663807,measured
Landolt_Dia_Comp_4529,LD4529,molar,-33.13932016369796,measured
Landolt_Para_Comp_1756,LP1756,molar,169.71625622767513,measured
Landolt_Para_Comp_3815,LP3815,molar,219.6437129070879,measured
Landolt_Para_Comp_933,LP933,molar,239.06066651309538,measured
Landolt_Para_Comp_2290,LP2290,molar,320.4085201714975,measured
Landolt_Dia_Comp_4128,LD4128,molar,-39.67905857013708,measured
Landolt_Para_Comp_674,LP674,molar,677.6071329930784,measured
Landolt_Dia_Comp_5525,LD5525,molar,-80.56769201191538,measured
Landolt_Para_Comp_4657,LP4657,molar,152.56137302698974,measured
Landolt_Dia_Comp_2511,LD2511,molar,-50.42006105010806,measured
Landolt_Dia_Comp_4151,LD4151,molar,-37.0152854123832,measured
Landolt_Dia_Comp_2348,LD2348,molar,-30.9113471937227,measured
Landolt_Para_Comp_5656,LP5656,molar,121.17780270654531,measured
Landolt_Dia_Comp_5608,LD5608,molar,-39.219543354891,measured
Landolt_Dia_Comp_1828,LD1828,molar,-37.009877984025586,measured
Landolt_Para_Comp_1489,LP1489,molar,75.30787020606431,measured
Landolt_Dia_Comp_1069,LD1069,molar,-75.27644830541055,measured
Landolt_Dia_Comp_1254,LD1254,molar,-4.646144419255833,measured
Landolt_Dia_Comp_2524,LD2524,molar,-1.0,measured
Landolt_Para_Comp_1736,LP1736,molar,32.847743375614044,measured
Landolt_Para_Comp_5738,LP5738,molar,206.8006581667894,measured
Landolt_Dia_Comp_2760,LD2760,molar,-65.52189827084644,measured
Landolt_Dia_Comp_427,LD427,molar,-67.77152848662001,measured
Landolt_Dia_Comp_814,LD814,molar,-41.70900246205453,measured
Landolt_Para_Comp_5231,LP5231,molar,89.57045328198497,measured
Landolt_Dia_Comp_5428,LD5428,molar,-1.0,measured
Landolt_Dia_Comp_3619,LD3619,molar,-51.33938043159898,measured
Landolt_Para_Comp_2946,LP2946,molar,170.38551525406373,measured
Landolt_Dia_Comp_5816,LD5816,molar,-43.301285826117834,measured
Landolt_Para_Comp_2631,LP2631,molar,52.45557701946331,measured
Landolt_Para_Comp_2497,LP2497,molar,181.62442126956373,measured
Landolt_Dia_Comp_1560,LD1560,molar,-22.839874513559508,measured
Landolt_Dia_Comp_5256,LD5256,molar,-55.698608014283714,measured
Landolt_Dia_Comp_2549,LD2549,molar,-34.09242354311175,measured
Landolt_Para_Comp_3722,LP3722,molar,418.24718365482596,measured
Landolt_Para_Comp_3353,LP3353,molar,164.8151157908514,measured
Landolt_Para_Comp_1982,LP1982,molar,248.07609625304784,measured
Landolt_Dia_Comp_3867,LD3867,molar,-62.39669124401302,measured
Landolt_Para_Comp_2075,LP2075,molar,37.122939765190864,measured
Landolt_Dia_Comp_971,LD971,molar,-77.06839069132072,measured
Landolt_Dia_Comp_4269,LD4269,molar,-56.47008117083254,measured
Landolt_Dia_Comp_5186,LD5186,molar,-41.673841605513765,measured
Landolt_Dia_Comp_3704,LD3704,molar,-58.19170695830878,measured
Landolt_Para_Comp_2823,LP2823,molar,274.30400508106163,measured
Landolt_Dia_Comp_4974,LD4974,molar,-72.97485778611883,measured
Landolt_Dia_Comp_2297,LD2297,molar,-37.15554323918297,measured
Landolt_Para_Comp_4990,LP4990,molar,580.4244306651684,measured
Landolt_Dia_Comp_4244,LD4244,molar,-56.71677545680965,measured
Landolt_Para_Comp_1701,LP1701,molar,268.77292461820923,measured
Landolt_Para_Comp_4563,LP4563,molar,91.78557042611563,measured
Landolt_Para_Comp_461,LP461,molar,51.357618164369136,measured
Landolt_Para_Comp_699,LP699,molar,214.31217754908542,measured
Landolt_Dia_Comp_3733,LD3733,molar,-22.21165041988689,measured
Landolt_Dia_Comp_2399,LD2399,molar,-54.307997053911066,measured
Landolt_Dia_Comp_3082,LD3082,molar,-42.65764977903349,measured
Landolt_Dia_Comp_2321,LD2321,molar,-45.91764832820685,measured
Landolt_Para_Comp_5232,LP5232,molar,503.4300077874701,measured
Landolt_Dia_Comp_3615,LD3615,molar,-33.63799058088727,measured
Landolt_Dia_Comp_1939,LD1939,molar,-38.42175642727354,measured
Landolt_Para_Comp_4144,LP4144,molar,28.923435398162585,measured
Landolt_Dia_Comp_4754,LD4754,molar,-27.555214103524072,measured
Landolt_Dia_Comp_2006,LD2006,molar,-63.129295550824345,measured
Landolt_Dia_Comp_4672,LD4672,molar,-16.535139752694462,measured
Landolt_Para_Comp_1541,LP1541,molar,70.73334117047202,measured
Landolt_Para_Comp_5249,LP5249,molar,249.15826262313044,measured
Landolt_Dia_Comp_564,LD564,molar,-20.165246877472125,measured
Landolt_Para_Comp_2222,LP2222,molar,105.81229130500456,measured
Landolt_Para_Comp_3715,LP3715,molar,113.52329677421808,measured
Landolt_Para_Comp_5535,LP5535,molar,354.89467232152305,measured
Landolt_Para_Comp_378,LP378,molar,264.6313738506816,measured
Landolt_Para_Comp_3258,LP3258,molar,147.62812964005343,measured
Landolt_Dia_Comp_222,LD222,molar,-21.65808341073003,measured
Landolt_Para_Comp_4242,LP4242,molar,132.5813972145353,measured
Landolt_Para_Comp_1821,LP1821,molar,208.1468062383413,measured
Landolt_Para_Comp_3836,LP3836,molar,672.6709650751824,measured
Landolt_Para_Comp_3026,LP3026,molar,27.480204941553747,measured
Landolt_Para_Comp_246,LP246,molar,23.221262335065045,measured
Landolt_Dia_Comp_4444,LD4444,molar,-89.22070103681955,measured
Landolt_Dia_Comp_4940,LD4940,molar,-60.49440086701851,measured
Landolt_Dia_Comp_4131,LD4131,molar,-65.50821570562832,measured
Landolt_Dia_Comp_345,LD345,molar,-42.76228544986789,measured
Landolt_Para_Comp_2687,LP2687,molar,124.13101538237626,measured
Landolt_Para_Comp_3678,LP3678,molar,155.8419809501795,measured
Landolt_Dia_Comp_1497,LD1497,molar,-42.73378254159209,measured
Landolt_Para_Comp_1507,LP1507,molar,218.6080234233705,measured
Landolt_Dia_Comp_910,LD910,molar,-43.005089978222145,measured
Landolt_Para_Comp_2079,LP2079,molar,54.4178252784914,measured
Landolt_Dia_Comp_702,LD702,molar,-54.85412932426434,measured
Landolt_Para_Comp_1323,LP1323,molar,131.34762101108134,measured
Landolt_Para_Comp_883,LP883,molar,306.0227818708061,measured
Landolt_Para_Comp_4433,LP4433,molar,28.867664174546363,measured
Landolt_Dia_Comp_4713,LD4713,molar,-63.587278553731636,measured
Landolt_Dia_Comp_2843,LD2843,molar,-59.626290592527646,measured
Landolt_Dia_Comp_5983,LD5983,molar,-24.603238848154344,measured
Landolt_Para_Comp_185,LP185,molar,74.72655410139225,measured
Landolt_Para_Comp_16,LP16,molar,334.49587651198357,measured
Landolt_Para_Comp_653,LP653,molar,124.27699104419156,measured
Landolt_Dia_Comp_2471,LD2471,molar,-58.85625102766761,measured
Landolt_Dia_Comp_89,LD89,molar,-25.066726175074763,measured
Landolt_Para_Comp_3032,LP3032,molar,321.585931273387,measured
Landolt_Para_Comp_5077,LP5077,molar,262.6954142796452,measured
Landolt_Dia_Comp_5986,LD5986,molar,-34.2245334230326,measured
Landolt_Para_Comp_2560,LP2560,molar,283.95990677253627,measured
Landolt_Dia_Comp_4553,LD4553,molar,-87.86247021664725,measured
Landolt_Para_Comp_3214,LP3214,molar,14.201516367156483,measured
Landolt_Dia_Comp_716,LD716,molar,-84.73467792684487,measured
Landolt_Dia_Comp_5021,LD5021,molar,-77.24066459387066,measured
Landolt_Para_Comp_5080,LP5080,molar,319.44089607535045,measured
Landolt_Para_Comp_5596,LP5596,molar,37.52008062713618,measured
Landolt_Para_Comp_5889,LP5889,molar,111.83104356535608,measured
Landolt_Para_Comp_4169,LP4169,molar,20.85562825889094,measured
Landolt_Dia_Comp_5968,LD5968,molar,-43.32338564281994,measured
Landolt_Dia_Comp_5047,LD5047,molar,-56.47412285667996,measured
Landolt_Dia_Comp_3043,LD3043,molar,-12.091787852640842,measured
Landolt_Para_Comp_3393,LP3393,molar,241.5545216042686,measured
Landolt_Para_Comp_532,LP532,molar,26.300166889054772,measured
Landolt_Para_Comp_5050,LP5050,molar,149.82992193514997,measured
Landolt_Para_Comp_5605,LP5605,molar,69.41259588174688,measured
Landolt_Para_Comp_24,LP24,molar,108.07511485231969,measured
Landolt_Para_Comp_1031,LP1031,molar,335.5749988608828,measured
Landolt_Dia_Comp_772,LD772,molar,-37.932976558233236,measured
Landolt_Para_Comp_537,LP537,molar,267.60260490035,measured
Landolt_Dia_Comp_5542,LD5542,molar,-60.97024821206084,measured
Landolt_Dia_Comp_212,LD212,molar,-48.385967462977014,measured
Landolt_Para_Comp_1527,LP1527,molar,165.64522035366045,measured
Landolt_Dia_Comp_4318,LD4318,molar,-78.64492211496848,measured
Landolt_Para_Comp_4089,LP4089,molar,182.92553960318162,measured
Landolt_Para_Comp_4022,LP4022,molar,68.79526506554643,measured
Landolt_Para_Comp_5457,LP5457,molar,721.8283186628362,measured
Landolt_Para_Comp_164,LP164,molar,853.175243044651,measured
Landolt_Para_Comp_4151,LP4151,molar,197.9525300177436,measured
Landolt_Para_Comp_5992,LP5992,molar,272.73159294137366,measured
Landolt_Dia_Comp_4577,LD4577,molar,-68.72223533435132,measured
Landolt_Para_Comp_1524,LP1524,molar,37.937267496616265,measured
Landolt_Dia_Comp_3958,LD3958,molar,-79.8310021822729,measured
Landolt_Dia_Comp_4885,LD4885,molar,-29.20094601811849,measured
Landolt_Para_Comp_94,LP94,molar,53.431163048574845,measured
Landolt_Dia_Comp_3966,LD3966,molar,-65.92840784069371,measured
Landolt_Para_Comp_2275,LP2275,molar,514.5641815723438,measured
Landolt_Para_Comp_4222,LP4222,molar,245.4112749785359,measured
Landolt_Para_Comp_2855,LP2855,molar,26.006880193092726,measured
Landolt_Dia_Comp_3188,LD3188,molar,-50.79098141736244,measured
Landolt_Para_Comp_1583,LP1583,molar,41.503849738760465,measured
Landolt_Para_Comp_5944,LP5944,molar,49.653101620386266,measured
Landolt_Dia_Comp_1682,LD1682,molar,-90.31985346079766,measured
Landolt_Dia_Comp_637,LD637,molar,-27.198767318098312,measured
Landolt_Dia_Comp_1317,LD1317,molar,-40.60100398343808,measured
Landolt_Para_Comp_4552,LP4552,molar,175.32916919030632,measured
Landolt_Dia_Comp_4932,LD4932,molar,-32.973756346859396,measured
Landolt_Para_Comp_4807,LP4807,molar,62.83496264260608,measured
Landolt_Para_Comp_2737,LP2737,molar,153.118348404498,measured
Landolt_Para_Comp_2936,LP2936,molar,30.200371489993202,measured
Landolt_Para_Comp_1014,LP1014,molar,285.8868665251012,measured
Landolt_Para_Comp_3598,LP3598,molar,79.5489564552783,measured
Landolt_Para_Comp_840,LP840,molar,27.148001918321587,measured
Landolt_Dia_Comp_3719,LD3719,molar,-13.151009465086489,measured
Landolt_Para_Comp_443,LP443,molar,363.6851058984633,measured
Landolt_Dia_Comp_4247,LD4247,molar,-54.3491163335792,measured
Landolt_Para_Comp_517,LP517,molar,265.6031951492572,measured
Landolt_Para_Comp_1490,LP1490,molar,37.90932871970706,measured
Landolt_Dia_Comp_4135,LD4135,molar,-50.900199754190794,measured
Landolt_Dia_Comp_589,LD589,molar,-54.69081035666625,measured
Landolt_Dia_Comp_3561,LD3561,molar,-43.09497256629616,measured
Landolt_Dia_Comp_774,LD774,molar,-60.84091868142755,measured
Landolt_Para_Comp_3641,LP3641,molar,76.45906911720233,measured
Landolt_Dia_Comp_4613,LD4613,molar,-73.48667380046783,measured
Landolt_Para_Comp_3660,LP3660,molar,129.78646527570223,measured
Landolt_Para_Comp_2826,LP2826,molar,97.51293623446756,measured
Landolt_Dia_Comp_763,LD763,molar,-58.6936388894264,measured
Landolt_Para_Comp_3752,LP3752,molar,208.9996865271144,measured
Landolt_Dia_Comp_4235,LD4235,molar,-38.33630975864161,measured
Landolt_Dia_Comp_730,LD730,molar,-56.24906977664147,measured
Landolt_Para_Comp_5359,LP5359,molar,107.06902996219009,measured
Landolt_Para_Comp_3709,LP3709,molar,213.92629331209943,measured
Landolt_Para_Comp_4820,LP4820,molar,211.38040646851584,measured
Landolt_Dia_Comp_5569,LD5569,molar,-89.20753155499534,measured
Landolt_Dia_Comp_642,LD642,molar,-61.98245095006296,measured
Landolt_Dia_Comp_5195,LD5195,molar,-64.71542785368415,measured
Landolt_Dia_Comp_2047,LD2047,molar,-51.03058310047456,measured
Landolt_Dia_Comp_4849,LD4849,molar,-60.200863825502175,measured
Landolt_Para_Comp_1846,LP1846,molar,59.538101613028374,measured
Landolt_Para_Comp_1079,LP1079,molar,26.808941994506462,measured
Landolt_Dia_Comp_4301,LD4301,molar,-46.0155953801418,measured
Landolt_Dia_Comp_1234,LD1234,molar,-30.951552723513363,measured
Landolt_Dia_Comp_605,LD605,molar,-34.062616353715484,measured
Landolt_Dia_Comp_4152,LD4152,molar,-51.82973394704037,measured
Landolt_Dia_Comp_5146,LD5146,molar,-63.98939719788584,measured
Landolt_Para_Comp_5682,LP5682,molar,197.25200987639369,measured
Landolt_Dia_Comp_4164,LD4164,molar,-29.389348764758147,measured
Landolt_Para_Comp_5742,LP5742,molar,117.66416476276643,measured
Landolt_Dia_Comp_4537,LD4537,molar,-8.679154973233608,measured
Landolt_Para_Comp_4047,LP4047,molar,667.214250438568,measured
Landolt_Para_Comp_5145,LP5145,molar,316.6570842038019,measured
Landolt_Dia_Comp_1765,LD1765,molar,-25.38544397949243,measured
Landolt_Dia_Comp_2799,LD2799,molar,-30.015823618588847,measured
Landolt_Para_Comp_471,LP471,molar,96.17226628315585,measured
Landolt_Para_Comp_5273,LP5273,molar,336.54613521969435,measured
Landolt_Para_Comp_3510,LP3510,molar,64.65057773105121,measured
Landolt_Para_Comp_444,LP444,molar,43.036857153062705,measured
Landolt_Para_Comp_187,LP187,molar,44.08657542088382,measured
Landolt_Dia_Comp_4150,LD4150,molar,-74.06772734849649,measured
Landolt_Dia_Comp_5014,LD5014,molar,-39.00623176324905,measured
Landolt_Para_Comp_458,LP458,molar,25.45559406241648,measured
Landolt_Para_Comp_2198,LP2198,molar,113.05307751661937,measured
Landolt_Dia_Comp_1309,LD1309,molar,-50.26790708692892,measured
Landolt_Dia_Comp_500,LD500,molar,-28.265076948270604,measured
Landolt_Dia_Comp_1818,LD1818,molar,-45.64614200164296,measured
Landolt_Para_Comp_1297,LP1297,molar,216.57932758489812,measured
Landolt_Dia_Comp_5144,LD5144,molar,-60.21720183656276,measured
Landolt_Para_Comp_2934,LP2934,molar,214.53076105949816,measured
Landolt_Dia_Comp_678,LD678,molar,-73.50790760115581,measured
Landolt_Para_Comp_935,LP935,molar,39.740184183681194,measured
Landolt_Para_Comp_5095,LP5095,molar,114.4537516907128,measured
Landolt_Para_Comp_2530,LP2530,molar,50.42028413939411,measured
Landolt_Dia_Comp_88,LD88,molar,-32.943871181554975,measured
Landolt_Dia_Comp_1420,LD1420,molar,-57.36726950953674,measured
Landolt_Para_Comp_4288,LP4288,molar,16.128932243656546,measured
Landolt_Dia_Comp_2739,LD2739,molar,-73.5609215268208,measured
Landolt_Dia_Comp_3809,LD3809,molar,-51.26861840584526,measured
Landolt_Para_Comp_1466,LP1466,molar,27.973714146706726,measured
Landolt_Para_Comp_1231,LP1231,molar,16.77375475251278,measured
Landolt_Dia_Comp_2077,LD2077,molar,-35.57790401950801,measured
Landolt_Dia_Comp_5340,LD5340,molar,-30.3282045915103,measured
Landolt_Para_Comp_4470,LP4470,molar,198.20354938012954,measured
Landolt_Para_Comp_1724,LP1724,molar,42.075108837873515,measured
Landolt_Para_Comp_1660,LP1660,molar,18.5137803181748,measured
Landolt_Dia_Comp_2594,LD2594,molar,-84.18460357397481,measured
Landolt_Para_Comp_1874,LP1874,molar,24.930152022826462,measured
Landolt_Dia_Comp_3644,LD3644,molar,-43.15476378610142,measured
Landolt_Dia_Comp_2697,LD2697,molar,-40.310025738594625,measured
Landolt_Para_Comp_5846,LP5846,molar,282.6151259915536,measured
Landolt_Dia_Comp_724,LD724,molar,-42.01350635984736,measured
Landolt_Para_Comp_3309,LP3309,molar,81.55784318977223,measured
Landolt_Dia_Comp_2280,LD2280,molar,-49.763441521803344,measured
Landolt_Dia_Comp_1782,LD1782,molar,-36.209088431625595,measured
Landolt_Para_Comp_1582,LP1582,molar,401.0977335084393,measured
Landolt_Para_Comp_5567,LP5567,molar,50.11883000152744,measured
Landolt_Para_Comp_4436,LP4436,molar,72.11257547033247,measured
Landolt_Para_Comp_2358,LP2358,molar,400.49085671303357,measured
Landolt_Dia_Comp_3541,LD3541,molar,-60.26487875342442,measured
Landolt_Dia_Comp_2618,LD2618,molar,-39.93135984853061,measured
Landolt_Dia_Comp_1732,LD1732,molar,-50.156092754598646,measured
Landolt_Para_Comp_147,LP147,molar,423.5293886319364,measured
Landolt_Dia_Comp_1977,LD1977,molar,-71.32288827805499,measured
Landolt_Dia_Comp_4195,LD4195,molar,-38.73393091002548,measured
Landolt_Dia_Comp_693,LD693,molar,-26.222060408824245,measured
Landolt_Para_Comp_639,LP639,molar,99.57396710067988,measured
Landolt_Para_Comp_1359,LP1359,molar,143.74710338388928,measured
Landolt_Dia_Comp_2361,LD2361,molar,-72.59747598452209,measured
Landolt_Para_Comp_1697,LP1697,molar,32.337096268951726,measured
Landolt_Para_Comp_2764,LP2764,molar,145.51815960807528,measured
Landolt_Para_Comp_483,LP483,molar,172.81591292352846,measured
Landolt_Dia_Comp_5524,LD5524,molar,-58.33731327601548,measured
Landolt_Para_Comp_3327,LP3327,molar,209.06146391326027,measured
Landolt_Dia_Comp_3041,LD3041,molar,-73.0352552066643,measured
Landolt_Dia_Comp_1029,LD1029,molar,-22.148354070641485,measured
Landolt_Para_Comp_2183,LP2183,molar,43.50314187715228,measured
Landolt_Dia_Comp_1140,LD1140,molar,-57.02301134453361,measured
Landolt_Para_Comp_1240,LP1240,molar,73.29476497326704,measured
Landolt_Dia_Comp_4677,LD4677,molar,-31.93941010664749,measured
Landolt_Para_Comp_1472,LP1472,molar,92.04779731416822,measured
Landolt_Dia_Comp_3899,LD3899,molar,-29.27132582941994,measured
Landolt_Dia_Comp_5556,LD5556,molar,-16.443112400547214,measured
Landolt_Para_Comp_5303,LP5303,molar,35.19209133817555,measured
Landolt_Para_Comp_5866,LP5866,molar,234.18365637361188,measured
Landolt_Para_Comp_111,LP111,molar,14.249778400353785,measured
Landolt_Para_Comp_3738,LP3738,molar,17.571614413899567,measured
Landolt_Para_Comp_5164,LP5164,molar,591.2211071808975,measured
Landolt_Para_Comp_2178,LP2178,molar,68.76545506051511,measured
Landolt_Para_Comp_1279,LP1279,molar,97.27559627667164,measured
Landolt_Para_Comp_2128,LP2128,molar,33.51255808206336,measured
Landolt_Para_Comp_706,LP706,molar,189.08272184565166,measured
Landolt_Para_Comp_722,LP722,molar,197.66385327348672,measured
Landolt_Para_Comp_2637,LP2637,molar,14.662687500348806,measured
Landolt_Para_Comp_292,LP292,molar,26.14323295227312,measured
Landolt_Dia_Comp_4042,LD4042,molar,-51.555191916996854,measured
Landolt_Dia_Comp_4358,LD4358,molar,-51.93426608245421,measured
Landolt_Dia_Comp_765,LD765,molar,-57.47958435317721,measured
Landolt_Dia_Comp_1077,LD1077,molar,-33.462279146585395,measured
Landolt_Dia_Comp_5592,LD5592,molar,-31.59743315855926,measured
Landolt_Dia_Comp_3763,LD3763,molar,-54.33873760818508,measured
Landolt_Dia_Comp_4309,LD4309,molar,-47.61780060359057,measured
Landolt_Para_Comp_2013,LP2013,molar,618.5965322419836,measured
Landolt_Para_Comp_1030,LP1030,molar,196.2028774069612,measured
Landolt_Para_Comp_5435,LP5435,molar,31.278823568427423,measured
Landolt_Dia_Comp_1890,LD1890,molar,-47.89384488389041,measured
Landolt_Para_Comp_106,LP106,molar,139.29226484703582,measured
Landolt_Dia_Comp_203,LD203,molar,-65.01170090131971,measured
Landolt_Para_Comp_322,LP322,molar,78.00546960419524,measured
Landolt_Para_Comp_4352,LP4352,molar,378.5361170235242,measured
Landolt_Para_Comp_3388,LP3388,molar,94.1771717771247,measured
Landolt_Dia_Comp_4174,LD4174,molar,-71.45243079016112,measured
Landolt_Dia_Comp_2722,LD2722,molar,-43.51096513093261,measured
Landolt_Dia_Comp_219,LD219,molar,-64.67869857882951,measured
Landolt_Dia_Comp_2241,LD2241,molar,-55.815133843102174,measured
Landolt_Dia_Comp_2735,LD2735,molar,-40.86975069745966,measured
Landolt_Dia_Comp_5641,LD5641,molar,-56.171132494565846,measured
Landolt_Dia_Comp_2213,LD2213,molar,-34.284443093439705,measured
Landolt_Para_Comp_379,LP379,molar,332.88152708662193,measured
Landolt_Dia_Comp_5301,LD5301,molar,-39.26621255073187,measured
Landolt_Para_Comp_2911,LP2911,molar,187.1865786982166,measured
Landolt_Dia_Comp_5801,LD5801,molar,-31.256300380854032,measured
Landolt_Para_Comp_4600,LP4600,molar,91.94080430357727,measured
Landolt_Dia_Comp_5434,LD5434,molar,-49.88564023965559,measured
Landolt_Dia_Comp_5074,LD5074,molar,-45.0909736387232,measured
Landolt_Para_Comp_2715,LP2715,molar,113.31062732076687,measured
Landolt_Para_Comp_2332,LP2332,molar,175.68725669956044,measured
Landolt_Para_Comp_2834,LP2834,molar,201.29885141934884,measured
Landolt_Para_Comp_484,LP484,molar,302.8585516840547,measured
Landolt_Para_Comp_3869,LP3869,molar,53.48794502178608,measured
Landolt_Dia_Comp_4548,LD4548,molar,-20.759249396466434,measured
Landolt_Para_Comp_5754,LP5754,molar,139.00715504162557,measured
Landolt_Para_Comp_4234,LP4234,molar,72.73636812487683,measured
Landolt_Dia_Comp_382,LD382,molar,-56.177605585642205,measured
Landolt_Dia_Comp_5811,LD5811,molar,-22.26266177139533,measured
Landolt_Para_Comp_2643,LP2643,molar,32.33819411328466,measured
Landolt_Dia_Comp_1323,LD1323,molar,-56.498506713978706,measured
Landolt_Para_Comp_5595,LP5595,molar,278.23939111508633,measured
Landolt_Dia_Comp_2053,LD2053,molar,-31.201643580005168,measured
Landolt_Dia_Comp_1690,LD1690,molar,-59.11759130565086,measured
Landolt_Dia_Comp_5963,LD5963,molar,-75.30838067543708,measured
Landolt_Para_Comp_5366,LP5366,molar,130.37052605589162,measured
Landolt_Para_Comp_5650,LP5650,molar,31.14689568498905,measured
Landolt_Para_Comp_3839,LP3839,molar,22.909419298036354,measured
Landolt_Dia_Comp_3093,LD3093,molar,-52.82613247969319,measured
Landolt_Para_Comp_175,LP175,molar,85.55747618749797,measured
Landolt_Dia_Comp_2052,LD2052,molar,-49.266525263216664,measured
Landolt_Para_Comp_3428,LP3428,molar,42.19138426394059,measured
Landolt_Dia_Comp_3501,LD3501,molar,-67.38529109595744,measured
Landolt_Dia_Comp_1138,LD1138,molar,-48.46244139544954,measured
Landolt_Para_Comp_31,LP31,molar,431.3884151406438,measured
Landolt_Dia_Comp_3388,LD3388,molar,-34.232498607575195,measured
Landolt_Para_Comp_3142,LP3142,molar,42.33538290514104,measured
Landolt_Para_Comp_4804,LP4804,molar,89.75689105348522,measured
Landolt_Para_Comp_1638,LP1638,molar,426.41415846417806,measured
Landolt_Para_Comp_5720,LP5720,molar,64.08950193106705,measured
Landolt_Para_Comp_5052,LP5052,molar,82.06730992571607,measured
Landolt_Dia_Comp_4002,LD4002,molar,-64.54896307647805,measured
Landolt_Para_Comp_1378,LP1378,molar,397.8742791442717,measured
Landolt_Dia_Comp_2187,LD2187,molar,-6.190300784475895,measured
Landolt_Dia_Comp_1778,LD1778,molar,-28.900144909460256,measured
Landolt_Dia_Comp_4792,LD4792,molar,-56.74995318998814,measured
Landolt_Para_Comp_4597,LP4597,molar,56.2370014000797,measured
Landolt_Dia_Comp_3599,LD3599,molar,-96.66766674146848,measured
Landolt_Dia_Comp_2000,LD2000,molar,-25.068609638079327,measured
Landolt_Dia_Comp_5098,LD5098,molar,-38.18511634347813,measured
Landolt_Dia_Comp_5334,LD5334,molar,-16.435027138866957,measured
Landolt_Para_Comp_5335,LP5335,molar,53.688464628663546,measured
Landolt_Para_Comp_76,LP76,molar,224.56727079022284,measured
Landolt_Para_Comp_5384,LP5384,molar,191.8263463947888,measured
Landolt_Dia_Comp_4976,LD4976,molar,-66.80588988920132,measured
Landolt_Para_Comp_3297,LP3297,molar,135.46424413660446,measured
Landolt_Dia_Comp_656,LD656,molar,-41.54134656055451,measured
Landolt_Para_Comp_4231,LP4231,molar,76.58421761537387,measured
Landolt_Para_Comp_3308,LP3308,molar,16.29858765867651,measured
Landolt_Dia_Comp_2381,LD2381,molar,-73.33996899596178,measured
Landolt_Para_Comp_1144,LP1144,molar,136.5073514243528,measured
Landolt_Dia_Comp_5031,LD5031,molar,-39.99679110432219,measured
Landolt_Dia_Comp_3875,LD3875,molar,-66.996280904037,measured
Landolt_Para_Comp_1613,LP1613,molar,122.99439131573185,measured
Landolt_Para_Comp_5225,LP5225,molar,260.9413142390545,measured
Landolt_Para_Comp_1391,LP1391,molar,26.851107574280242,measured
Landolt_Para_Comp_1990,LP1990,molar,25.26131835774988,measured
Landolt_Para_Comp_2967,LP2967,molar,542.7588488444494,measured
Landolt_Para_Comp_5339,LP5339,molar,97.45530639912666,measured
Landolt_Para_Comp_5005,LP5005,molar,144.01273658171013,measured
Landolt_Dia_Comp_5639,LD5639,molar,-46.21408881448116,measured
Landolt_Dia_Comp_2024,LD2024,molar,-53.180190874989364,measured
Landolt_Para_Comp_1357,LP1357,molar,190.3794011530386,measured
Landolt_Para_Comp_1367,LP1367,molar,76.40436306548148,measured
Landolt_Dia_Comp_4648,LD4648,molar,-32.59973136325874,measured
Landolt_Dia_Comp_4475,LD4475,molar,-42.70712605397485,measured
Landolt_Para_Comp_1711,LP1711,molar,60.43739139499024,measured
Landolt_Dia_Comp_384,LD384,molar,-76.05681310657474,measured
Landolt_Para_Comp_4991,LP4991,molar,33.99861269801837,measured
Landolt_Dia_Comp_5209,LD5209,molar,-36.28396002065885,measured
Landolt_Para_Comp_4678,LP4678,molar,55.349420546414336,measured
Landolt_Dia_Comp_2548,LD2548,molar,-20.21187036592352,measured
Landolt_Dia_Comp_5331,LD5331,molar,-75.85773188247974,measured
Landolt_Dia_Comp_380,LD380,molar,-71.18368483485654,measured
Landolt_Dia_Comp_4686,LD4686,molar,-65.46999539856924,measured
Landolt_Dia_Comp_1162,LD1162,molar,-69.4145553827363,measured
Landolt_Dia_Comp_4417,LD4417,molar,-70.02546710245439,measured
Landolt_Dia_Comp_14,LD14,molar,-46.750654725102244,measured
Landolt_Dia_Comp_3520,LD3520,molar,-68.55319512417739,measured
Landolt_Para_Comp_5546,LP5546,molar,65.16635162411517,measured
Landolt_Para_Comp_2846,LP2846,molar,25.939076797887687,measured
Landolt_Para_Comp_5115,LP5115,molar,189.30100364581352,measured
Landolt_Para_Comp_369,LP369,molar,291.60397729439586,measured
Landolt_Para_Comp_4076,LP4076,molar,143.06317011450145,measured
Landolt_Dia_Comp_101,LD101,molar,-18.845096242684267,measured
Landolt_Dia_Comp_2108,LD2108,molar,-49.86073289119654,measured
Landolt_Dia_Comp_2306,LD2306,molar,-71.3713304252662,measured
Landolt_Dia_Comp_1505,LD1505,molar,-51.71022629714554,measured
Landolt_Para_Comp_3796,LP3796,molar,27.363783769789197,measured
Landolt_Para_Comp_1574,LP1574,molar,365.3189135615231,measured
Landolt_Dia_Comp_4085,LD4085,molar,-43.369469059437485,measured
Landolt_Dia_Comp_1192,LD1192,molar,-58.40326195457597,measured
Landolt_Para_Comp_3757,LP3757,molar,19.143635773338243,measured
Landolt_Dia_Comp_1277,LD1277,molar,-43.20620469921952,measured
Landolt_Dia_Comp_4023,LD4023,molar,-53.082273718460634,measured
Landolt_Dia_Comp_4409,LD4409,molar,-13.558268066981547,measured
Landolt_Para_Comp_2333,LP2333,molar,272.9571977451799,measured
Landolt_Para_Comp_487,LP487,molar,21.77264377124221,measured
Landolt_Dia_Comp_5897,LD5897,molar,-42.08311146063063,measured
Landolt_Dia_Comp_518,LD518,molar,-66.5827554528804,measured
Landolt_Para_Comp_1072,LP1072,molar,133.1197494771481,measured
Landolt_Para_Comp_392,LP392,molar,19.16551164628428,measured
Landolt_Para_Comp_449,LP449,molar,405.95734468683054,measured
Landolt_Dia_Comp_3913,LD3913,molar,-31.79413941554244,measured
Landolt_Dia_Comp_5046,LD5046,molar,-65.04177402769159,measured
Landolt_Dia_Comp_5995,LD5995,molar,-42.82325300094457,measured
Landolt_Para_Comp_788,LP788,molar,57.51679294762247,measured
Landolt_Dia_Comp_2839,LD2839,molar,-61.84666567089651,measured
Landolt_Dia_Comp_663,LD663,molar,-72.30510164364227,measured
Landolt_Dia_Comp_945,LD945,molar,-69.76946985556653,measured
Landolt_Para_Comp_1622,LP1622,molar,44.49220383373669,measured
Landolt_Para_Comp_5740,LP5740,molar,74.78289836865031,measured
Landolt_Dia_Comp_4826,LD4826,molar,-68.2003121465221,measured
Landolt_Dia_Comp_1899,LD1899,molar,-23.19349210237949,measured
Landolt_Dia_Comp_2001,LD2001,molar,-55.951307688721734,measured
Landolt_Para_Comp_3760,LP3760,molar,66.25183562025137,measured
Landolt_Dia_Comp_390,LD390,molar,-61.60207807498653,measured
Landolt_Dia_Comp_171,LD171,molar,-46.11399474460228,measured
Landolt_Dia_Comp_3298,LD3298,molar,-58.038824124929704,measured
Landolt_Dia_Comp_4425,LD4425,molar,-44.190747485790936,measured
Landolt_Dia_Comp_3120,LD3120,molar,-36.556286721986154,measured
Landolt_Dia_Comp_544,LD544,molar,-75.17572635824928,measured
Landolt_Para_Comp_2494,LP2494,molar,165.93493538554958,measured
Landolt_Dia_Comp_2571,LD2571,molar,-58.5892350768145,measured
Landolt_Para_Comp_1402,LP1402,molar,44.28509058085544,measured
Landolt_Dia_Comp_3683,LD3683,molar,-39.939087352802055,measured
Landolt_Dia_Comp_4283,LD4283,molar,-48.631959114374325,measured
Landolt_Para_Comp_885,LP885,molar,127.81105356810409,measured
Landolt_Dia_Comp_1132,LD1132,molar,-31.475886665444637,measured
Landolt_Para_Comp_5006,LP5006,molar,32.65404731570358,measured
Landolt_Para_Comp_3713,LP3713,molar,480.2650848716766,measured
Landolt_Para_Comp_3386,LP3386,molar,198.8392425908634,measured
Landolt_Para_Comp_3172,LP3172,molar,89.34055447654579,measured
Landolt_Dia_Comp_167,LD167,molar,-125.6808082301637,measured
Landolt_Dia_Comp_4986,LD4986,molar,-46.006842874056126,measured
Landolt_Para_Comp_896,LP896,molar,40.10006672183793,measured
Landolt_Dia_Comp_5032,LD5032,molar,-61.35561685997511,measured
Landolt_Para_Comp_2875,LP2875,molar,224.43671616500217,measured
Landolt_Para_Comp_5914,LP5914,molar,108.60181872809142,measured
Landolt_Para_Comp_229,LP229,molar,244.85960405157795,measured
Landolt_Para_Comp_930,LP930,molar,41.075407123580774,measured
Landolt_Para_Comp_1799,LP1799,molar,345.3914628393515,measured
Landolt_Dia_Comp_4029,LD4029,molar,-59.18884487138931,measured
Landolt_Dia_Comp_892,LD892,molar,-89.7661353312334,measured
Landolt_Para_Comp_685,LP685,molar,248.46320967389053,measured
Landolt_Dia_Comp_3028,LD3028,molar,-36.826794088905736,measured
Landolt_Para_Comp_922,LP922,molar,27.013017800108692,measured
Landolt_Para_Comp_1861,LP1861,molar,128.2002117983058,measured
Landolt_Dia_Comp_5718,LD5718,molar,-29.776502799647076,measured
Landolt_Para_Comp_2230,LP2230,molar,53.15866073122963,measured
Landolt_Para_Comp_2940,LP2940,molar,99.50446914773083,measured
Landolt_Dia_Comp_825,LD825,molar,-84.27100763599753,measured
Landolt_Para_Comp_3373,LP3373,molar,45.79311334011208,measured
Landolt_Dia_Comp_3518,LD3518,molar,-64.35803878102664,measured
Landolt_Dia_Comp_90,LD90,molar,-49.102589563063084,measured
Landolt_Para_Comp_4210,LP4210,molar,111.07839531509545,measured
Landolt_Para_Comp_2015,LP2015,molar,86.63646160173819,measured
Landolt_Dia_Comp_893,LD893,molar,-69.94195662889705,measured
Landolt_Dia_Comp_4403,LD4403,molar,-76.17329473045518,measured
Landolt_Dia_Comp_2147,LD2147,molar,-67.64432534733757,measured
Landolt_Dia_Comp_5987,LD5987,molar,-86.88023398853635,measured
Landolt_Para_Comp_541,LP541,molar,15.071312702110632,measured
Landolt_Dia_Comp_3652,LD3652,molar,-37.44026105798605,measured
Landolt_Dia_Comp_914,LD914,molar,-46.93180049701599,measured
Landolt_Para_Comp_1451,LP1451,molar,150.99962711224188,measured
Landolt_Para_Comp_4916,LP4916,molar,136.43017783261917,measured
Landolt_Para_Comp_5443,LP5443,molar,215.94146218547735,measured
Landolt_Para_Comp_4903,LP4903,molar,56.549248308030776,measured
Landolt_Para_Comp_973,LP973,molar,123.91571950526527,measured
Landolt_Dia_Comp_2197,LD2197,molar,-37.40427295321854,measured
Landolt_Dia_Comp_4027,LD4027,molar,-84.09166297975588,measured
Landolt_Dia_Comp_3854,LD3854,molar,-45.61110601896354,measured
Landolt_Dia_Comp_5631,LD5631,molar,-42.332318618110804,measured
Landolt_Para_Comp_2666,LP2666,molar,12.477033082388328,measured
Landolt_Para_Comp_4426,LP4426,molar,95.95228104715953,measured
Landolt_Para_Comp_2323,LP2323,molar,245.2970729713284,measured
Landolt_Dia_Comp_1215,LD1215,molar,-42.81249222274641,measured
Landolt_Dia_Comp_4313,LD4313,molar,-27.15503441950044,measured
Landolt_Para_Comp_1564,LP1564,molar,114.40524619036081,measured
Landolt_Para_Comp_1528,LP1528,molar,253.31520024246424,measured
Landolt_Dia_Comp_4451,LD4451,molar,-46.818319215681356,measured
Landolt_Para_Comp_1401,LP1401,molar,210.50654627053822,measured
Landolt_Dia_Comp_145,LD145,molar,-33.052064188143234,measured
Landolt_Para_Comp_5768,LP5768,molar,116.93124712618152,measured
Landolt_Dia_Comp_3216,LD3216,molar,-34.65136372045705,measured
Landolt_Para_Comp_4232,LP4232,molar,351.356940931709,measured
Landolt_Dia_Comp_1202,LD1202,molar,-30.87554074175439,measured
Landolt_Dia_Comp_3183,LD3183,molar,-78.92760877129778,measured
Landolt_Dia_Comp_4115,LD4115,molar,-19.068361563587708,measured
Landolt_Dia_Comp_1501,LD1501,molar,-70.33376952789952,measured
Landolt_Dia_Comp_4883,LD4883,molar,-57.16052200959904,measured
Landolt_Dia_Comp_3237,LD3237,molar,-50.22210469947368,measured
Landolt_Para_Comp_2192,LP2192,molar,186.84723378639393,measured
Landolt_Dia_Comp_1222,LD1222,molar,-51.933242562541885,measured
Landolt_Dia_Comp_1606,LD1606,molar,-72.0049314282627,measured
Landolt_Para_Comp_333,LP333,molar,124.69377768370578,measured
Landolt_Para_Comp_5900,LP5900,molar,556.8904216967353,measured
Landolt_Dia_Comp_2631,LD2631,molar,-48.40888251446214,measured
Landolt_Dia_Comp_5453,LD5453,molar,-59.393461787364835,measured
Landolt_Dia_Comp_2991,LD2991,molar,-27.87017972341787,measured
Landolt_Dia_Comp_142,LD142,molar,-44.26486371083599,measured
Landolt_Para_Comp_510,LP510,molar,75.00294576274128,measured
Landolt_Para_Comp_5290,LP5290,molar,448.82710521543015,measured
Landolt_Para_Comp_3140,LP3140,molar,31.653054344632864,measured
Landolt_Dia_Comp_4770,LD4770,molar,-28.625843479207063,measured
Landolt_Dia_Comp_5766,LD5766,molar,-76.668117162806,measured
Landolt_Para_Comp_118,LP118,molar,215.27997404414253,measured
Landolt_Dia_Comp_5824,LD5824,molar,-66.25321742641263,measured
Landolt_Dia_Comp_4479,LD4479,molar,-60.54114948043106,measured
Landolt_Para_Comp_5878,LP5878,molar,71.16286279585422,measured
Landolt_Para_Comp_2872,LP2872,molar,74.08014369994567,measured
Landolt_Dia_Comp_960,LD960,molar,-64.68942716261483,measured
Landolt_Para_Comp_5932,LP5932,molar,24.22834942588984,measured
Landolt_Para_Comp_3465,LP3465,molar,23.630802726686312,measured
Landolt_Para_Comp_3692,LP3692,molar,111.50934030999555,measured
Landolt_Dia_Comp_4079,LD4079,molar,-32.78900050463075,measured
Landolt_Para_Comp_3534,LP3534,molar,38.34059565039674,measured
Landolt_Para_Comp_5014,LP5014,molar,98.05701089040826,measured
Landolt_Para_Comp_2156,LP2156,molar,46.002209144599696,measured
Landolt_Dia_Comp_4813,LD4813,molar,-51.474430782661656,measured
Landolt_Para_Comp_3038,LP3038,molar,27.69063028718634,measured
Landolt_Dia_Comp_3804,LD3804,molar,-59.288033054842785,measured
Landolt_Dia_Comp_2020,LD2020,molar,-74.87745370941198,measured
Landolt_Dia_Comp_410,LD410,molar,-29.47873605565909,measured
Landolt_Para_Comp_1075,LP1075,molar,228.43944677689038,measured
Landolt_Para_Comp_2516,LP2516,molar,82.85549385813975,measured
Landolt_Para_Comp_2327,LP2327,molar,39.13781817214476,measured
Landolt_Dia_Comp_5994,LD5994,molar,-65.55473482363783,measured
Landolt_Para_Comp_3832,LP3832,molar,108.07871599595939,measured
Landolt_Dia_Comp_3608,LD3608,molar,-109.23291960370786,measured
Landolt_Dia_Comp_5761,LD5761,molar,-51.797183933932985,measured
Landolt_Dia_Comp_658,LD658,molar,-29.87033066369786,measured
Landolt_Dia_Comp_2785,LD2785,molar,-54.08139944966255,measured
Landolt_Dia_Comp_5793,LD5793,molar,-58.68763487716832,measured
Landolt_Para_Comp_1675,LP1675,molar,390.9744343470981,measured
Landolt_Para_Comp_3210,LP3210,molar,882.3154000918803,measured
Landolt_Para_Comp_2249,LP2249,molar,16.621123141953014,measured
Landolt_Dia_Comp_4907,LD4907,molar,-39.2616011630938,measured
Landolt_Dia_Comp_1833,LD1833,molar,-40.1816956175117,measured
Landolt_Dia_Comp_4461,LD4461,molar,-61.23654385560291,measured
Landolt_Para_Comp_2207,LP2207,molar,12.637428833100065,measured
Landolt_Dia_Comp_3307,LD3307,molar,-43.658234222783385,measured
Landolt_Para_Comp_1608,LP1608,molar,11.388210830898258,measured
Landolt_Dia_Comp_189,LD189,molar,-66.21149801529575,measured
Landolt_Para_Comp_1728,LP1728,molar,54.753775691047935,measured
Landolt_Para_Comp_1411,LP1411,molar,70.92393668093888,measured
Landolt_Dia_Comp_1514,LD1514,molar,-32.08652223480405,measured
Landolt_Para_Comp_3509,LP3509,molar,77.21607122447345,measured
Landolt_Para_Comp_2129,LP2129,molar,232.34422996235,measured
Landolt_Para_Comp_4874,LP4874,molar,41.980376960509716,measured
Landolt_Para_Comp_3896,LP3896,molar,128.76025151149867,measured
Landolt_Dia_Comp_4360,LD4360,molar,-82.31599855385673,measured
Landolt_Dia_Comp_2693,LD2693,molar,-55.276967436519996,measured
Landolt_Para_Comp_4845,LP4845,molar,160.05305092208573,measured
Landolt_Para_Comp_1511,LP1511,molar,374.84791959570987,measured
Landolt_Dia_Comp_2807,LD2807,molar,-82.512216856197,measured
Landolt_Para_Comp_3450,LP3450,molar,115.00626355857545,measured
Landolt_Para_Comp_535,LP535,molar,31.55933495094263,measured
Landolt_Dia_Comp_5279,LD5279,molar,-61.854669145562866,measured
Landolt_Para_Comp_955,LP955,molar,222.16834814925028,measured
Landolt_Para_Comp_2700,LP2700,molar,211.75900347402137,measured
Landolt_Dia_Comp_133,LD133,molar,-50.713403442341075,measured
Landolt_Para_Comp_5047,LP5047,molar,30.241472277796184,measured
Landolt_Dia_Comp_4018,LD4018,molar,-52.6740429788253,measured
Landolt_Dia_Comp_5069,LD5069,molar,-59.11355340499826,measured
Landolt_Dia_Comp_147,LD147,molar,-32.22334994810505,measured
Landolt_Para_Comp_2477,LP2477,molar,127.72966161193928,measured
Landolt_Para_Comp_4726,LP4726,molar,26.60645146146907,measured
Landolt_Dia_Comp_3525,LD3525,molar,-47.73591153487778,measured
Landolt_Para_Comp_4650,LP4650,molar,155.90390573162966,measured
Landolt_Para_Comp_3874,LP3874,molar,11.966511205589583,measured
Landolt_Para_Comp_3277,LP3277,molar,172.9124915375855,measured
Landolt_Dia_Comp_5348,LD5348,molar,-22.024691655532482,measured
Landolt_Dia_Comp_3668,LD3668,molar,-49.199038254064405,measured
Landolt_Para_Comp_1281,LP1281,molar,29.330282756201584,measured
Landolt_Para_Comp_1151,LP1151,molar,150.59867132158286,measured
Landolt_Para_Comp_2557,LP2557,molar,159.616722924646,measured
Landolt_Para_Comp_970,LP970,molar,169.66692304330388,measured
Landolt_Dia_Comp_5202,LD5202,molar,-28.80556388651825,measured
Landolt_Dia_Comp_1156,LD1156,molar,-5.896567447321715,measured
Landolt_Para_Comp_2506,LP2506,molar,20.051409765922994,measured
Landolt_Dia_Comp_5763,LD5763,molar,-48.59329697266216,measured
Landolt_Dia_Comp_403,LD403,molar,-73.98474417297214,measured
Landolt_Dia_Comp_1265,LD1265,molar,-59.09979288527534,measured
Landolt_Dia_Comp_2088,LD2088,molar,-36.37403858670933,measured
Landolt_Para_Comp_4757,LP4757,molar,38.611197528452685,measured
Landolt_Para_Comp_2583,LP2583,molar,156.8086832214235,measured
Landolt_Dia_Comp_5338,LD5338,molar,-54.02131232298465,measured
Landolt_Para_Comp_1644,LP1644,molar,81.53130867575472,measured
Landolt_Dia_Comp_3313,LD3313,molar,-29.273306324035033,measured
Landolt_Dia_Comp_48,LD48,molar,-46.70425597812203,measured
Landolt_Dia_Comp_2036,LD2036,molar,-47.14554580938429,measured
Landolt_Para_Comp_4898,LP4898,molar,676.0306981118129,measured
Landolt_Dia_Comp_2122,LD2122,molar,-16.68767120652752,measured
Landolt_Para_Comp_2738,LP2738,molar,48.65939673423576,measured
Landolt_Para_Comp_1147,LP1147,molar,132.15889543585007,measured
Landolt_Dia_Comp_1055,LD1055,molar,-30.994227464634804,measured
Landolt_Para_Comp_5769,LP5769,molar,70.98423955195103,measured
Landolt_Para_Comp_904,LP904,molar,26.392224087225138,measured
Landolt_Para_Comp_2770,LP2770,molar,107.79864566851231,measured
Landolt_Dia_Comp_1530,LD1530,molar,-26.374611045157526,measured
Landolt_Dia_Comp_3768,LD3768,molar,-54.2518627382439,measured
Landolt_Dia_Comp_4936,LD4936,molar,-67.17685950968223,measured
Landolt_Para_Comp_2455,LP2455,molar,104.55536636555121,measured
Landolt_Dia_Comp_3362,LD3362,molar,-66.16877395148227,measured
Landolt_Para_Comp_1522,LP1522,molar,290.4698004957911,measured
Landolt_Para_Comp_4819,LP4819,molar,552.8561244341797,measured
Landolt_Dia_Comp_269,LD269,molar,-62.057461393110046,measured
Landolt_Dia_Comp_622,LD622,molar,-52.086086192544535,measured
Landolt_Para_Comp_1266,LP1266,molar,350.9705774940994,measured
Landolt_Dia_Comp_2747,LD2747,molar,-64.1271066518791,measured
Landolt_Para_Comp_2403,LP2403,molar,277.7288640103227,measured
Landolt_Para_Comp_4044,LP4044,molar,28.066574990431807,measured
Landolt_Dia_Comp_4844,LD4844,molar,-33.90284138040282,measured
Landolt_Dia_Comp_686,LD686,molar,-40.14182752896614,measured
Landolt_Dia_Comp_4727,LD4727,molar,-58.808601743530254,measured
Landolt_Dia_Comp_3823,LD3823,molar,-36.9015237602286,measured
Landolt_Dia_Comp_2358,LD2358,molar,-29.01147745203005,measured
Landolt_Para_Comp_3267,LP3267,molar,335.02530258320934,measured
Landolt_Para_Comp_1996,LP1996,molar,18.672824722387254,measured
Landolt_Dia_Comp_505,LD505,molar,-58.8445512178969,measured
Landolt_Dia_Comp_4731,LD4731,molar,-42.33284877687599,measured
Landolt_Para_Comp_1178,LP1178,molar,134.32306288570936,measured
Landolt_Dia_Comp_912,LD912,molar,-50.12789515116567,measured
Landolt_Para_Comp_5250,LP5250,molar,260.0118854378368,measured
Landolt_Dia_Comp_3750,LD3750,molar,-22.22416415750928,measured
Landolt_Para_Comp_3116,LP3116,molar,220.981453923241,measured
Landolt_Para_Comp_2798,LP2798,molar,95.93642097614635,measured
Landolt_Para_Comp_692,LP692,molar,76.25866430639645,measured
Landolt_Dia_Comp_858,LD858,molar,-47.4904638883598,measured
Landolt_Dia_Comp_2865,LD2865,molar,-87.79913457327312,measured
Landolt_Para_Comp_1651,LP1651,molar,141.3630979026231,measured
Landolt_Para_Comp_387,LP387,molar,72.06921366661146,measured
Landolt_Dia_Comp_3756,LD3756,molar,-52.54565553508287,measured
Landolt_Dia_Comp_4828,LD4828,molar,-55.686227434724856,measured
Landolt_Dia_Comp_5651,LD5651,molar,-75.23157752228471,measured
Landolt_Dia_Comp_4196,LD4196,molar,-55.794584870496436,measured
Landolt_Para_Comp_2868,LP2868,molar,294.8832964461994,measured
Landolt_Para_Comp_5593,LP5593,molar,240.61718283863704,measured
Landolt_Dia_Comp_1498,LD1498,molar,-33.95406478666,measured
Landolt_Para_Comp_5864,LP5864,molar,142.60808717303865,measured
Landolt_Para_Comp_2777,LP2777,molar,176.97045110031968,measured
Landolt_Para_Comp_3513,LP3513,molar,340.18277565294306,measured
Landolt_Para_Comp_2607,LP2607,molar,82.25932930174808,measured
Landolt_Dia_Comp_4210,LD4210,molar,-29.999099206867914,measured
Landolt_Para_Comp_1989,LP1989,molar,212.91566658289346,measured
Landolt_Dia_Comp_2359,LD2359,molar,-68.56471276049754,measured
Landolt_Dia_Comp_2546,LD2546,molar,-57.56134410556267,measured
Landolt_Para_Comp_931,LP931,molar,435.4881777528584,measured
Landolt_Para_Comp_4378,LP4378,molar,73.21698213655844,measured
Landolt_Para_Comp_4008,LP4008,molar,214.47046058704368,measured
Landolt_Para_Comp_46,LP46,molar,164.05756292723513,measured
Landolt_Para_Comp_4759,LP4759,molar,191.67977257860656,measured
Landolt_Dia_Comp_4694,LD4694,molar,-92.08189806720523,measured
Landolt_Dia_Comp_953,LD953,molar,-53.34688868206772,measured
Landolt_Para_Comp_1988,LP1988,molar,42.21980101531742,measured
Landolt_Dia_Comp_303,LD303,molar,-55.53444616320617,measured
Landolt_Para_Comp_5792,LP5792,molar,130.08404455620425,measured
Landolt_Para_Comp_4291,LP4291,molar,177.4002489598219,measured
Landolt_Para_Comp_5872,LP5872,molar,25.33377564414604,measured
Landolt_Dia_Comp_5690,LD5690,molar,-35.00995975034675,measured
Landolt_Dia_Comp_274,LD274,molar,-61.87296005854453,measured
Landolt_Para_Comp_3639,LP3639,molar,54.73467369530288,measured
Landolt_Para_Comp_4160,LP4160,molar,152.0710633968823,measured
Landolt_Para_Comp_900,LP900,molar,152.54464024903814,measured
Landolt_Dia_Comp_5534,LD5534,molar,-52.41261750644777,measured
Landolt_Para_Comp_204,LP204,molar,38.77407268971469,measured
Landolt_Dia_Comp_1418,LD1418,molar,-34.40720767042044,measured
Landolt_Para_Comp_5032,LP5032,molar,142.8437884310012,measured
Landolt_Dia_Comp_1040,LD1040,molar,-22.517550237835042,measured
Landolt_Para_Comp_4384,LP4384,molar,54.299104375276706,measured
Landolt_Dia_Comp_807,LD807,molar,-88.28153606871395,measured
Landolt_Para_Comp_5223,LP5223,molar,227.4738263781723,measured
Landolt_Para_Comp_1118,LP1118,molar,331.5116658252672,measured
Landolt_Para_Comp_744,LP744,molar,86.56779261568416,measured
Landolt_Dia_Comp_5178,LD5178,molar,-22.648257928554898,measured
Landolt_Para_Comp_893,LP893,molar,61.788005465098216,measured
Landolt_Para_Comp_2092,LP2092,molar,124.27270416950577,measured
Landolt_Dia_Comp_4264,LD4264,molar,-58.958925615965796,measured
Landolt_Para_Comp_291,LP291,molar,32.56683518870881,measured
Landolt_Dia_Comp_2109,LD2109,molar,-94.85767413203475,measured
Landolt_Dia_Comp_4802,LD4802,molar,-59.21456805470782,measured
Landolt_Dia_Comp_2779,LD2779,molar,-33.477159998290034,measured
Landolt_Para_Comp_3231,LP3231,molar,30.50744786618666,measured
Landolt_Para_Comp_3545,LP3545,molar,229.3232589843538,measured
Landolt_Para_Comp_4554,LP4554,molar,184.81707249544314,measured
Landolt_Para_Comp_5248,LP5248,molar,24.59223205476254,measured
Landolt_Dia_Comp_5347,LD5347,molar,-44.901382070011266,measured
Landolt_Dia_Comp_4858,LD4858,molar,-52.52791451499908,measured
Landolt_Dia_Comp_526,LD526,molar,-88.21207806924852,measured
Landolt_Dia_Comp_4842,LD4842,molar,-67.67694978942903,measured
Landolt_Para_Comp_5025,LP5025,molar,237.9674871323983,measured
Landolt_Para_Comp_5524,LP5524,molar,15.132400721421078,measured
Landolt_Para_Comp_3911,LP3911,molar,21.448015885567557,measured
Landolt_Para_Comp_3664,LP3664,molar,88.80694151399985,measured
Landolt_Para_Comp_667,LP667,molar,212.33268349261897,measured
Landolt_Dia_Comp_4032,LD4032,molar,-68.6251952066408,measured
Landolt_Dia_Comp_483,LD483,molar,-64.3571749619157,measured
Landolt_Para_Comp_3863,LP3863,molar,183.35529278022895,measured
Landolt_Para_Comp_172,LP172,molar,77.54671918372273,measured
Landolt_Para_Comp_5928,LP5928,molar,104.7694590599722,measured
Landolt_Para_Comp_370,LP370,molar,33.081775919824594,measured
Landolt_Para_Comp_5057,LP5057,molar,38.38271594490625,measured
Landolt_Para_Comp_2815,LP2815,molar,191.41175156343562,measured
Landolt_Para_Comp_5150,LP5150,molar,723.4020614324603,measured
Landolt_Para_Comp_2554,LP2554,molar,99.20362908781263,measured
Landolt_Para_Comp_5213,LP5213,molar,395.29298913122636,measured
Landolt_Dia_Comp_5141,LD5141,molar,-31.09831287406465,measured
Landolt_Para_Comp_4919,LP4919,molar,193.31730863636483,measured
Landolt_Dia_Comp_422,LD422,molar,-39.11692498359446,measured
Landolt_Dia_Comp_3927,LD3927,molar,-66.36831269559696,measured
Landolt_Para_Comp_2580,LP2580,molar,194.80892605621474,measured
Landolt_Para_Comp_3763,LP3763,molar,125.72819283464943,measured
Landolt_Dia_Comp_5695,LD5695,molar,-35.78343910382863,measured
Landolt_Dia_Comp_2207,LD2207,molar,-59.19612957723365,measured
Landolt_Para_Comp_2309,LP2309,molar,165.56516018586316,measured
Landolt_Para_Comp_1607,LP1607,molar,109.10991486105932,measured
Landolt_Dia_Comp_5808,LD5808,molar,-69.41225820191417,measured
Landolt_Dia_Comp_3175,LD3175,molar,-40.40129258757793,measured
Landolt_Para_Comp_2471,LP2471,molar,217.11108362678803,measured
Landolt_Dia_Comp_4365,LD4365,molar,-74.80201181986673,measured
Landolt_Para_Comp_215,LP215,molar,17.82030753527276,measured
Landolt_Para_Comp_2522,LP2522,molar,80.11235468472478,measured
Landolt_Dia_Comp_4043,LD4043,molar,-70.94136822472115,measured
Landolt_Para_Comp_4788,LP4788,molar,170.85061025117247,measured
Landolt_Para_Comp_4474,LP4474,molar,29.637096804409676,measured
Landolt_Para_Comp_2211,LP2211,molar,48.687151280948896,measured
Landolt_Para_Comp_3021,LP3021,molar,12.815410215233717,measured
Landolt_Para_Comp_1120,LP1120,molar,143.13564655400637,measured
Landolt_Para_Comp_5371,LP5371,molar,32.478189393749474,measured
Landolt_Dia_Comp_713,LD713,molar,-37.644911162835925,measured
Landolt_Dia_Comp_5887,LD5887,molar,-29.476796517177824,measured
Landolt_Para_Comp_2932,LP2932,molar,141.63543314137019,measured
Landolt_Dia_Comp_76,LD76,molar,-46.09402685312473,measured
Landolt_Dia_Comp_5847,LD5847,molar,-49.257807466847105,measured
Landolt_Dia_Comp_1614,LD1614,molar,-27.19764238446981,measured
Landolt_Para_Comp_1714,LP1714,molar,82.82584332135968,measured
Landolt_Para_Comp_5764,LP5764,molar,46.78242355820414,measured
Landolt_Para_Comp_3560,LP3560,molar,61.393139895959344,measured
Landolt_Para_Comp_4027,LP4027,molar,20.384569392753818,measured
Landolt_Dia_Comp_1008,LD1008,molar,-39.27266426251349,measured
Landolt_Para_Comp_5221,LP5221,molar,167.70678592978174,measured
Landolt_Para_Comp_3975,LP3975,molar,72.74599860506393,measured
Landolt_Para_Comp_4428,LP4428,molar,20.998951676226206,measured
Landolt_Dia_Comp_124,LD124,molar,-49.62487569008942,measured
Landolt_Dia_Comp_5543,LD5543,molar,-55.44022989866419,measured
Landolt_Para_Comp_1115,LP1115,molar,53.677739691107405,measured
Landolt_Para_Comp_5100,LP5100,molar,470.1004703232256,measured
Landolt_Dia_Comp_5019,LD5019,molar,-26.289961324270656,measured
Landolt_Dia_Comp_788,LD788,molar,-57.76579506788257,measured
Landolt_Dia_Comp_1769,LD1769,molar,-23.31214005106804,measured
Landolt_Dia_Comp_4725,LD4725,molar,-44.97361114476949,measured
Landolt_Dia_Comp_4997,LD4997,molar,-78.4091243793172,measured
Landolt_Para_Comp_5850,LP5850,molar,232.35581293557965,measured
Landolt_Dia_Comp_5587,LD5587,molar,-59.1823917449658,measured
Landolt_Para_Comp_1992,LP1992,molar,472.94866603629356,measured
Landolt_Para_Comp_2744,LP2744,molar,176.82829304742842,measured
Landolt_Dia_Comp_2821,LD2821,molar,-48.52389914373165,measured
Landolt_Dia_Comp_3503,LD3503,molar,-70.48896502293545,measured
Landolt_Para_Comp_5483,LP5483,molar,343.8475604999656,measured
Landolt_Para_Comp_1253,LP1253,molar,10.7701720830761,measured
Landolt_Para_Comp_2699,LP2699,molar,23.904528460203835,measured
Landolt_Para_Comp_263,LP263,molar,23.321356096518084,measured
Landolt_Dia_Comp_5601,LD5601,molar,-10.657007899717478,measured
Landolt_Dia_Comp_1081,LD1081,molar,-25.283647717538287,measured
Landolt_Dia_Comp_1407,LD1407,molar,-61.7028241784517,measured
Landolt_Para_Comp_4803,LP4803,molar,100.6250162230246,measured
Landolt_Para_Comp_5985,LP5985,molar,34.70875588537993,measured
Landolt_Para_Comp_198,LP198,molar,383.5441455344715,measured
Landolt_Para_Comp_533,LP533,molar,200.67250304882572,measured
Landolt_Dia_Comp_4958,LD4958,molar,-76.24001351017736,measured
Landolt_Para_Comp_4825,LP4825,molar,75.56539787351637,measured
Landolt_Dia_Comp_5230,LD5230,molar,-74.96446494748639,measured
Landolt_Dia_Comp_617,LD617,molar,-57.16866750440022,measured
Landolt_Para_Comp_1292,LP1292,molar,46.93857842062447,measured
Landolt_Dia_Comp_1039,LD1039,molar,-68.0090479653313,measured
Landolt_Dia_Comp_4596,LD4596,molar,-31.78940662395175,measured
Landolt_Dia_Comp_4044,LD4044,molar,-3.2948444673437507,measured
Landolt_Dia_Comp_1380,LD1380,molar,-46.22207783833054,measured
Landolt_Para_Comp_672,LP672,molar,153.32241391009504,measured
Landolt_Dia_Comp_1346,LD1346,molar,-51.433739171590105,measured
Landolt_Para_Comp_334,LP334,molar,274.14129668568233,measured
Landolt_Para_Comp_339,LP339,molar,483.7916875031236,measured
Landolt_Para_Comp_1676,LP1676,molar,538.7255077475136,measured
Landolt_Dia_Comp_3968,LD3968,molar,-15.287391103786334,measured
Landolt_Para_Comp_4718,LP4718,molar,41.16972457879703,measured
Landolt_Dia_Comp_1375,LD1375,molar,-74.79211159149922,measured
Landolt_Para_Comp_243,LP243,molar,132.32183735141746,measured
Landolt_Dia_Comp_2858,LD2858,molar,-38.81960201123174,measured
Landolt_Para_Comp_5254,LP5254,molar,225.44816892451723,measured
Landolt_Para_Comp_146,LP146,molar,238.7186779941323,measured
Landolt_Para_Comp_3490,LP3490,molar,186.09974313298483,measured
Landolt_Para_Comp_4432,LP4432,molar,100.52600583649867,measured
Landolt_Para_Comp_3711,LP3711,molar,24.491017159231042,measured
Landolt_Para_Comp_5577,LP5577,molar,208.21708157506055,measured
Landolt_Para_Comp_3086,LP3086,molar,390.4116978400372,measured
Landolt_Dia_Comp_5794,LD5794,molar,-32.88575445256459,measured
Landolt_Dia_Comp_4321,LD4321,molar,-67.96432226765045,measured
Landolt_Dia_Comp_994,LD994,molar,-15.47597006612142,measured
Landolt_Dia_Comp_295,LD295,molar,-78.0162090452587,measured
Landolt_Dia_Comp_5418,LD5418,molar,-31.27579349050433,measured
Landolt_Para_Comp_3414,LP3414,molar,146.85343794418108,measured
Landolt_Dia_Comp_4524,LD4524,molar,-67.12485356777027,measured
Landolt_Dia_Comp_1212,LD1212,molar,-32.961082281067895,measured
Landolt_Dia_Comp_2121,LD2121,molar,-64.63073407194949,measured
Landolt_Para_Comp_5803,LP5803,molar,188.64900764359672,measured
Landolt_Dia_Comp_5130,LD5130,molar,-30.92278966737261,measured
Landolt_Dia_Comp_1299,LD1299,molar,-83.82449167351749,measured
Landolt_Para_Comp_2349,LP2349,molar,31.220545337198118,measured
Landolt_Para_Comp_1105,LP1105,molar,106.8336421636974,measured
Landolt_Dia_Comp_3459,LD3459,molar,-59.819588315505214,measured
Landolt_Para_Comp_4813,LP4813,molar,195.89714038620332,measured
Landolt_Dia_Comp_4406,LD4406,molar,-68.04025734416683,measured
Landolt_Para_Comp_5892,LP5892,molar,51.31484001489682,measured
Landolt_Dia_Comp_1843,LD1843,molar,-54.74582255988459,measured
Landolt_Para_Comp_1412,LP1412,molar,59.520661742754456,measured
Landolt_Dia_Comp_1848,LD1848,molar,-54.0871202406196,measured
Landolt_Dia_Comp_805,LD805,molar,-53.41132387924214,measured
Landolt_Para_Comp_1955,LP1955,molar,237.48594600846204,measured
Landolt_Dia_Comp_1688,LD1688,molar,-21.049057131955703,measured
Landolt_Para_Comp_5431,LP5431,molar,56.93349070869431,measured
Landolt_Dia_Comp_1750,LD1750,molar,-83.72647304980973,measured
Landolt_Para_Comp_4246,LP4246,molar,20.791345936483037,measured
Landolt_Para_Comp_4320,LP4320,molar,342.69625778474585,measured
Landolt_Dia_Comp_1883,LD1883,molar,-45.68857328424568,measured
Landolt_Para_Comp_1727,LP1727,molar,97.1270019915525,measured
Landolt_Dia_Comp_5468,LD5468,molar,-46.03435796981521,measured
Landolt_Dia_Comp_947,LD947,molar,-52.67006251360519,measured
Landolt_Dia_Comp_3411,LD3411,molar,-49.641589572325145,measured
Landolt_Para_Comp_4139,LP4139,molar,66.9416855364494,measured
Landolt_Para_Comp_2331,LP2331,molar,49.597213469962796,measured
Landolt_Para_Comp_4687,LP4687,molar,262.68432877268816,measured
Landolt_Dia_Comp_3647,LD3647,molar,-40.77496596795518,measured
Landolt_Para_Comp_5351,LP5351,molar,28.196149923236714,measured
Landolt_Dia_Comp_1508,LD1508,molar,-54.8877968804652,measured
Landolt_Para_Comp_5917,LP5917,molar,147.0033101807039,measured
Landolt_Para_Comp_948,LP948,molar,421.6780856917723,measured
Landolt_Para_Comp_244,LP244,molar,341.0226794154739,measured
Landolt_Dia_Comp_211,LD211,molar,-53.251209012015835,measured
Landolt_Para_Comp_1971,LP1971,molar,50.83159490809026,measured
Landolt_Para_Comp_3677,LP3677,molar,159.96446164413734,measured
Landolt_Dia_Comp_463,LD463,molar,-41.28530375051731,measured
Landolt_Para_Comp_5274,LP5274,molar,182.18744815437375,measured
Landolt_Para_Comp_2817,LP2817,molar,474.475355743417,measured
Landolt_Para_Comp_2238,LP2238,molar,129.98187859380312,measured
Landolt_Para_Comp_2562,LP2562,molar,20.790593415636835,measured
Landolt_Dia_Comp_114,LD114,molar,-35.19060496867564,measured
Landolt_Dia_Comp_4097,LD4097,molar,-26.538658677634963,measured
Landolt_Para_Comp_4319,LP4319,molar,82.93010640692299,measured
Landolt_Para_Comp_2809,LP2809,molar,210.34543476900237,measured
Landolt_Dia_Comp_5192,LD5192,molar,-17.036411451461575,measured
Landolt_Para_Comp_1480,LP1480,molar,254.11673660505255,measured
Landolt_Para_Comp_119,LP119,molar,28.00018745102175,measured
Landolt_Para_Comp_1829,LP1829,molar,377.6388463064795,measured
Landolt_Dia_Comp_1360,LD1360,molar,-59.43779791897902,measured
Landolt_Dia_Comp_3629,LD3629,molar,-30.307837531931572,measured
Landolt_Dia_Comp_3602,LD3602,molar,-70.13709794754894,measured
Landolt_Para_Comp_2199,LP2199,molar,90.4268610816799,measured
Landolt_Para_Comp_1314,LP1314,molar,55.772757629163955,measured
Landolt_Para_Comp_2051,LP2051,molar,187.91080962859024,measured
Landolt_Para_Comp_5418,LP5418,molar,61.60724513031026,measured
Landolt_Dia_Comp_3304,LD3304,molar,-29.657047965266617,measured
Landolt_Para_Comp_1028,LP1028,molar,332.45778266460945,measured
Landolt_Dia_Comp_245,LD245,molar,-51.10795368172568,measured
Landolt_Dia_Comp_2782,LD2782,molar,-66.12711356080143,measured
Landolt_Para_Comp_5332,LP5332,molar,25.848925241691852,measured
Landolt_Para_Comp_998,LP998,molar,284.2329263081475,measured
Landolt_Dia_Comp_2141,LD2141,molar,-38.58358371354374,measured
Landolt_Para_Comp_595,LP595,molar,388.01514504628875,measured
Landolt_Para_Comp_4629,LP4629,molar,318.7167877203817,measured
Landolt_Dia_Comp_1897,LD1897,molar,-47.49554364341256,measured
Landolt_Dia_Comp_3964,LD3964,molar,-56.773342459897236,measured
Landolt_Dia_Comp_94,LD94,molar,-80.75693701372475,measured
Landolt_Para_Comp_3998,LP3998,molar,21.948449609219715,measured
Landolt_Para_Comp_4987,LP4987,molar,23.278259758052872,measured
Landolt_Dia_Comp_5480,LD5480,molar,-78.43577404430016,measured
Landolt_Dia_Comp_4179,LD4179,molar,-37.121234182432694,measured
Landolt_Dia_Comp_2204,LD2204,molar,-14.605425227501712,measured
Landolt_Para_Comp_1876,LP1876,molar,53.363263945569486,measured
Landolt_Para_Comp_171,LP171,molar,36.5195171950829,measured
Landolt_Para_Comp_576,LP576,molar,176.2987930820979,measured
Landolt_Para_Comp_2408,LP2408,molar,225.48883936036322,measured
Landolt_Dia_Comp_5049,LD5049,molar,-47.31810547587963,measured
Landolt_Para_Comp_1379,LP1379,molar,64.50391821732467,measured
Landolt_Dia_Comp_4327,LD4327,molar,-61.510327690947506,measured
Landolt_Para_Comp_2136,LP2136,molar,59.60227652877114,measured
Landolt_Para_Comp_5423,LP5423,molar,85.89194376625166,measured
Landolt_Para_Comp_4513,LP4513,molar,112.20923307327782,measured
Landolt_Dia_Comp_4238,LD4238,molar,-61.27255650445655,measured
Landolt_Para_Comp_4645,LP4645,molar,118.8857317264167,measured
Landolt_Para_Comp_61,LP61,molar,85.63722956957686,measured
Landolt_Dia_Comp_3542,LD3542,molar,-57.406759962269795,measured
Landolt_Para_Comp_3456,LP3456,molar,32.51439640227699,measured
Landolt_Dia_Comp_1250,LD1250,molar,-20.77851648312579,measured
Landolt_Dia_Comp_5522,LD5522,molar,-33.67771406238362,measured
Landolt_Dia_Comp_3250,LD3250,molar,-102.50975691997581,measured
Landolt_Para_Comp_5647,LP5647,molar,14.257643023013799,measured
Landolt_Para_Comp_4710,LP4710,molar,62.723403934975856,measured
Landolt_Dia_Comp_3932,LD3932,molar,-8.455806842845568,measured
Landolt_Dia_Comp_2788,LD2788,molar,-51.13588246232014,measured
Landolt_Dia_Comp_4651,LD4651,molar,-24.632632292534375,measured
Landolt_Dia_Comp_3161,LD3161,molar,-52.67647864397741,measured
Landolt_Para_Comp_4909,LP4909,molar,138.26661268885547,measured
Landolt_Para_Comp_2449,LP2449,molar,53.393424666963114,measured
Landolt_Dia_Comp_900,LD900,molar,-61.55766140167148,measured
Landolt_Para_Comp_727,LP727,molar,215.23227037079073,measured
Landolt_Dia_Comp_3435,LD3435,molar,-71.02763314899417,measured
Landolt_Dia_Comp_5167,LD5167,molar,-35.16514119696805,measured
Landolt_Dia_Comp_5616,LD5616,molar,-40.269009489438716,measured
Landolt_Dia_Comp_400,LD400,molar,-38.95028093449155,measured
Landolt_Para_Comp_4863,LP4863,molar,314.40749546085055,measured
Landolt_Para_Comp_2679,LP2679,molar,24.065905162292363,measured
Landolt_Para_Comp_4568,LP4568,molar,164.6113661975202,measured
Landolt_Para_Comp_1953,LP1953,molar,80.67826594009792,measured
Landolt_Dia_Comp_4702,LD4702,molar,-71.42850178950111,measured
Landolt_Para_Comp_373,LP373,molar,105.18611369390578,measured
Landolt_Dia_Comp_3177,LD3177,molar,-45.33976268203188,measured
Landolt_Para_Comp_3674,LP3674,molar,160.3879424498069,measured
Landolt_Para_Comp_450,LP450,molar,386.51871380105746,measured
Landolt_Dia_Comp_1799,LD1799,molar,-57.568089632980204,measured
Landolt_Dia_Comp_3441,LD3441,molar,-56.38984233974455,measured
Landolt_Dia_Comp_1447,LD1447,molar,-64.25247934959381,measured
Landolt_Para_Comp_2547,LP2547,molar,63.741268117224976,measured
Landolt_Dia_Comp_5584,LD5584,molar,-70.49186530488488,measured
Landolt_Para_Comp_2343,LP2343,molar,23.795391697217568,measured
Landolt_Para_Comp_364,LP364,molar,266.2120485706036,measured
Landolt_Para_Comp_2078,LP2078,molar,101.72787022366316,measured
Landolt_Dia_Comp_3410,LD3410,molar,-7.861090963026392,measured
Landolt_Para_Comp_5408,LP5408,molar,861.2114762761329,measured
Landolt_Para_Comp_3555,LP3555,molar,624.8070854321056,measured
Landolt_Dia_Comp_827,LD827,molar,-111.19076653000228,measured
Landolt_Dia_Comp_876,LD876,molar,-57.359400121638956,measured
Landolt_Dia_Comp_4496,LD4496,molar,-18.578212075944727,measured
Landolt_Para_Comp_5756,LP5756,molar,30.44972415839835,measured
Landolt_Para_Comp_4359,LP4359,molar,336.0369388962697,measured
Landolt_Dia_Comp_4292,LD4292,molar,-34.72330569124598,measured
Landolt_Dia_Comp_4121,LD4121,molar,-51.73751587940423,measured
Landolt_Dia_Comp_3807,LD3807,molar,-58.67990621713553,measured
Landolt_Dia_Comp_436,LD436,molar,-1.0,measured
Landolt_Dia_Comp_4140,LD4140,molar,-31.52058012297486,measured
Landolt_Dia_Comp_3796,LD3796,molar,-50.79956050861249,measured
Landolt_Dia_Comp_2928,LD2928,molar,-60.97651196331418,measured
Landolt_Dia_Comp_5512,LD5512,molar,-27.488285260015633,measured
Landolt_Dia_Comp_2873,LD2873,molar,-46.82428898206105,measured
Landolt_Para_Comp_4493,LP4493,molar,346.34263620100813,measured
Landolt_Para_Comp_596,LP596,molar,23.100414748598006,measured
Landolt_Para_Comp_5279,LP5279,molar,114.7922423680948,measured
Landolt_Dia_Comp_3981,LD3981,molar,-26.948918835586106,measured
Landolt_Dia_Comp_196,LD196,molar,-62.2004320922741,measured
Landolt_Dia_Comp_3272,LD3272,molar,-36.28168225309857,measured
Landolt_Dia_Comp_3112,LD3112,molar,-55.48292919836091,measured
Landolt_Dia_Comp_568,LD568,molar,-43.28327734687477,measured
Landolt_Dia_Comp_4357,LD4357,molar,-50.025638922128245,measured
Landolt_Dia_Comp_5272,LD5272,molar,-52.08452487599785,measured
Landolt_Dia_Comp_1914,LD1914,molar,-47.89825529920448,measured
Landolt_Para_Comp_5156,LP5156,molar,110.4762762119809,measured
Landolt_Para_Comp_612,LP612,molar,24.778669846604352,measured
Landolt_Para_Comp_561,LP561,molar,146.28104390606924,measured
Landolt_Para_Comp_2652,LP2652,molar,32.99335113892066,measured
Landolt_Para_Comp_5540,LP5540,molar,135.8225692536451,measured
Landolt_Dia_Comp_2119,LD2119,molar,-40.41939626978915,measured
Landolt_Para_Comp_5494,LP5494,molar,129.83588483370312,measured
Landolt_Dia_Comp_4454,LD4454,molar,-68.31429956670567,measured
Landolt_Dia_Comp_3006,LD3006,molar,-42.013417155724454,measured
Landolt_Dia_Comp_661,LD661,molar,-36.43078138823244,measured
Landolt_Dia_Comp_4402,LD4402,molar,-14.787598681968731,measured
Landolt_Dia_Comp_118,LD118,molar,-64.96877322250182,measured
Landolt_Para_Comp_3948,LP3948,molar,24.614448468402216,measured
Landolt_Dia_Comp_3191,LD3191,molar,-63.826961739904306,measured
Landolt_Para_Comp_5853,LP5853,molar,347.9097320630907,measured
Landolt_Para_Comp_2000,LP2000,molar,201.71098803097493,measured
Landolt_Dia_Comp_3323,LD3323,molar,-25.670215651183685,measured
Landolt_Para_Comp_1654,LP1654,molar,144.0128994391366,measured
Landolt_Dia_Comp_6,LD6,molar,-52.49756091936193,measured
Landolt_Dia_Comp_5904,LD5904,molar,-71.20402267858512,measured
Landolt_Dia_Comp_1928,LD1928,molar,-71.51183391427459,measured
Landolt_Para_Comp_946,LP946,molar,239.09881311594106,measured
Landolt_Para_Comp_5413,LP5413,molar,253.75107808719753,measured
Landolt_Dia_Comp_2350,LD2350,molar,-49.83016142552638,measured
Landolt_Para_Comp_3334,LP3334,molar,124.50114582668552,measured
Landolt_Para_Comp_3628,LP3628,molar,109.23481041672036,measured
Landolt_Para_Comp_3991,LP3991,molar,223.79779650306665,measured
Landolt_Dia_Comp_498,LD498,molar,-28.49893318074587,measured
Landolt_Dia_Comp_1717,LD1717,molar,-56.7504615296015,measured
Landolt_Para_Comp_1497,LP1497,molar,301.5347408312395,measured
Landolt_Para_Comp_3574,LP3574,molar,183.68480873871675,measured
Landolt_Dia_Comp_920,LD920,molar,-11.260511349633582,measured
Landolt_Dia_Comp_1384,LD1384,molar,-35.735506553804285,measured
Landolt_Dia_Comp_3185,LD3185,molar,-55.385973735216,measured
Landolt_Dia_Comp_1537,LD1537,molar,-14.52433450677988,measured
Landolt_Para_Comp_1628,LP1628,molar,69.31838531059117,measured
Landolt_Para_Comp_802,LP802,molar,54.757939920569335,measured
Landolt_Dia_Comp_1653,LD1653,molar,-27.584360289917434,measured
Landolt_Dia_Comp_1107,LD1107,molar,-49.98795707762816,measured
Landolt_Dia_Comp_3341,LD3341,molar,-83.57901363909693,measured
Landolt_Dia_Comp_4072,LD4072,molar,-22.69626291673071,measured
Landolt_Para_Comp_5078,LP5078,molar,175.5224184811051,measured
Landolt_Dia_Comp_1854,LD1854,molar,-94.70308919122252,measured
Landolt_Para_Comp_828,LP828,molar,195.89992636287013,measured
Landolt_Para_Comp_2505,LP2505,molar,90.99243090892973,measured
Landolt_Dia_Comp_3302,LD3302,molar,-68.71102406779274,measured
Landolt_Para_Comp_2625,LP2625,molar,222.35398789460322,measured
Landolt_Para_Comp_3418,LP3418,molar,123.45692138883548,measured
Landolt_Para_Comp_3615,LP3615,molar,51.595192737013285,measured
Landolt_Para_Comp_809,LP809,molar,23.324843826795572,measured
Landolt_Para_Comp_1958,LP1958,molar,160.49495632083975,measured
Landolt_Dia_Comp_904,LD904,molar,-10.194755471855835,measured
Landolt_Dia_Comp_4109,LD4109,molar,-40.50283907330602,measured
Landolt_Dia_Comp_1584,LD1584,molar,-50.122033303372966,measured
Landolt_Dia_Comp_4780,LD4780,molar,-37.67260906179768,measured
Landolt_Para_Comp_3630,LP3630,molar,28.804110479474605,measured
Landolt_Para_Comp_2305,LP2305,molar,311.7572306881627,measured
Landolt_Para_Comp_3179,LP3179,molar,14.492597400072537,measured
Landolt_Dia_Comp_1382,LD1382,molar,-66.01495214292243,measured
Landolt_Dia_Comp_546,LD546,molar,-45.96608111342205,measured
Landolt_Para_Comp_389,LP389,molar,274.3713557803212,measured
Landolt_Para_Comp_1217,LP1217,molar,14.797922801887182,measured
Landolt_Para_Comp_2,LP2,molar,652.3348802734312,measured
Landolt_Dia_Comp_4652,LD4652,molar,-55.976201766519814,measured
Landolt_Dia_Comp_4764,LD4764,molar,-59.81537458234904,measured
Landolt_Para_Comp_5585,LP5585,molar,149.2906415477386,measured
Landolt_Para_Comp_2581,LP2581,molar,314.77568495833395,measured
Landolt_Para_Comp_4080,LP4080,molar,297.6372028048204,measured
Landolt_Para_Comp_5527,LP5527,molar,123.48890733676578,measured
Landolt_Dia_Comp_1523,LD1523,molar,-25.318771328179352,measured
Landolt_Dia_Comp_4039,LD4039,molar,-61.50485243627114,measured
Landolt_Para_Comp_5079,LP5079,molar,181.94983622023545,measured
Landolt_Para_Comp_5486,LP5486,molar,107.58887205933938,measured
Landolt_Para_Comp_3139,LP3139,molar,323.3261749102984,measured
Landolt_Dia_Comp_4685,LD4685,molar,-52.485081341790725,measured
Landolt_Para_Comp_2080,LP2080,molar,70.11806240132168,measured
Landolt_Para_Comp_4894,LP4894,molar,50.74542253149673,measured
Landolt_Dia_Comp_1979,LD1979,molar,-77.39301323275556,measured
Landolt_Para_Comp_5665,LP5665,molar,434.79331615475706,measured
Landolt_Dia_Comp_1665,LD1665,molar,-54.82391408526457,measured
Landolt_Para_Comp_1993,LP1993,molar,22.74691978423717,measured
Landolt_Para_Comp_5324,LP5324,molar,134.24636297796127,measured
Landolt_Dia_Comp_2401,LD2401,molar,-44.13795782915624,measured
Landolt_Para_Comp_5685,LP5685,molar,10.31835997740893,measured
Landolt_Dia_Comp_1881,LD1881,molar,-46.809631394723425,measured
Landolt_Dia_Comp_397,LD397,molar,-74.05364389188874,measured
Landolt_Para_Comp_3107,LP3107,molar,227.6236107647669,measured
Landolt_Para_Comp_4683,LP4683,molar,22.97106597055388,measured
Landolt_Para_Comp_5441,LP5441,molar,97.34776234971591,measured
Landolt_Para_Comp_5438,LP5438,molar,182.0243702464927,measured
Landolt_Para_Comp_3928,LP3928,molar,456.6090423589585,measured
Landolt_Dia_Comp_802,LD802,molar,-39.672087405284515,measured
Landolt_Para_Comp_4024,LP4024,molar,52.74089070800647,measured
Landolt_Para_Comp_1819,LP1819,molar,232.8458107732703,measured
Landolt_Dia_Comp_3700,LD3700,molar,-74.6734873430162,measured
Landolt_Para_Comp_2655,LP2655,molar,492.17411189593935,measured
Landolt_Dia_Comp_5812,LD5812,molar,-45.594262357489015,measured
Landolt_Para_Comp_4286,LP4286,molar,10.860722664191634,measured
Landolt_Dia_Comp_1691,LD1691,molar,-54.168342840988394,measured
Landolt_Dia_Comp_4193,LD4193,molar,-72.62178978891873,measured
Landolt_Para_Comp_3801,LP3801,molar,71.3113114352258,measured
Landolt_Para_Comp_1842,LP1842,molar,77.97274765211411,measured
Landolt_Dia_Comp_3329,LD3329,molar,-26.23466483617243,measured
Landolt_Dia_Comp_4312,LD4312,molar,-59.527815807090384,measured
Landolt_Para_Comp_1768,LP1768,molar,684.893857113051,measured
Landolt_Para_Comp_3432,LP3432,molar,231.96830711139785,measured
Landolt_Para_Comp_486,LP486,molar,201.27028381697033,measured
Landolt_Para_Comp_425,LP425,molar,86.5869440224852,measured
Landolt_Dia_Comp_1528,LD1528,molar,-46.64611930552084,measured
Landolt_Dia_Comp_4929,LD4929,molar,-12.526946680004862,measured
Landolt_Para_Comp_4532,LP4532,molar,247.44754295340132,measured
Landolt_Dia_Comp_3535,LD3535,molar,-55.992392236997745,measured
Landolt_Para_Comp_1740,LP1740,molar,18.790359203134223,measured
Landolt_Para_Comp_4628,LP4628,molar,161.87932484432326,measured
Landolt_Dia_Comp_3732,LD3732,molar,-26.80750995999379,measured
Landolt_Para_Comp_209,LP209,molar,146.0385331939868,measured
Landolt_Dia_Comp_312,LD312,molar,-20.968181348107812,measured
Landolt_Para_Comp_5496,LP5496,molar,35.05322368369967,measured
Landolt_Dia_Comp_3985,LD3985,molar,-57.47364115803446,measured
Landolt_Dia_Comp_4990,LD4990,molar,-44.89325436998985,measured
Landolt_Para_Comp_367,LP367,molar,162.7913494335999,measured
Landolt_Dia_Comp_1866,LD1866,molar,-72.84973527731559,measured
Landolt_Para_Comp_5455,LP5455,molar,102.19176430089253,measured
Landolt_Para_Comp_5838,LP5838,molar,50.422398264491704,measured
Landolt_Para_Comp_1133,LP1133,molar,306.7641587551084,measured
Landolt_Para_Comp_2733,LP2733,molar,25.14059039423009,measured
Landolt_Para_Comp_2532,LP2532,molar,119.91519412503719,measured
Landolt_Para_Comp_5091,LP5091,molar,85.87906705564802,measured
Landolt_Para_Comp_473,LP473,molar,44.029664835944786,measured
Landolt_Para_Comp_5829,LP5829,molar,256.365114868188,measured
Landolt_Para_Comp_409,LP409,molar,319.81105214859394,measured
Landolt_Dia_Comp_1761,LD1761,molar,-52.91985770181133,measured
Landolt_Dia_Comp_5112,LD5112,molar,-21.20998745593175,measured
Landolt_Para_Comp_2620,LP2620,molar,15.693331368061337,measured
Landolt_Dia_Comp_5939,LD5939,molar,-48.24175487281906,measured
Landolt_Para_Comp_888,LP888,molar,151.65602456394583,measured
Landolt_Para_Comp_2811,LP2811,molar,76.39593126245468,measured
Landolt_Para_Comp_1946,LP1946,molar,24.19299069892451,measured
Landolt_Dia_Comp_3061,LD3061,molar,-44.766075648250165,measured
Landolt_Dia_Comp_5731,LD5731,molar,-42.36075737485134,measured
Landolt_Dia_Comp_445,LD445,molar,-41.29584360236711,measured
Landolt_Dia_Comp_5092,LD5092,molar,-29.94184503131922,measured
Landolt_Dia_Comp_409,LD409,molar,-33.275153183839066,measured
Landolt_Para_Comp_3776,LP3776,molar,20.36941294062742,measured
Landolt_Para_Comp_2748,LP2748,molar,72.6623331048676,measured
Landolt_Dia_Comp_4254,LD4254,molar,-56.71757007436228,measured
Landolt_Dia_Comp_982,LD982,molar,-29.326268612264514,measured
Landolt_Para_Comp_155,LP155,molar,128.43397314216827,measured
Landolt_Dia_Comp_2224,LD2224,molar,-35.68624766599374,measured
Landolt_Dia_Comp_5928,LD5928,molar,-43.379033884790324,measured
Landolt_Para_Comp_23,LP23,molar,79.66465622337618,measured
Landolt_Para_Comp_5871,LP5871,molar,532.8055268530269,measured
Landolt_Dia_Comp_2314,LD2314,molar,-30.83864272803269,measured
Landolt_Para_Comp_1110,LP1110,molar,36.2075843645036,measured
Landolt_Dia_Comp_2552,LD2552,molar,-76.14891431609576,measured
Landolt_Dia_Comp_856,LD856,molar,-47.922511654934645,measured
Landolt_Para_Comp_3257,LP3257,molar,374.06250057208644,measured
Landolt_Para_Comp_2459,LP2459,molar,52.2054507310354,measured
Landolt_Dia_Comp_3691,LD3691,molar,-50.79443175706318,measured
Landolt_Dia_Comp_3244,LD3244,molar,-62.55611638956598,measured
Landolt_Dia_Comp_363,LD363,molar,-47.341329766244485,measured
Landolt_Para_Comp_5347,LP5347,molar,398.6715098736568,measured
Landolt_Dia_Comp_4009,LD4009,molar,-85.72761373671996,measured
Landolt_Dia_Comp_4729,LD4729,molar,-68.92560342224397,measured
Landolt_Dia_Comp_596,LD596,molar,-67.64871882818665,measured
Landolt_Dia_Comp_2565,LD2565,molar,-59.097252703138906,measured
Landolt_Dia_Comp_2669,LD2669,molar,-73.15813874175865,measured
Landolt_Dia_Comp_1278,LD1278,molar,-21.74100377960276,measured
Landolt_Para_Comp_2588,LP2588,molar,21.902646358639984,measured
Landolt_Para_Comp_879,LP879,molar,202.49157571613935,measured
Landolt_Dia_Comp_5280,LD5280,molar,-51.64137638987544,measured
Landolt_Para_Comp_5000,LP5000,molar,131.80614532529063,measured
Landolt_Para_Comp_2204,LP2204,molar,182.8660259076098,measured
Landolt_Para_Comp_5888,LP5888,molar,15.88778291854338,measured
Landolt_Para_Comp_1005,LP1005,molar,624.9318837345876,measured
Landolt_Para_Comp_632,LP632,molar,111.48166433076504,measured
Landolt_Dia_Comp_595,LD595,molar,-73.58133694744396,measured
Landolt_Para_Comp_5358,LP5358,molar,121.09187129278395,measured
Landolt_Para_Comp_3316,LP3316,molar,37.158488621234284,measured
Landolt_Dia_Comp_1956,LD1956,molar,-73.50435452044246,measured
Landolt_Para_Comp_2008,LP2008,molar,237.80197660529768,measured
Landolt_Para_Comp_4750,LP4750,molar,210.81708377709018,measured
Landolt_Dia_Comp_2371,LD2371,molar,-69.4112387953795,measured
Landolt_Dia_Comp_472,LD472,molar,-70.58735652617032,measured
Landolt_Dia_Comp_4758,LD4758,molar,-40.483834280078725,measured
Landolt_Para_Comp_932,LP932,molar,173.3090503135351,measured
Landolt_Para_Comp_1200,LP1200,molar,54.28618645482025,measured
Landolt_Dia_Comp_844,LD844,molar,-60.50869229502368,measured
Landolt_Dia_Comp_4747,LD4747,molar,-44.59844555273363,measured
Landolt_Para_Comp_4823,LP4823,molar,60.518577758127854,measured
Landolt_Dia_Comp_2034,LD2034,molar,-46.73207593478495,measured
Landolt_Dia_Comp_4656,LD4656,molar,-36.66380642091168,measured
Landolt_Para_Comp_5482,LP5482,molar,80.96988705724306,measured
Landolt_Dia_Comp_3873,LD3873,molar,-37.50425834411307,measured
Landolt_Dia_Comp_1477,LD1477,molar,-47.65628701027718,measured
Landolt_Para_Comp_2635,LP2635,molar,260.744104721794,measured
Landolt_Dia_Comp_2410,LD2410,molar,-33.30604165263252,measured
Landolt_Dia_Comp_1964,LD1964,molar,-37.24475477539701,measured
Landolt_Para_Comp_5547,LP5547,molar,221.43478915650604,measured
Landolt_Para_Comp_2584,LP2584,molar,113.46342768185525,measured
Landolt_Para_Comp_4591,LP4591,molar,265.4481520268567,measured
Landolt_Dia_Comp_3580,LD3580,molar,-36.28108957933197,measured
Landolt_Dia_Comp_4068,LD4068,molar,-46.13953824036979,measured
Landolt_Para_Comp_2438,LP2438,molar,171.76582319404017,measured
Landolt_Dia_Comp_5037,LD5037,molar,-76.86328166956747,measured
Landolt_Dia_Comp_4123,LD4123,molar,-69.4044466330148,measured
Landolt_Dia_Comp_5773,LD5773,molar,-41.09450392355658,measured
Landolt_Para_Comp_4395,LP4395,molar,77.13995062542861,measured
Landolt_Dia_Comp_2480,LD2480,molar,-23.59231965685218,measured
Landolt_Dia_Comp_5697,LD5697,molar,-90.36698539835999,measured
Landolt_Dia_Comp_3643,LD3643,molar,-28.08793644434962,measured
Landolt_Para_Comp_324,LP324,molar,29.961215790165955,measured
Landolt_Dia_Comp_4992,LD4992,molar,-65.97645590994512,measured
Landolt_Para_Comp_580,LP580,molar,90.16141094476976,measured
Landolt_Para_Comp_5331,LP5331,molar,78.99657787933866,measured
Landolt_Para_Comp_4619,LP4619,molar,168.5386191773406,measured
Landolt_Dia_Comp_3642,LD3642,molar,-30.119750636135414,measured
Landolt_Dia_Comp_2065,LD2065,molar,-73.26833983307566,measured
Landolt_Para_Comp_1134,LP1134,molar,14.510772792943094,measured
Landolt_Dia_Comp_2287,LD2287,molar,-61.30654826715684,measured
Landolt_Para_Comp_3392,LP3392,molar,90.25403921906687,measured
Landolt_Dia_Comp_5527,LD5527,molar,-1.0,measured
Landolt_Para_Comp_3016,LP3016,molar,560.3506777747142,measured
Landolt_Para_Comp_3658,LP3658,molar,98.33611366587043,measured
Landolt_Para_Comp_3024,LP3024,molar,208.11051597205568,measured
Landolt_Para_Comp_1710,LP1710,molar,384.0427853025072,measured
Landolt_Dia_Comp_1986,LD1986,molar,-101.84404447933278,measured
Landolt_Para_Comp_4073,LP4073,molar,268.1257492252128,measured
Landolt_Dia_Comp_4523,LD4523,molar,-57.406530813510194,measured
Landolt_Para_Comp_52,LP52,molar,355.59608154751993,measured
Landolt_Para_Comp_1040,LP1040,molar,104.14230522317493,measured
Landolt_Para_Comp_1163,LP1163,molar,540.075269700447,measured
Landolt_Para_Comp_2383,LP2383,molar,135.57563685639434,measured
Landolt_Dia_Comp_1144,LD1144,molar,-46.63238153707226,measured
Landolt_Para_Comp_5748,LP5748,molar,290.2825613619697,measured
Landolt_Dia_Comp_1076,LD1076,molar,-88.15697367850221,measured
Landolt_Dia_Comp_2757,LD2757,molar,-65.09065731981215,measured
Landolt_Dia_Comp_3534,LD3534,molar,-33.389128595989234,measured
Landolt_Para_Comp_5045,LP5045,molar,34.072467428358195,measured
Landolt_Para_Comp_91,LP91,molar,210.34235576675843,measured
Landolt_Para_Comp_2148,LP2148,molar,482.5740855068184,measured
Landolt_Para_Comp_1889,LP1889,molar,210.596679275517,measured
Landolt_Dia_Comp_5692,LD5692,molar,-24.449368877630352,measured
Landolt_Dia_Comp_85,LD85,molar,-65.61019983257054,measured
Landolt_Para_Comp_2264,LP2264,molar,66.0879755162297,measured
Landolt_Dia_Comp_5712,LD5712,molar,-58.71785854448846,measured
Landolt_Para_Comp_1686,LP1686,molar,277.6055506399859,measured
Landolt_Para_Comp_3354,LP3354,molar,211.69540766686256,measured
Landolt_Dia_Comp_3664,LD3664,molar,-44.00129057715029,measured
Landolt_Para_Comp_3449,LP3449,molar,232.17162131434145,measured
Landolt_Para_Comp_268,LP268,molar,86.13225089718175,measured
Landolt_Dia_Comp_4368,LD4368,molar,-45.614949751037024,measured
Landolt_Dia_Comp_2910,LD2910,molar,-41.30628738768544,measured
Landolt_Para_Comp_1117,LP1117,molar,192.2898327884934,measured
Landolt_Para_Comp_3977,LP3977,molar,161.77097630980157,measured
Landolt_Dia_Comp_5748,LD5748,molar,-46.293618292975,measured
Landolt_Para_Comp_5480,LP5480,molar,165.80243592013954,measured
Landolt_Dia_Comp_5672,LD5672,molar,-46.30152532754641,measured
Landolt_Dia_Comp_3366,LD3366,molar,-4.0817966495401805,measured
Landolt_Para_Comp_3202,LP3202,molar,67.61663876661561,measured
Landolt_Dia_Comp_3793,LD3793,molar,-52.8783960076723,measured
Landolt_Para_Comp_358,LP358,molar,12.993627604774268,measured
Landolt_Dia_Comp_5830,LD5830,molar,-56.77098005675023,measured
Landolt_Dia_Comp_262,LD262,molar,-44.45509873563318,measured
Landolt_Para_Comp_4170,LP4170,molar,83.59700443764851,measured
Landolt_Dia_Comp_1014,LD1014,molar,-60.24704707904823,measured
Landolt_Para_Comp_5485,LP5485,molar,159.54745183036107,measured
Landolt_Dia_Comp_2366,LD2366,molar,-9.23189028139614,measured
Landolt_Dia_Comp_4427,LD4427,molar,-1.0,measured
Landolt_Para_Comp_4986,LP4986,molar,365.7945090814028,measured
Landolt_Para_Comp_5151,LP5151,molar,261.05020578594156,measured
Landolt_Dia_Comp_990,LD990,molar,-81.99229040094794,measured
Landolt_Para_Comp_2244,LP2244,molar,495.14325864928935,measured
Landolt_Para_Comp_5624,LP5624,molar,97.91823455746075,measured
Landolt_Para_Comp_1376,LP1376,molar,33.142483576999396,measured
Landolt_Para_Comp_2007,LP2007,molar,143.49121499567204,measured
Landolt_Dia_Comp_738,LD738,molar,-94.9534426602862,measured
Landolt_Dia_Comp_4795,LD4795,molar,-56.69557292356803,measured
Landolt_Dia_Comp_4556,LD4556,molar,-64.48565669890199,measured
Landolt_Dia_Comp_3027,LD3027,molar,-45.01335564146595,measured
Landolt_Dia_Comp_197,LD197,molar,-12.58219108081881,measured
Landolt_Dia_Comp_644,LD644,molar,-54.793810809606676,measured
Landolt_Dia_Comp_5375,LD5375,molar,-77.48197194935535,measured
Landolt_Dia_Comp_3680,LD3680,molar,-69.0329687175867,measured
Landolt_Para_Comp_5847,LP5847,molar,331.72377299001994,measured
Landolt_Dia_Comp_3392,LD3392,molar,-45.454756942749206,measured
Landolt_Dia_Comp_287,LD287,molar,-48.49816323061005,measured
Landolt_Para_Comp_4656,LP4656,molar,41.189209543316544,measured
Landolt_Dia_Comp_3506,LD3506,molar,-63.317248850019965,measured
Landolt_Para_Comp_4478,LP4478,molar,52.03862268865383,measured
Landolt_Dia_Comp_5892,LD5892,molar,-35.769666646403664,measured
Landolt_Dia_Comp_3565,LD3565,molar,-46.68468026887493,measured
Landolt_Para_Comp_2566,LP2566,molar,59.941872013468746,measured
Landolt_Para_Comp_60,LP60,molar,122.36263316617504,measured
Landolt_Para_Comp_5774,LP5774,molar,63.51002634220155,measured
Landolt_Para_Comp_4778,LP4778,molar,28.832109836029645,measured
Landolt_Dia_Comp_1236,LD1236,molar,-16.55708784419683,measured
Landolt_Dia_Comp_2850,LD2850,molar,-45.858366992461775,measured
Landolt_Dia_Comp_3878,LD3878,molar,-28.940146672315308,measured
Landolt_Dia_Comp_5972,LD5972,molar,-74.87178285747436,measured
Landolt_Para_Comp_1798,LP1798,molar,55.12849507079878,measured
Landolt_Para_Comp_3788,LP3788,molar,49.52498593912156,measured
Landolt_Dia_Comp_2255,LD2255,molar,-51.56610287790589,measured
Landolt_Dia_Comp_80,LD80,molar,-67.98250715693435,measured
Landolt_Dia_Comp_4323,LD4323,molar,-68.58284228411466,measured
Landolt_Para_Comp_4010,LP4010,molar,72.05532557062892,measured
Landolt_Para_Comp_400,LP400,molar,358.9875702825123,measured
Landolt_Para_Comp_1948,LP1948,molar,127.32657757304017,measured
Landolt_Dia_Comp_3575,LD3575,molar,-69.64066206621699,measured
Landolt_Para_Comp_1722,LP1722,molar,16.205462536558787,measured
Landolt_Para_Comp_927,LP927,molar,168.84203907902577,measured
Landolt_Dia_Comp_1043,LD1043,molar,-73.6481125870844,measured
Landolt_Para_Comp_5833,LP5833,molar,235.6202832392603,measured
Landolt_Para_Comp_4238,LP4238,molar,90.68054617976111,measured
Landolt_Dia_Comp_3798,LD3798,molar,-41.08981659690533,measured
Landolt_Para_Comp_1938,LP1938,molar,70.63030465008424,measured
Landolt_Para_Comp_2728,LP2728,molar,208.50857493874523,measured
Landolt_Dia_Comp_582,LD582,molar,-32.83068504617792,measured
Landolt_Para_Comp_1599,LP1599,molar,46.181075291498445,measured
Landolt_Para_Comp_5003,LP5003,molar,555.6674473545535,measured
Landolt_Dia_Comp_2712,LD2712,molar,-53.598359631880285,measured
Landolt_Dia_Comp_1092,LD1092,molar,-35.36133171174637,measured
Landolt_Para_Comp_1439,LP1439,molar,105.00348501161261,measured
Landolt_Para_Comp_1783,LP1783,molar,662.8303031944727,measured
Landolt_Dia_Comp_2959,LD2959,molar,-65.7384979977324,measured
Landolt_Dia_Comp_1440,LD1440,molar,-80.12154770630559,measured
Landolt_Dia_Comp_2717,LD2717,molar,-61.86969858781737,measured
Landolt_Para_Comp_4349,LP4349,molar,230.61600955763248,measured
Landolt_Para_Comp_359,LP359,molar,318.5726352536284,measured
Landolt_Para_Comp_3512,LP3512,molar,19.92195433188362,measured
Landolt_Dia_Comp_3730,LD3730,molar,-9.566472588974165,measured
Landolt_Dia_Comp_3218,LD3218,molar,-48.85929967263839,measured
Landolt_Para_Comp_5488,LP5488,molar,18.14696750299929,measured
Landolt_Para_Comp_3561,LP3561,molar,19.112387327656535,measured
Landolt_Para_Comp_778,LP778,molar,129.24721629051572,measured
Landolt_Dia_Comp_3887,LD3887,molar,-30.759818881069826,measured
Landolt_Dia_Comp_2526,LD2526,molar,-32.91365312788159,measured
Landolt_Para_Comp_4572,LP4572,molar,247.51211118454066,measured
Landolt_Dia_Comp_4519,LD4519,molar,-45.36224809771552,measured
Landolt_Dia_Comp_5646,LD5646,molar,-57.055587026382746,measured
Landolt_Para_Comp_192,LP192,molar,91.55515351743371,measured
Landolt_Dia_Comp_1725,LD1725,molar,-48.17175636904739,measured
Landolt_Dia_Comp_3545,LD3545,molar,-58.57779275315404,measured
Landolt_Dia_Comp_5891,LD5891,molar,-32.44369076954372,measured
Landolt_Dia_Comp_3842,LD3842,molar,-5.904726240338796,measured
Landolt_Dia_Comp_4411,LD4411,molar,-86.55866698368067,measured
Landolt_Para_Comp_4624,LP4624,molar,34.82819547918099,measured
Landolt_Para_Comp_1621,LP1621,molar,40.52909551215859,measured
Landolt_Para_Comp_4244,LP4244,molar,126.1038244615467,measured
Landolt_Para_Comp_5753,LP5753,molar,22.612887363404944,measured
Landolt_Dia_Comp_289,LD289,molar,-55.745692920509,measured
Landolt_Dia_Comp_1167,LD1167,molar,-56.09915408740886,measured
Landolt_Dia_Comp_1365,LD1365,molar,-88.10233638247863,measured
Landolt_Dia_Comp_1199,LD1199,molar,-16.611924063378943,measured
Landolt_Para_Comp_5672,LP5672,molar,95.23011395109083,measured
Landolt_Dia_Comp_5381,LD5381,molar,-3.8808016196402235,measured
Landolt_Para_Comp_1066,LP1066,molar,535.5824455839297,measured
Landolt_Para_Comp_3843,LP3843,molar,129.97380226751707,measured
Landolt_Dia_Comp_4184,LD4184,molar,-36.025064623807836,measured
Landolt_Dia_Comp_2653,LD2653,molar,-23.516678168873856,measured
Landolt_Dia_Comp_2431,LD2431,molar,-91.28109498150928,measured
Landolt_Para_Comp_1203,LP1203,molar,120.05765338777505,measured
Landolt_Dia_Comp_1642,LD1642,molar,-68.14564247879176,measured
Landolt_Para_Comp_5700,LP5700,molar,669.1521891909533,measured
Landolt_Para_Comp_1546,LP1546,molar,360.1784467594211,measured
Landolt_Para_Comp_343,LP343,molar,610.7749194226292,measured
Landolt_Dia_Comp_2298,LD2298,molar,-16.056158033043822,measured
Landolt_Para_Comp_5898,LP5898,molar,109.5741709255156,measured
Landolt_Dia_Comp_2652,LD2652,molar,-56.00231479261235,measured
Landolt_Para_Comp_5238,LP5238,molar,44.7198076633656,measured
Landolt_Dia_Comp_2756,LD2756,molar,-64.58078308110811,measured
Landolt_Para_Comp_1964,LP1964,molar,66.83998840782255,measured
Landolt_Dia_Comp_1005,LD1005,molar,-37.695297080264,measured
Landolt_Dia_Comp_3693,LD3693,molar,-41.50329432163582,measured
Landolt_Para_Comp_2759,LP2759,molar,68.41324827813987,measured
Landolt_Dia_Comp_950,LD950,molar,-55.567944086050446,measured
Landolt_Para_Comp_195,LP195,molar,132.48000203902308,measured
Landolt_Dia_Comp_5179,LD5179,molar,-37.632413925392804,measured
Landolt_Para_Comp_4217,LP4217,molar,26.95007988295262,measured
Landolt_Dia_Comp_3204,LD3204,molar,-39.6153212262521,measured
Landolt_Dia_Comp_5624,LD5624,molar,-65.6984877575639,measured
Landolt_Para_Comp_3243,LP3243,molar,142.2751503146089,measured
Landolt_Para_Comp_5828,LP5828,molar,220.0773166465119,measured
Landolt_Dia_Comp_5540,LD5540,molar,-46.205639502414705,measured
Landolt_Para_Comp_1109,LP1109,molar,54.006633741519735,measured
Landolt_Para_Comp_1358,LP1358,molar,254.15078336030203,measured
Landolt_Dia_Comp_3893,LD3893,molar,-32.25031396819949,measured
Landolt_Para_Comp_1393,LP1393,molar,75.4180425390058,measured
Landolt_Para_Comp_2670,LP2670,molar,40.860766282529084,measured
Landolt_Para_Comp_5182,LP5182,molar,217.28214559128574,measured
Landolt_Dia_Comp_4205,LD4205,molar,-52.321916665117584,measured
Landolt_Para_Comp_4386,LP4386,molar,309.0706189946616,measured
Landolt_Dia_Comp_4396,LD4396,molar,-32.070494940236706,measured
Landolt_Para_Comp_4830,LP4830,molar,124.67108727124885,measured
Landolt_Para_Comp_2618,LP2618,molar,105.43587347069145,measured
Landolt_Dia_Comp_3734,LD3734,molar,-43.534899260930466,measured
Landolt_Dia_Comp_60,LD60,molar,-56.215194490191095,measured
Landolt_Dia_Comp_2196,LD2196,molar,-81.96488021093016,measured
Landolt_Para_Comp_5903,LP5903,molar,175.56975168071673,measured
Landolt_Dia_Comp_5881,LD5881,molar,-10.15998713885213,measured
Landolt_Dia_Comp_3639,LD3639,molar,-95.9445590886546,measured
Landolt_Para_Comp_3222,LP3222,molar,87.15936941737083,measured
Landolt_Dia_Comp_2018,LD2018,molar,-96.83225178709995,measured
Landolt_Dia_Comp_3173,LD3173,molar,-13.201355385521765,measured
Landolt_Para_Comp_2814,LP2814,molar,34.426835721154745,measured
Landolt_Para_Comp_5157,LP5157,molar,50.36963352127763,measured
Landolt_Para_Comp_4260,LP4260,molar,147.7399676059409,measured
Landolt_Para_Comp_374,LP374,molar,211.8673626428265,measured
Landolt_Para_Comp_4546,LP4546,molar,134.08694548829635,measured
Landolt_Dia_Comp_672,LD672,molar,-28.660487165139866,measured
Landolt_Dia_Comp_3606,LD3606,molar,-39.31906010615253,measured
Landolt_Dia_Comp_2016,LD2016,molar,-37.50233283179455,measured
Landolt_Para_Comp_5313,LP5313,molar,20.925231501869703,measured
Landolt_Para_Comp_887,LP887,molar,102.22076709402045,measured
Landolt_Dia_Comp_2906,LD2906,molar,-42.656620351437134,measured
Landolt_Dia_Comp_2054,LD2054,molar,-30.210666399973665,measured
Landolt_Dia_Comp_1429,LD1429,molar,-27.159408875740574,measured
Landolt_Para_Comp_2980,LP2980,molar,66.68848078175634,measured
Landolt_Dia_Comp_2032,LD2032,molar,-31.10375788075902,measured
Landolt_Para_Comp_4971,LP4971,molar,214.50920019633304,measured
Landolt_Dia_Comp_4545,LD4545,molar,-68.28189077514622,measured
Landolt_Dia_Comp_2340,LD2340,molar,-44.95363934163778,measured
Landolt_Dia_Comp_5933,LD5933,molar,-22.005786257539324,measured
Landolt_Dia_Comp_1331,LD1331,molar,-29.7621635974918,measured
Landolt_Para_Comp_2101,LP2101,molar,125.91712717167322,measured
Landolt_Para_Comp_661,LP661,molar,13.588384960806001,measured
Landolt_Dia_Comp_5385,LD5385,molar,-47.36178760036029,measured
Landolt_Para_Comp_5763,LP5763,molar,784.9480448698205,measured
Landolt_Para_Comp_3693,LP3693,molar,171.7137469970356,measured
Landolt_Dia_Comp_2861,LD2861,molar,-45.89578937965933,measured
Landolt_Dia_Comp_2800,LD2800,molar,-74.27421134901961,measured
Landolt_Para_Comp_3118,LP3118,molar,73.0500456750525,measured
Landolt_Dia_Comp_2452,LD2452,molar,-64.11818431948875,measured
Landolt_Para_Comp_3578,LP3578,molar,38.6637375251501,measured
Landolt_Para_Comp_5525,LP5525,molar,109.42346978269565,measured
Landolt_Dia_Comp_1280,LD1280,molar,-43.28889773135455,measured
Landolt_Para_Comp_2215,LP2215,molar,77.2819089440961,measured
Landolt_Para_Comp_4053,LP4053,molar,39.462883821899624,measured
Landolt_Para_Comp_833,LP833,molar,118.62146367478941,measured
Landolt_Para_Comp_3927,LP3927,molar,637.6537491396628,measured
Landolt_Dia_Comp_5432,LD5432,molar,-43.22510269206721,measured
Landolt_Dia_Comp_538,LD538,molar,-41.3092831130106,measured
Landolt_Para_Comp_1206,LP1206,molar,49.557279572184676,measured
Landolt_Para_Comp_1216,LP1216,molar,75.0326867117545,measured
Landolt_Para_Comp_5343,LP5343,molar,630.0435304105828,measured
Landolt_Dia_Comp_2174,LD2174,molar,-51.740187466032644,measured
Landolt_Dia_Comp_2914,LD2914,molar,-71.31787564564178,measured
Landolt_Dia_Comp_5604,LD5604,molar,-84.4035313709075,measured
Landolt_Dia_Comp_3672,LD3672,molar,-18.491890463592256,measured
Landolt_Para_Comp_4875,LP4875,molar,129.18112899090903,measured
Landolt_Dia_Comp_586,LD586,molar,-29.62615435721942,measured
Landolt_Dia_Comp_5821,LD5821,molar,-55.16138162294301,measured
Landolt_Dia_Comp_933,LD933,molar,-66.68405013581948,measured
Landolt_Para_Comp_346,LP346,molar,258.96131893779796,measured
Landolt_Dia_Comp_2882,LD2882,molar,-69.85675840335723,measured
Landolt_Dia_Comp_5664,LD5664,molar,-86.00742891832363,measured
Landolt_Dia_Comp_1595,LD1595,molar,-71.73200993444695,measured
Landolt_Para_Comp_2786,LP2786,molar,199.98911100261466,measured
Landolt_Para_Comp_4062,LP4062,molar,173.37707758353616,measured
Landolt_Dia_Comp_5749,LD5749,molar,-49.548277267554134,measured
Landolt_Para_Comp_213,LP213,molar,331.2189051537159,measured
Landolt_Dia_Comp_2798,LD2798,molar,-51.81694052457946,measured
Landolt_Dia_Comp_5406,LD5406,molar,-73.35738769783836,measured
Landolt_Para_Comp_1706,LP1706,molar,134.76519806624478,measured
Landolt_Dia_Comp_4726,LD4726,molar,-67.12418263312277,measured
Landolt_Para_Comp_4551,LP4551,molar,194.1669720202364,measured
Landolt_Dia_Comp_4400,LD4400,molar,-65.26052510075927,measured
Landolt_Dia_Comp_5834,LD5834,molar,-17.979095843386887,measured
Landolt_Para_Comp_43,LP43,molar,214.66956213680712,measured
Landolt_Dia_Comp_131,LD131,molar,-21.58760799418562,measured
Landolt_Para_Comp_2150,LP2150,molar,229.3697912820524,measured
Landolt_Dia_Comp_2038,LD2038,molar,-95.47213731667236,measured
Landolt_Para_Comp_3645,LP3645,molar,436.183571423233,measured
Landolt_Dia_Comp_5173,LD5173,molar,-32.5820834672641,measured
Landolt_Dia_Comp_1752,LD1752,molar,-28.615971514482283,measured
Landolt_Para_Comp_1344,LP1344,molar,166.03350015832464,measured
Landolt_Dia_Comp_4240,LD4240,molar,-57.24232523543926,measured
Landolt_Para_Comp_3830,LP3830,molar,269.5996429915597,measured
Landolt_Dia_Comp_3293,LD3293,molar,-51.88507034198593,measured
Landolt_Dia_Comp_509,LD509,molar,-56.01825679505106,measured
Landolt_Dia_Comp_1527,LD1527,molar,-35.84090837163481,measured
Landolt_Para_Comp_4271,LP4271,molar,300.3927774641637,measured
Landolt_Para_Comp_4756,LP4756,molar,11.071439972222851,measured
Landolt_Dia_Comp_1664,LD1664,molar,-7.728257399391943,measured
Landolt_Dia_Comp_2279,LD2279,molar,-33.10738446251398,measured
Landolt_Dia_Comp_5781,LD5781,molar,-41.97156854596834,measured
Landolt_Para_Comp_2292,LP2292,molar,405.6712147906942,measured
Landolt_Para_Comp_4216,LP4216,molar,100.50872925755225,measured
Landolt_Para_Comp_3831,LP3831,molar,127.33399778860726,measured
Landolt_Para_Comp_2645,LP2645,molar,17.231462192870882,measured
Landolt_Dia_Comp_3140,LD3140,molar,-52.01548466332079,measured
Landolt_Para_Comp_5630,LP5630,molar,50.50924020102425,measured
Landolt_Dia_Comp_4212,LD4212,molar,-79.12108475482574,measured
Landolt_Para_Comp_2844,LP2844,molar,126.67459783606397,measured
Landolt_Para_Comp_34,LP34,molar,76.96651983391287,measured
Landolt_Para_Comp_4558,LP4558,molar,102.58237074132363,measured
Landolt_Para_Comp_4464,LP4464,molar,47.070855348683196,measured
Landolt_Para_Comp_4338,LP4338,molar,441.0416779838129,measured
Landolt_Para_Comp_4755,LP4755,molar,93.49803869064569,measured
Landolt_Para_Comp_2561,LP2561,molar,397.5609541688335,measured
Landolt_Dia_Comp_4547,LD4547,molar,-78.68165637095771,measured
Landolt_Dia_Comp_449,LD449,molar,-72.03280844101812,measured
Landolt_Para_Comp_3220,LP3220,molar,78.86288850046299,measured
Landolt_Para_Comp_4962,LP4962,molar,21.292968164005778,measured
Landolt_Para_Comp_3530,LP3530,molar,218.27515542942044,measured
Landolt_Dia_Comp_1739,LD1739,molar,-24.264144836903125,measured
Landolt_Para_Comp_4787,LP4787,molar,258.5638878878825,measured
Landolt_Dia_Comp_3530,LD3530,molar,-76.17650893348713,measured
Landolt_Para_Comp_5773,LP5773,molar,411.988313327192,measured
Landolt_Dia_Comp_2429,LD2429,molar,-63.520483065002,measured
Landolt_Para_Comp_3134,LP3134,molar,113.43104999841839,measured
Landolt_Para_Comp_3647,LP3647,molar,52.276989404273536,measured
Landolt_Para_Comp_2841,LP2841,molar,207.56834088009708,measured
Landolt_Dia_Comp_616,LD616,molar,-60.14984124162982,measured
Landolt_Dia_Comp_2428,LD2428,molar,-57.264750339114954,measured
Landolt_Para_Comp_5815,LP5815,molar,90.55355195259507,measured
Landolt_Dia_Comp_4746,LD4746,molar,-78.60971043325617,measured
Landolt_Dia_Comp_5885,LD5885,molar,-35.51359972462751,measured
Landolt_Dia_Comp_4544,LD4544,molar,-86.65651904808371,measured
Landolt_Para_Comp_5247,LP5247,molar,555.9854679364161,measured
Landolt_Dia_Comp_327,LD327,molar,-22.678501483896948,measured
Landolt_Dia_Comp_1863,LD1863,molar,-48.343533580868744,measured
Landolt_Para_Comp_4851,LP4851,molar,460.33269526210825,measured
Landolt_Para_Comp_793,LP793,molar,129.8187006524932,measured
Landolt_Para_Comp_3737,LP3737,molar,337.34072359805083,measured
Landolt_Dia_Comp_520,LD520,molar,-32.79706545390767,measured
Landolt_Para_Comp_5246,LP5246,molar,80.04556283240986,measured
Landolt_Dia_Comp_2961,LD2961,molar,-1.0,measured
Landolt_Para_Comp_219,LP219,molar,62.20926319839125,measured
Landolt_Dia_Comp_2413,LD2413,molar,-44.65698733283797,measured
Landolt_Para_Comp_509,LP509,molar,66.78513679169782,measured
Landolt_Para_Comp_3136,LP3136,molar,31.743295596795736,measured
Landolt_Dia_Comp_5911,LD5911,molar,-63.519231848970804,measured
Landolt_Dia_Comp_1571,LD1571,molar,-42.61772248550889,measured
Landolt_Dia_Comp_3622,LD3622,molar,-54.790890985448144,measured
Landolt_Para_Comp_2541,LP2541,molar,10.079902614658831,measured
Landolt_Dia_Comp_2505,LD2505,molar,-39.44101107920939,measured
Landolt_Para_Comp_838,LP838,molar,15.90363667530502,measured
Landolt_Dia_Comp_1659,LD1659,molar,-89.00951806600139,measured
Landolt_Dia_Comp_3552,LD3552,molar,-70.84366292612864,measured
Landolt_Dia_Comp_5929,LD5929,molar,-73.19284664938068,measured
Landolt_Para_Comp_3914,LP3914,molar,290.56409643780364,measured
Landolt_Dia_Comp_4379,LD4379,molar,-25.31239607194447,measured
Landolt_Para_Comp_2604,LP2604,molar,26.058641371930584,measured
Landolt_Para_Comp_2888,LP2888,molar,166.0983752564311,measured
Landolt_Dia_Comp_3775,LD3775,molar,-54.71656693865797,measured
Landolt_Dia_Comp_3762,LD3762,molar,-47.3810095031726,measured
Landolt_Dia_Comp_1636,LD1636,molar,-36.209778354661566,measured
Landolt_Dia_Comp_3940,LD3940,molar,-64.76288009129198,measured
Landolt_Para_Comp_1947,LP1947,molar,17.56779049689606,measured
Landolt_Para_Comp_5243,LP5243,molar,322.35967215336325,measured
Landolt_Dia_Comp_1258,LD1258,molar,-50.430564309715045,measured
Landolt_Dia_Comp_4748,LD4748,molar,-62.375126477375275,measured
Landolt_Dia_Comp_2696,LD2696,molar,-85.1888752810919,measured
Landolt_Dia_Comp_4252,LD4252,molar,-13.714233143262653,measured
Landolt_Dia_Comp_5188,LD5188,molar,-40.56531672388208,measured
Landolt_Dia_Comp_1648,LD1648,molar,-55.5468781752548,measured
Landolt_Para_Comp_3268,LP3268,molar,96.93955085837298,measured
Landolt_Para_Comp_4569,LP4569,molar,169.15192151143884,measured
Landolt_Dia_Comp_2449,LD2449,molar,-46.35881510390629,measured
Landolt_Dia_Comp_4302,LD4302,molar,-64.75395149005813,measured
Landolt_Dia_Comp_5055,LD5055,molar,-82.06304854195633,measured
Landolt_Para_Comp_174,LP174,molar,36.85408545319937,measured
Landolt_Para_Comp_3286,LP3286,molar,213.9004623142472,measured
Landolt_Dia_Comp_5200,LD5200,molar,-38.69240955310335,measured
Landolt_Para_Comp_1119,LP1119,molar,523.8400214289597,measured
Landolt_Dia_Comp_3670,LD3670,molar,-21.557560481893987,measured
Landolt_Para_Comp_4406,LP4406,molar,473.69669337597696,measured
Landolt_Para_Comp_335,LP335,molar,41.00714712246263,measured
Landolt_Dia_Comp_813,LD813,molar,-19.29905313248849,measured
Landolt_Dia_Comp_1016,LD1016,molar,-9.428093663079203,measured
Landolt_Para_Comp_5033,LP5033,molar,103.20590312127683,measured
Landolt_Para_Comp_2598,LP2598,molar,124.3598218020345,measured
Landolt_Para_Comp_2502,LP2502,molar,22.586878822517594,measured
Landolt_Para_Comp_1631,LP1631,molar,106.60116083082293,measured
Landolt_Para_Comp_853,LP853,molar,397.1387991530425,measured
Landolt_Para_Comp_5097,LP5097,molar,469.37604905438235,measured
Landolt_Para_Comp_2726,LP2726,molar,95.35319101000243,measured
Landolt_Para_Comp_256,LP256,molar,66.11387586197539,measured
Landolt_Dia_Comp_3399,LD3399,molar,-54.115823761318175,measured
Landolt_Para_Comp_1492,LP1492,molar,59.36161068090534,measured
Landolt_Dia_Comp_493,LD493,molar,-44.42804253020766,measured
Landolt_Dia_Comp_5429,LD5429,molar,-32.993434997595195,measured
Landolt_Dia_Comp_3443,LD3443,molar,-47.24653548544898,measured
Landolt_Dia_Comp_186,LD186,molar,-31.103102450091097,measured
Landolt_Para_Comp_5941,LP5941,molar,459.86146735134355,measured
Landolt_Dia_Comp_1417,LD1417,molar,-26.563817496842766,measured
Landolt_Para_Comp_3254,LP3254,molar,29.889679952798595,measured
Landolt_Dia_Comp_334,LD334,molar,-50.68892222180517,measured
Landolt_Dia_Comp_3495,LD3495,molar,-62.833404997149295,measured
Landolt_Dia_Comp_84,LD84,molar,-34.75270867679015,measured
Landolt_Para_Comp_1578,LP1578,molar,63.42580602740108,measured
Landolt_Dia_Comp_3914,LD3914,molar,-51.47822685899764,measured
Landolt_Para_Comp_1963,LP1963,molar,34.02390460376314,measured
Landolt_Para_Comp_4839,LP4839,molar,43.61517238992036,measured
Landolt_Dia_Comp_3214,LD3214,molar,-33.97642027729635,measured
Landolt_Para_Comp_2450,LP2450,molar,365.0217274949487,measured
Landolt_Dia_Comp_4460,LD4460,molar,-78.89217580096533,measured
Landolt_Para_Comp_463,LP463,molar,192.73004218339432,measured
Landolt_Dia_Comp_1716,LD1716,molar,-31.68323270931165,measured
Landolt_Para_Comp_3829,LP3829,molar,36.88474195418357,measured
Landolt_Para_Comp_3313,LP3313,molar,60.22677314491594,measured
Landolt_Dia_Comp_580,LD580,molar,-59.008625338315824,measured
Landolt_Dia_Comp_2282,LD2282,molar,-89.60191758560599,measured
Landolt_Para_Comp_5843,LP5843,molar,37.8739572256968,measured
Landolt_Dia_Comp_2098,LD2098,molar,-53.96528234886031,measured
Landolt_Para_Comp_5919,LP5919,molar,23.828945747448323,measured
Landolt_Dia_Comp_3235,LD3235,molar,-42.80383828560272,measured
Landolt_Dia_Comp_4035,LD4035,molar,-74.5191099329996,measured
Landolt_Para_Comp_2698,LP2698,molar,164.62340865819218,measured
Landolt_Dia_Comp_4784,LD4784,molar,-55.49320459808975,measured
Landolt_Para_Comp_4471,LP4471,molar,299.81418494088916,measured
Landolt_Para_Comp_2095,LP2095,molar,388.9548687007426,measured
Landolt_Dia_Comp_4421,LD4421,molar,-38.82170644702313,measured
Landolt_Dia_Comp_2632,LD2632,molar,-51.264198830687455,measured
Landolt_Para_Comp_5719,LP5719,molar,52.25905170119976,measured
Landolt_Para_Comp_153,LP153,molar,48.58233626539158,measured
Landolt_Para_Comp_5341,LP5341,molar,165.75370357078125,measured
Landolt_Dia_Comp_3713,LD3713,molar,-9.774868289304777,measured
Landolt_Dia_Comp_4607,LD4607,molar,-76.42326188714979,measured
Landolt_Dia_Comp_3009,LD3009,molar,-71.38643641788508,measured
Landolt_Para_Comp_1098,LP1098,molar,308.2094445908367,measured
Landolt_Dia_Comp_4464,LD4464,molar,-45.73202401617033,measured
Landolt_Para_Comp_4854,LP4854,molar,82.53026262466217,measured
Landolt_Para_Comp_1560,LP1560,molar,245.27735387746463,measured
Landolt_Dia_Comp_1481,LD1481,molar,-7.4798183495847965,measured
Landolt_Dia_Comp_5747,LD5747,molar,-56.311520024097604,measured
Landolt_Dia_Comp_5463,LD5463,molar,-73.3604232389442,measured
Landolt_Dia_Comp_951,LD951,molar,-19.167561547454536,measured
Landolt_Dia_Comp_2851,LD2851,molar,-38.88951466621189,measured
Landolt_Para_Comp_26,LP26,molar,92.05616285566036,measured
Landolt_Dia_Comp_300,LD300,molar,-59.103481088904786,measured
Landolt_Para_Comp_641,LP641,molar,58.372015594314476,measured
Landolt_Para_Comp_851,LP851,molar,332.98306040918766,measured
Landolt_Para_Comp_3412,LP3412,molar,78.54095279238877,measured
Landolt_Para_Comp_774,LP774,molar,104.38572269251507,measured
Landolt_Para_Comp_1215,LP1215,molar,126.7555104650867,measured
Landolt_Dia_Comp_160,LD160,molar,-53.20458903597263,measured
Landolt_Para_Comp_5895,LP5895,molar,107.24202443102885,measured
Landolt_Dia_Comp_4769,LD4769,molar,-65.75202088822958,measured
Landolt_Dia_Comp_1600,LD1600,molar,-65.02014931747762,measured
Landolt_Para_Comp_1036,LP1036,molar,116.85137973763338,measured
Landolt_Para_Comp_5086,LP5086,molar,259.1514201260479,measured
Landolt_Dia_Comp_4276,LD4276,molar,-15.49067539357597,measured
Landolt_Para_Comp_1431,LP1431,molar,16.61788022275731,measured
Landolt_Dia_Comp_4056,LD4056,molar,-88.18321640881354,measured
Landolt_Dia_Comp_5099,LD5099,molar,-43.966644672676345,measured
Landolt_Para_Comp_5881,LP5881,molar,64.72893047540833,measured
Landolt_Dia_Comp_5619,LD5619,molar,-18.241076876320953,measured
Landolt_Para_Comp_4843,LP4843,molar,188.30076796309737,measured
Landolt_Dia_Comp_3168,LD3168,molar,-48.06341283339436,measured
Landolt_Dia_Comp_2686,LD2686,molar,-11.247193636202944,measured
Landolt_Dia_Comp_5735,LD5735,molar,-11.60243404988585,measured
Landolt_Dia_Comp_5751,LD5751,molar,-43.82086559693328,measured
Landolt_Dia_Comp_1775,LD1775,molar,-48.725521561161635,measured
Landolt_Dia_Comp_2114,LD2114,molar,-31.118835267058216,measured
Landolt_Dia_Comp_1284,LD1284,molar,-62.99623612024968,measured
Landolt_Para_Comp_355,LP355,molar,135.68217135485386,measured
Landolt_Para_Comp_2412,LP2412,molar,186.01461355285483,measured
Landolt_Para_Comp_1184,LP1184,molar,69.83167709215081,measured
Landolt_Dia_Comp_4124,LD4124,molar,-73.69458824102844,measured
Landolt_Dia_Comp_3588,LD3588,molar,-48.741683017847116,measured
Landolt_Dia_Comp_1710,LD1710,molar,-79.0770719835378,measured
Landolt_Para_Comp_5727,LP5727,molar,449.40838874624444,measured
Landolt_Dia_Comp_4779,LD4779,molar,-72.67396088637028,measured
Landolt_Dia_Comp_884,LD884,molar,-40.77018457986583,measured
Landolt_Dia_Comp_1362,LD1362,molar,-61.873146859229266,measured
Landolt_Para_Comp_2055,LP2055,molar,109.27414137875688,measured
Landolt_Dia_Comp_349,LD349,molar,-71.89949399091489,measured
Landolt_Dia_Comp_4584,LD4584,molar,-66.1921206561591,measured
Landolt_Para_Comp_1285,LP1285,molar,216.89182936143,measured
Landolt_Dia_Comp_5393,LD5393,molar,-80.6074410182448,measured
Landolt_Para_Comp_2352,LP2352,molar,117.64874616124922,measured
Landolt_Dia_Comp_2918,LD2918,molar,-74.10061004129088,measured
Landolt_Para_Comp_4421,LP4421,molar,32.16812389880438,measured
Landolt_Para_Comp_651,LP651,molar,10.747734947401922,measured
Landolt_Para_Comp_4316,LP4316,molar,87.7266638416119,measured
Landolt_Dia_Comp_2604,LD2604,molar,-70.28980120427741,measured
Landolt_Para_Comp_3993,LP3993,molar,13.26368697753996,measured
Landolt_Para_Comp_1214,LP1214,molar,74.89979380795856,measured
Landolt_Para_Comp_5071,LP5071,molar,150.8765221807138,measured
Landolt_Dia_Comp_4541,LD4541,molar,-71.47607678290296,measured
Landolt_Dia_Comp_1876,LD1876,molar,-8.218519661378267,measured
Landolt_Dia_Comp_3848,LD3848,molar,-12.357020136324465,measured
Landolt_Para_Comp_4351,LP4351,molar,151.0768708063608,measured
Landolt_Dia_Comp_255,LD255,molar,-83.64117122181045,measured
Landolt_Para_Comp_1704,LP1704,molar,119.24326678411298,measured
Landolt_Dia_Comp_195,LD195,molar,-95.63854982716094,measured
Landolt_Para_Comp_657,LP657,molar,120.32843518253961,measured
Landolt_Para_Comp_772,LP772,molar,92.70967186912782,measured
Landolt_Para_Comp_2874,LP2874,molar,282.00543048115674,measured
Landolt_Para_Comp_5513,LP5513,molar,47.186724726479085,measured
Landolt_Dia_Comp_5513,LD5513,molar,-24.695132538577692,measured
Landolt_Para_Comp_2317,LP2317,molar,424.4034052660894,measured
Landolt_Para_Comp_4413,LP4413,molar,65.00433878420063,measured
Landolt_Para_Comp_496,LP496,molar,23.97878714302582,measured
Landolt_Dia_Comp_1004,LD1004,molar,-56.6854388955607,measured
Landolt_Para_Comp_2273,LP2273,molar,78.23775409744336,measured
Landolt_Dia_Comp_2103,LD2103,molar,-57.95388071976302,measured
Landolt_Para_Comp_188,LP188,molar,99.1667390893798,measured
Landolt_Para_Comp_1683,LP1683,molar,33.49852270186082,measured
Landolt_Para_Comp_1717,LP1717,molar,77.46459113591375,measured
Landolt_Dia_Comp_2454,LD2454,molar,-68.96098237215753,measured
Landolt_Para_Comp_2047,LP2047,molar,31.295931494017825,measured
Landolt_Para_Comp_4179,LP4179,molar,113.11814681676931,measured
Landolt_Para_Comp_912,LP912,molar,60.00590782669381,measured
Landolt_Dia_Comp_5015,LD5015,molar,-37.19349780533122,measured
Landolt_Para_Comp_3992,LP3992,molar,242.9151259087015,measured
Landolt_Dia_Comp_5742,LD5742,molar,-64.8946378840866,measured
Landolt_Dia_Comp_3659,LD3659,molar,-65.20692313397149,measured
Landolt_Para_Comp_846,LP846,molar,27.130796633806355,measured
Landolt_Para_Comp_4720,LP4720,molar,132.98508466568643,measured
Landolt_Dia_Comp_3490,LD3490,molar,-66.79298784892505,measured
Landolt_Dia_Comp_2170,LD2170,molar,-44.75472735707059,measured
Landolt_Para_Comp_2303,LP2303,molar,64.50109489711863,measured
Landolt_Dia_Comp_2232,LD2232,molar,-37.57668935387697,measured
Landolt_Para_Comp_5275,LP5275,molar,217.63969831712149,measured
Landolt_Dia_Comp_1352,LD1352,molar,-54.57095930704713,measured
Landolt_Para_Comp_3169,LP3169,molar,19.938632301122126,measured
Landolt_Dia_Comp_4067,LD4067,molar,-74.58533920036894,measured
Landolt_Para_Comp_2917,LP2917,molar,287.0082024681562,measured
Landolt_Para_Comp_4942,LP4942,molar,104.6047548829026,measured
Landolt_Para_Comp_2297,LP2297,molar,345.0455123712702,measured
Landolt_Para_Comp_5980,LP5980,molar,303.1974133637196,measured
Landolt_Dia_Comp_1490,LD1490,molar,-63.357737623540494,measured
Landolt_Dia_Comp_3251,LD3251,molar,-47.87616526052188,measured
Landolt_Dia_Comp_2137,LD2137,molar,-41.77190372902771,measured
Landolt_Dia_Comp_4126,LD4126,molar,-23.836028791579842,measured
Landolt_Para_Comp_3155,LP3155,molar,124.4741526652794,measured
Landolt_Dia_Comp_1244,LD1244,molar,-46.05967015759158,measured
Landolt_Dia_Comp_1783,LD1783,molar,-91.03009919673694,measured
Landolt_Para_Comp_3507,LP3507,molar,175.42350377810294,measured
Landolt_Dia_Comp_1773,LD1773,molar,-38.58460550879826,measured
Landolt_Para_Comp_1501,LP1501,molar,135.66653815096223,measured
Landolt_Para_Comp_2916,LP2916,molar,318.65171689635207,measured
Landolt_Dia_Comp_366,LD366,molar,-48.98947256213517,measured
Landolt_Dia_Comp_1253,LD1253,molar,-87.91334268001916,measured
Landolt_Para_Comp_4980,LP4980,molar,283.6545921190523,measured
Landolt_Dia_Comp_50,LD50,molar,-72.83801526551645,measured
Landolt_Para_Comp_3499,LP3499,molar,30.33905086211427,measured
Landolt_Para_Comp_5426,LP5426,molar,133.21711170236614,measured
Landolt_Para_Comp_4997,LP4997,molar,210.6998246207762,measured
Landolt_Dia_Comp_4608,LD4608,molar,-57.189202114978684,measured
Landolt_Para_Comp_2126,LP2126,molar,19.58065251510122,measured
Landolt_Para_Comp_3248,LP3248,molar,250.0906910028232,measured
Landolt_Para_Comp_5009,LP5009,molar,219.02632905432088,measured
Landolt_Dia_Comp_1743,LD1743,molar,-66.69280051321459,measured
Landolt_Para_Comp_3395,LP3395,molar,83.7712666034069,measured
Landolt_Para_Comp_283,LP283,molar,331.86447434835657,measured
Landolt_Para_Comp_4878,LP4878,molar,95.72548872710729,measured
Landolt_Para_Comp_1917,LP1917,molar,36.08907266241383,measured
Landolt_Para_Comp_2432,LP2432,molar,216.1374938622101,measured
Landolt_Para_Comp_5526,LP5526,molar,232.01339178664819,measured
Landolt_Dia_Comp_5740,LD5740,molar,-64.46713455702839,measured
Landolt_Para_Comp_3855,LP3855,molar,345.63946404057504,measured
Landolt_Para_Comp_741,LP741,molar,114.41681615178096,measured
Landolt_Dia_Comp_3049,LD3049,molar,-32.772810732372044,measured
Landolt_Dia_Comp_4868,LD4868,molar,-46.548786942255944,measured
Landolt_Para_Comp_2488,LP2488,molar,134.6079484441736,measured
Landolt_Dia_Comp_2144,LD2144,molar,-34.07043130281233,measured
Landolt_Dia_Comp_1852,LD1852,molar,-61.29457742524737,measured
Landolt_Dia_Comp_3773,LD3773,molar,-31.3533305674935,measured
Landolt_Dia_Comp_1567,LD1567,molar,-46.101375674939135,measured
Landolt_Para_Comp_3207,LP3207,molar,63.459078969162505,measured
Landolt_Para_Comp_4713,LP4713,molar,74.41299117543589,measured
Landolt_Dia_Comp_4050,LD4050,molar,-52.71543910461389,measured
Landolt_Para_Comp_2675,LP2675,molar,28.450051195361688,measured
Landolt_Dia_Comp_2488,LD2488,molar,-33.37491815660708,measured
Landolt_Dia_Comp_848,LD848,molar,-73.41099366454775,measured
Landolt_Para_Comp_3126,LP3126,molar,232.35611304245265,measured
Landolt_Dia_Comp_4790,LD4790,molar,-64.81007497903116,measured
Landolt_Dia_Comp_4514,LD4514,molar,-19.79490835435772,measured
Landolt_Para_Comp_2475,LP2475,molar,412.76923773013607,measured
Landolt_Dia_Comp_5675,LD5675,molar,-46.59832658849869,measured
Landolt_Para_Comp_1140,LP1140,molar,80.18471080699138,measured
Landolt_Dia_Comp_2704,LD2704,molar,-61.67662323104166,measured
Landolt_Dia_Comp_1944,LD1944,molar,-9.000618853237697,measured
Landolt_Dia_Comp_3758,LD3758,molar,-52.89369024571325,measured
Landolt_Para_Comp_4240,LP4240,molar,138.48448527838949,measured
Landolt_Para_Comp_5542,LP5542,molar,272.9903784378285,measured
Landolt_Dia_Comp_3429,LD3429,molar,-39.64690656461544,measured
Landolt_Para_Comp_3162,LP3162,molar,71.2027318471431,measured
Landolt_Para_Comp_3471,LP3471,molar,117.28951613698263,measured
Landolt_Para_Comp_1618,LP1618,molar,268.4244925129702,measured
Landolt_Para_Comp_1277,LP1277,molar,118.1722818039773,measured
Landolt_Dia_Comp_4550,LD4550,molar,-48.766070932896284,measured
Landolt_Para_Comp_1104,LP1104,molar,62.28547255720899,measured
Landolt_Dia_Comp_1755,LD1755,molar,-55.66619322351894,measured
Landolt_Dia_Comp_1597,LD1597,molar,-39.3327844997964,measured
Landolt_Para_Comp_4689,LP4689,molar,28.00882176940138,measured
Landolt_Para_Comp_2952,LP2952,molar,90.98187345933525,measured
Landolt_Dia_Comp_2497,LD2497,molar,-55.45061892280323,measured
Landolt_Para_Comp_5952,LP5952,molar,73.10025156487804,measured
Landolt_Dia_Comp_2895,LD2895,molar,-34.87718498746125,measured
Landolt_Para_Comp_841,LP841,molar,92.20792643435773,measured
Landolt_Dia_Comp_4226,LD4226,molar,-64.3632436433212,measured
Landolt_Para_Comp_1557,LP1557,molar,70.65897266230289,measured
Landolt_Para_Comp_5744,LP5744,molar,64.35312448560254,measured
Landolt_Para_Comp_1839,LP1839,molar,331.1526732207351,measured
Landolt_Para_Comp_2701,LP2701,molar,320.22266788448724,measured
Landolt_Para_Comp_2065,LP2065,molar,145.8351616767077,measured
Landolt_Dia_Comp_5916,LD5916,molar,-67.8546109987733,measured
Landolt_Para_Comp_3925,LP3925,molar,416.6318731807181,measured
Landolt_Para_Comp_5460,LP5460,molar,34.41301833785443,measured
Landolt_Dia_Comp_4715,LD4715,molar,-25.700132219830138,measured
Landolt_Para_Comp_5400,LP5400,molar,302.0420680320372,measured
Landolt_Para_Comp_4575,LP4575,molar,54.58961833990142,measured
Landolt_Para_Comp_2682,LP2682,molar,159.5509042587818,measured
Landolt_Para_Comp_2348,LP2348,molar,209.7484289047218,measured
Landolt_Para_Comp_3367,LP3367,molar,661.6798175321811,measured
Landolt_Para_Comp_4188,LP4188,molar,61.56300463055769,measured
Landolt_Dia_Comp_948,LD948,molar,-46.681277283271136,measured
Landolt_Para_Comp_498,LP498,molar,382.0731893112183,measured
Landolt_Dia_Comp_30,LD30,molar,-59.36784042568219,measured
Landolt_Dia_Comp_2607,LD2607,molar,-63.798814940169734,measured
Landolt_Dia_Comp_1981,LD1981,molar,-28.269348988137438,measured
Landolt_Dia_Comp_4827,LD4827,molar,-78.83320410183785,measured
Landolt_Para_Comp_2122,LP2122,molar,63.24731828909399,measured
Landolt_Dia_Comp_1290,LD1290,molar,-41.51052790736108,measured
Landolt_Para_Comp_4677,LP4677,molar,622.0587032719627,measured
Landolt_Para_Comp_689,LP689,molar,36.21183331955887,measured
Landolt_Para_Comp_1254,LP1254,molar,69.56926745290232,measured
Landolt_Dia_Comp_5787,LD5787,molar,-48.41414889902302,measured
Landolt_Dia_Comp_5410,LD5410,molar,-34.75877806064661,measured
Landolt_Para_Comp_4770,LP4770,molar,100.11976997425161,measured
Landolt_Dia_Comp_905,LD905,molar,-58.12857366294291,measured
Landolt_Para_Comp_3995,LP3995,molar,54.36073208568224,measured
Landolt_Para_Comp_2950,LP2950,molar,341.87001386630595,measured
Landolt_Dia_Comp_2209,LD2209,molar,-23.708743413937764,measured
Landolt_Para_Comp_4143,LP4143,molar,245.60062373059677,measured
Landolt_Para_Comp_1248,LP1248,molar,71.08190473745634,measured
Landolt_Para_Comp_3667,LP3667,molar,86.39020005276038,measured
Landolt_Dia_Comp_2644,LD2644,molar,-64.56359755106631,measured
Landolt_Para_Comp_113,LP113,molar,39.347034946607415,measured
Landolt_Para_Comp_2632,LP2632,molar,20.58494319479628,measured
Landolt_Para_Comp_910,LP910,molar,433.716076694312,measured
Landolt_Para_Comp_3777,LP3777,molar,58.735884475573314,measured
Landolt_Para_Comp_5885,LP5885,molar,16.360714732744537,measured
Landolt_Para_Comp_5051,LP5051,molar,230.71936289688486,measured
Landolt_Dia_Comp_954,LD954,molar,-3.120023235233127,measured
Landolt_Para_Comp_681,LP681,molar,75.50468793460618,measured
Landolt_Dia_Comp_1650,LD1650,molar,-62.15219770271654,measured
Landolt_Para_Comp_5099,LP5099,molar,102.25746432183894,measured
Landolt_Para_Comp_5826,LP5826,molar,299.82656543370655,measured
Landolt_Para_Comp_5216,LP5216,molar,134.57232702751367,measured
Landolt_Dia_Comp_1645,LD1645,molar,-53.858469490173306,measured
Landolt_Dia_Comp_5862,LD5862,molar,-58.715195617507064,measured
Landolt_Para_Comp_3491,LP3491,molar,349.7126476839628,measured
Landolt_Dia_Comp_3936,LD3936,molar,-48.61722706947929,measured
Landolt_Para_Comp_5662,LP5662,molar,190.44008931723295,measured
Landolt_Dia_Comp_2160,LD2160,molar,-44.015245817340016,measured
Landolt_Dia_Comp_2610,LD2610,molar,-75.00028499886292,measured
Landolt_Dia_Comp_2442,LD2442,molar,-21.368860023306446,measured
Landolt_Para_Comp_1255,LP1255,molar,227.3005619094125,measured
Landolt_Dia_Comp_5038,LD5038,molar,-64.44246881761424,measured
Landolt_Dia_Comp_3430,LD3430,molar,-65.93554610297937,measured
Landolt_Para_Comp_4512,LP4512,molar,373.285253849848,measured
Landolt_Dia_Comp_5303,LD5303,molar,-82.37882892711801,measured
Landolt_Dia_Comp_1133,LD1133,molar,-25.95412683171631,measured
Landolt_Dia_Comp_2776,LD2776,molar,-23.20370226452979,measured
Landolt_Para_Comp_103,LP103,molar,127.14198088146497,measured
Landolt_Dia_Comp_1737,LD1737,molar,-55.05774850163543,measured
Landolt_Dia_Comp_652,LD652,molar,-41.912302807548784,measured
Landolt_Para_Comp_3853,LP3853,molar,157.30402055371823,measured
Landolt_Dia_Comp_5185,LD5185,molar,-47.839133556179746,measured
Landolt_Dia_Comp_1973,LD1973,molar,-41.822239057222056,measured
Landolt_Para_Comp_3529,LP3529,molar,16.84826042895248,measured
Landolt_Dia_Comp_4623,LD4623,molar,-32.75928564410458,measured
Landolt_Para_Comp_1067,LP1067,molar,86.11368105416334,measured
Landolt_Dia_Comp_1400,LD1400,molar,-39.57023820463429,measured
Landolt_Para_Comp_3921,LP3921,molar,562.3109536375333,measured
Landolt_Para_Comp_2119,LP2119,molar,82.30517019705458,measured
Landolt_Para_Comp_2130,LP2130,molar,25.05668361924746,measured
Landolt_Para_Comp_1436,LP1436,molar,175.43340812696826,measured
Landolt_Para_Comp_2574,LP2574,molar,32.92672942664674,measured
Landolt_Para_Comp_4255,LP4255,molar,294.2655594325845,measured
Landolt_Dia_Comp_2593,LD2593,molar,-90.76161409373285,measured
Landolt_Para_Comp_1219,LP1219,molar,37.432670841361116,measured
Landolt_Dia_Comp_4374,LD4374,molar,-34.419089524212055,measured
Landolt_Para_Comp_1483,LP1483,molar,75.53812764897324,measured
Landolt_Dia_Comp_1794,LD1794,molar,-43.06448765794656,measured
Landolt_Para_Comp_360,LP360,molar,118.77495403493111,measured
Landolt_Dia_Comp_1041,LD1041,molar,-27.489059802334793,measured
Landolt_Dia_Comp_3102,LD3102,molar,-74.63452622752388,measured
Landolt_Para_Comp_3489,LP3489,molar,311.1237902280868,measured
Landolt_Dia_Comp_4157,LD4157,molar,-60.12680542686706,measured
Landolt_Para_Comp_5642,LP5642,molar,358.6791692648072,measured
Landolt_Dia_Comp_2164,LD2164,molar,-46.600062363812015,measured
Landolt_Para_Comp_4431,LP4431,molar,206.24633825164753,measured
Landolt_Dia_Comp_3114,LD3114,molar,-44.928845326683174,measured
Landolt_Dia_Comp_5848,LD5848,molar,-35.888953688158146,measured
Landolt_Para_Comp_1035,LP1035,molar,15.426447789555805,measured
Landolt_Dia_Comp_4233,LD4233,molar,-96.56760286003774,measured
Landolt_Para_Comp_5549,LP5549,molar,142.8580048125672,measured
Landolt_Para_Comp_2640,LP2640,molar,116.38934235649225,measured
Landolt_Para_Comp_1141,LP1141,molar,127.18217113714556,measured
Landolt_Para_Comp_5553,LP5553,molar,27.121385026971492,measured
Landolt_Dia_Comp_1113,LD1113,molar,-29.23031899236808,measured
Landolt_Dia_Comp_4757,LD4757,molar,-32.685920781566125,measured
Landolt_Para_Comp_705,LP705,molar,111.6899970787221,measured
Landolt_Dia_Comp_5068,LD5068,molar,-32.06649919896691,measured
Landolt_Dia_Comp_4876,LD4876,molar,-30.96289356623142,measured
Landolt_Para_Comp_1929,LP1929,molar,33.34551483647505,measured
Landolt_Dia_Comp_1194,LD1194,molar,-26.766437736824102,measured
Landolt_Para_Comp_5635,LP5635,molar,49.50250123067368,measured
Landolt_Dia_Comp_3208,LD3208,molar,-54.97907279651399,measured
Landolt_Dia_Comp_3123,LD3123,molar,-13.79498500448851,measured
Landolt_Dia_Comp_3856,LD3856,molar,-32.006359645991566,measured
Landolt_Dia_Comp_883,LD883,molar,-53.32685677781748,measured
Landolt_Dia_Comp_2011,LD2011,molar,-34.84566958729339,measured
Landolt_Para_Comp_665,LP665,molar,339.1266251394432,measured
Landolt_Dia_Comp_3786,LD3786,molar,-37.63705925998386,measured
Landolt_Dia_Comp_2729,LD2729,molar,-22.10530406102846,measured
Landolt_Dia_Comp_4863,LD4863,molar,-52.86468037088398,measured
Landolt_Para_Comp_3006,LP3006,molar,33.692656462666676,measured
Landolt_Para_Comp_1283,LP1283,molar,98.61664829654363,measured
Landolt_Dia_Comp_3954,LD3954,molar,-29.732190978475316,measured
Landolt_Para_Comp_3333,LP3333,molar,178.7238983756338,measured
Landolt_Para_Comp_3147,LP3147,molar,94.50370112585048,measured
Landolt_Para_Comp_315,LP315,molar,30.828705433782606,measured
Landolt_Dia_Comp_99,LD99,molar,-68.86427914682058,measured
Landolt_Dia_Comp_750,LD750,molar,-54.06651537857011,measured
Landolt_Para_Comp_5464,LP5464,molar,125.6783499269021,measured
Landolt_Dia_Comp_1639,LD1639,molar,-53.51111467381941,measured
Landolt_Para_Comp_1177,LP1177,molar,124.84963173443833,measured
Landolt_Para_Comp_1855,LP1855,molar,483.87766576035375,measured
Landolt_Dia_Comp_3424,LD3424,molar,-66.02223731544227,measured
Landolt_Dia_Comp_3075,LD3075,molar,-33.90155926686219,measured
Landolt_Para_Comp_2832,LP2832,molar,98.94071974096995,measured
Landolt_Dia_Comp_4722,LD4722,molar,-41.599106039614924,measured
Landolt_Para_Comp_79,LP79,molar,87.339861388326,measured
Landolt_Para_Comp_2415,LP2415,molar,330.26834238967206,measured
Landolt_Para_Comp_4177,LP4177,molar,296.1713696818185,measured
Landolt_Dia_Comp_1128,LD1128,molar,-20.031414583100293,measured
Landolt_Para_Comp_1810,LP1810,molar,185.36300803861636,measured
Landolt_Dia_Comp_611,LD611,molar,-35.7755620188628,measured
Landolt_Para_Comp_304,LP304,molar,205.32611080309712,measured
Landolt_Dia_Comp_5294,LD5294,molar,-40.99862181874002,measured
Landolt_Dia_Comp_1368,LD1368,molar,-72.36652885929338,measured
Landolt_Dia_Comp_5969,LD5969,molar,-20.846066754998787,measured
Landolt_Dia_Comp_2074,LD2074,molar,-62.78203485990831,measured
Landolt_Para_Comp_4947,LP4947,molar,410.2218238526635,measured
Landolt_Dia_Comp_5243,LD5243,molar,-91.2912299093698,measured
Landolt_Para_Comp_2006,LP2006,molar,163.34720538201114,measured
Landolt_Dia_Comp_5376,LD5376,molar,-42.63444041911273,measured
Landolt_Para_Comp_649,LP649,molar,173.63204441849382,measured
Landolt_Para_Comp_81,LP81,molar,133.14040712424168,measured
Landolt_Para_Comp_4211,LP4211,molar,226.61436747515774,measured
Landolt_Para_Comp_3411,LP3411,molar,167.8337741517372,measured
Landolt_Para_Comp_5714,LP5714,molar,53.601464302485155,measured
Landolt_Dia_Comp_5051,LD5051,molar,-56.63677655592407,measured
Landolt_Para_Comp_3382,LP3382,molar,47.44329355930424,measured
Landolt_Dia_Comp_4089,LD4089,molar,-22.039577343463414,measured
Landolt_Para_Comp_2058,LP2058,molar,59.566048162980884,measured
Landolt_Dia_Comp_83,LD83,molar,-19.115187181853187,measured
Landolt_Dia_Comp_5589,LD5589,molar,-56.5199536616999,measured
Landolt_Dia_Comp_1171,LD1171,molar,-54.5038357313771,measured
Landolt_Para_Comp_3303,LP3303,molar,239.95986132943221,measured
Landolt_Para_Comp_3497,LP3497,molar,226.1102143461702,measured
Landolt_Para_Comp_390,LP390,molar,355.3544137228958,measured
Landolt_Para_Comp_2591,LP2591,molar,52.64893815973216,measured
Landolt_Dia_Comp_3673,LD3673,molar,-24.58410850371294,measured
Landolt_Dia_Comp_5219,LD5219,molar,-62.861298184840194,measured
Landolt_Para_Comp_3635,LP3635,molar,111.35657460478149,measured
Landolt_Dia_Comp_976,LD976,molar,-61.11373165383858,measured
Landolt_Dia_Comp_2133,LD2133,molar,-57.466901832323515,measured
Landolt_Dia_Comp_620,LD620,molar,-1.7426067241247978,measured
Landolt_Para_Comp_2705,LP2705,molar,56.193447628623126,measured
Landolt_Dia_Comp_3149,LD3149,molar,-60.14735259388148,measured
Landolt_Para_Comp_5599,LP5599,molar,643.3314502137536,measured
Landolt_Dia_Comp_2969,LD2969,molar,-71.05484582818085,measured
Landolt_Para_Comp_1866,LP1866,molar,73.10787263213582,measured
Landolt_Para_Comp_671,LP671,molar,122.34911928133653,measured
Landolt_Dia_Comp_4061,LD4061,molar,-37.6482690917439,measured
Landolt_Dia_Comp_3923,LD3923,molar,-40.25747070066485,measured
Landolt_Dia_Comp_559,LD559,molar,-70.72759775994555,measured
Landolt_Dia_Comp_1824,LD1824,molar,-85.41070589270569,measured
Landolt_Para_Comp_5999,LP5999,molar,146.67867899954632,measured
Landolt_Para_Comp_2105,LP2105,molar,42.77003570363084,measured
Landolt_Dia_Comp_1123,LD1123,molar,-81.08202113041858,measured
Landolt_Para_Comp_3406,LP3406,molar,150.97594196428471,measured
Landolt_Para_Comp_4495,LP4495,molar,199.23281726451128,measured
Landolt_Dia_Comp_230,LD230,molar,-80.81493524112993,measured
Landolt_Para_Comp_650,LP650,molar,124.66994573180503,measured
Landolt_Dia_Comp_4407,LD4407,molar,-75.95858932533702,measured
Landolt_Dia_Comp_2356,LD2356,molar,-70.8999594920894,measured
Landolt_Dia_Comp_2781,LD2781,molar,-55.05557396141475,measured
Landolt_Dia_Comp_503,LD503,molar,-58.25290498946299,measured
Landolt_Dia_Comp_1374,LD1374,molar,-30.000664287562856,measured
Landolt_Dia_Comp_4949,LD4949,molar,-29.43514783653417,measured
Landolt_Dia_Comp_972,LD972,molar,-27.01457950037969,measured
Landolt_Dia_Comp_3675,LD3675,molar,-28.240933064880792,measured
Landolt_Dia_Comp_4446,LD4446,molar,-64.24029139434721,measured
Landolt_Dia_Comp_67,LD67,molar,-31.951809930395026,measured
Landolt_Dia_Comp_3699,LD3699,molar,-46.123263983770876,measured
Landolt_Para_Comp_4131,LP4131,molar,86.41889252955798,measured
Landolt_Dia_Comp_1243,LD1243,molar,-89.43869151241896,measured
Landolt_Dia_Comp_681,LD681,molar,-45.05893429593254,measured
Landolt_Para_Comp_2779,LP2779,molar,95.72393282097671,measured
Landolt_Dia_Comp_3288,LD3288,molar,-57.6207576667672,measured
Landolt_Dia_Comp_771,LD771,molar,-57.29742914553701,measured
Landolt_Dia_Comp_5734,LD5734,molar,-72.72503081853657,measured
Landolt_Dia_Comp_5201,LD5201,molar,-76.31936325478513,measured
Landolt_Para_Comp_3845,LP3845,molar,63.497258666326225,measured
Landolt_Para_Comp_4343,LP4343,molar,66.59608156912249,measured
Landolt_Dia_Comp_2771,LD2771,molar,-62.57100030275552,measured
Landolt_Para_Comp_3065,LP3065,molar,138.92008076976668,measured
Landolt_Para_Comp_2576,LP2576,molar,141.8864792096682,measured
Landolt_Dia_Comp_1177,LD1177,molar,-36.11175754787206,measured
Landolt_Para_Comp_895,LP895,molar,108.30978244929993,measured
Landolt_Para_Comp_278,LP278,molar,68.30098388028,measured
Landolt_Dia_Comp_1450,LD1450,molar,-31.177634254880914,measured
Landolt_Dia_Comp_2871,LD2871,molar,-1.669375219108673,measured
Landolt_Dia_Comp_1463,LD1463,molar,-29.68394110557627,measured
Landolt_Para_Comp_2609,LP2609,molar,113.55717654154252,measured
Landolt_Dia_Comp_2876,LD2876,molar,-28.509792486077323,measured
Landolt_Dia_Comp_2457,LD2457,molar,-45.877662811984436,measured
Landolt_Dia_Comp_918,LD918,molar,-34.68759604839806,measured
Landolt_Para_Comp_3245,LP3245,molar,98.58525537444659,measured
Landolt_Dia_Comp_414,LD414,molar,-81.38235544522502,measured
Landolt_Dia_Comp_3956,LD3956,molar,-87.56435320548343,measured
Landolt_Para_Comp_1584,LP1584,molar,150.33659312782115,measured
Landolt_Dia_Comp_156,LD156,molar,-100.63524734882422,measured
Landolt_Para_Comp_4881,LP4881,molar,43.6581230700599,measured
Landolt_Para_Comp_4449,LP4449,molar,380.1166490107459,measured
Landolt_Para_Comp_4309,LP4309,molar,358.5446507008962,measured
Landolt_Dia_Comp_2657,LD2657,molar,-37.39956586905064,measured
Landolt_Dia_Comp_3110,LD3110,molar,-46.76805056477394,measured
Landolt_Para_Comp_3022,LP3022,molar,35.205354026273845,measured
Landolt_Dia_Comp_2762,LD2762,molar,-51.54977162770563,measured
Landolt_Para_Comp_3756,LP3756,molar,814.9336310649378,measured
Landolt_Dia_Comp_4678,LD4678,molar,-41.47827602461608,measured
Landolt_Para_Comp_4441,LP4441,molar,77.37942113670786,measured
Landolt_Para_Comp_764,LP764,molar,30.808562692364028,measured
Landolt_Dia_Comp_5819,LD5819,molar,-62.31015049873908,measured
Landolt_Dia_Comp_3265,LD3265,molar,-23.286314410933375,measured
Landolt_Dia_Comp_372,LD372,molar,-39.478454972467595,measured
Landolt_Dia_Comp_4234,LD4234,molar,-59.98092013946358,measured
Landolt_Para_Comp_2966,LP2966,molar,478.337547904626,measured
Landolt_Para_Comp_4566,LP4566,molar,263.7715193594886,measured
Landolt_Para_Comp_5378,LP5378,molar,274.56645147728693,measured
Landolt_Para_Comp_28,LP28,molar,89.51056865878382,measured
Landolt_Para_Comp_1033,LP1033,molar,45.01722808767038,measured
Landolt_Para_Comp_3731,LP3731,molar,403.302903512509,measured
Landolt_Dia_Comp_3241,LD3241,molar,-21.101643689611894,measured
Landolt_Para_Comp_1181,LP1181,molar,62.57515442063066,measured
Landolt_Dia_Comp_5894,LD5894,molar,-68.30982335969217,measured
Landolt_Dia_Comp_5342,LD5342,molar,-55.424874823425455,measured
Landolt_Dia_Comp_3942,LD3942,molar,-51.58368116205248,measured
Landolt_Para_Comp_4348,LP4348,molar,614.5654267345375,measured
Landolt_Dia_Comp_3819,LD3819,molar,-28.828849272354205,measured
Landolt_Para_Comp_11,LP11,molar,126.2869947942076,measured
Landolt_Dia_Comp_5084,LD5084,molar,-33.536012424900385,measured
Landolt_Para_Comp_4194,LP4194,molar,113.96906180331618,measured
Landolt_Dia_Comp_144,LD144,molar,-18.02847196934678,measured
Landolt_Para_Comp_102,LP102,molar,25.158182147887473,measured
Landolt_Para_Comp_1928,LP1928,molar,28.875610138088796,measured
Landolt_Para_Comp_2145,LP2145,molar,304.3553758223207,measured
Landolt_Para_Comp_700,LP700,molar,657.5334698123685,measured
Landolt_Dia_Comp_2345,LD2345,molar,-85.41692200166469,measured
Landolt_Para_Comp_4253,LP4253,molar,207.85756606774197,measured
Landolt_Dia_Comp_2320,LD2320,molar,-60.15963706722985,measured
Landolt_Dia_Comp_1160,LD1160,molar,-49.55257831919389,measured
Landolt_Dia_Comp_1452,LD1452,molar,-60.964353148433815,measured
Landolt_Dia_Comp_479,LD479,molar,-39.37803470079639,measured
Landolt_Para_Comp_98,LP98,molar,377.1089240288504,measured
Landolt_Dia_Comp_991,LD991,molar,-65.55154295166709,measured
Landolt_Para_Comp_2388,LP2388,molar,15.355863878547376,measured
Landolt_Dia_Comp_2854,LD2854,molar,-90.67870203264002,measured
Landolt_Dia_Comp_4834,LD4834,molar,-55.56207603940808,measured
Landolt_Para_Comp_4640,LP4640,molar,92.07146836136313,measured
Landolt_Para_Comp_1781,LP1781,molar,151.40492146529982,measured
Landolt_Para_Comp_245,LP245,molar,174.7326103737558,measured
Landolt_Para_Comp_227,LP227,molar,461.42872785003357,measured
Landolt_Para_Comp_3800,LP3800,molar,168.60058676083673,measured
Landolt_Para_Comp_3141,LP3141,molar,35.29815469135323,measured
Landolt_Para_Comp_3232,LP3232,molar,103.61262799364339,measured
Landolt_Para_Comp_795,LP795,molar,383.6672567694086,measured
Landolt_Dia_Comp_3446,LD3446,molar,-39.1076414806932,measured
Landolt_Dia_Comp_2099,LD2099,molar,-45.33385860853656,measured
Landolt_Para_Comp_1567,LP1567,molar,39.55837556056106,measured
Landolt_Dia_Comp_5642,LD5642,molar,-74.73417757031129,measured
Landolt_Para_Comp_3227,LP3227,molar,156.46836551321252,measured
Landolt_Para_Comp_4054,LP4054,molar,46.260782365960424,measured
Landolt_Dia_Comp_2158,LD2158,molar,-73.30988484884094,measured
Landolt_Dia_Comp_1855,LD1855,molar,-40.754600247442895,measured
Landolt_Para_Comp_1138,LP1138,molar,141.42466396107383,measured
Landolt_Para_Comp_5678,LP5678,molar,19.3277111872169,measured
Landolt_Dia_Comp_5757,LD5757,molar,-27.077786439405177,measured
Landolt_Dia_Comp_4287,LD4287,molar,-73.0237983846638,measured
Landolt_Dia_Comp_5925,LD5925,molar,-69.7492399960149,measured
Landolt_Dia_Comp_2872,LD2872,molar,-38.48681721629049,measured
Landolt_Para_Comp_2739,LP2739,molar,126.23286543105317,measured
Landolt_Para_Comp_3772,LP3772,molar,232.4947928355599,measured
Landolt_Para_Comp_4451,LP4451,molar,193.05565727022216,measured
Landolt_Dia_Comp_1091,LD1091,molar,-38.71741486454626,measured
Landolt_Dia_Comp_1917,LD1917,molar,-19.411871923754518,measured
Landolt_Dia_Comp_1203,LD1203,molar,-54.331836862767844,measured
Landolt_Para_Comp_4958,LP4958,molar,189.75300644869822,measured
Landolt_Para_Comp_3070,LP3070,molar,163.6506336059902,measured
Landolt_Dia_Comp_2752,LD2752,molar,-45.20791794740007,measured
Landolt_Para_Comp_3283,LP3283,molar,537.7902957344518,measured
Landolt_Para_Comp_2329,LP2329,molar,116.8527877405472,measured
Landolt_Para_Comp_5640,LP5640,molar,572.0913517095155,measured
Landolt_Dia_Comp_541,LD541,molar,-28.5169513070001,measured
Landolt_Para_Comp_4325,LP4325,molar,26.514883933618158,measured
Landolt_Dia_Comp_1263,LD1263,molar,-58.97037873502247,measured
Landolt_Para_Comp_597,LP597,molar,176.67739822988614,measured
Landolt_Para_Comp_732,LP732,molar,216.38007796800346,measured
Landolt_Dia_Comp_913,LD913,molar,-56.70388841259224,measured
Landolt_Para_Comp_760,LP760,molar,43.234401982064675,measured
Landolt_Dia_Comp_674,LD674,molar,-14.375003248186545,measured
Landolt_Para_Comp_4609,LP4609,molar,62.696038854764545,measured
Landolt_Para_Comp_5880,LP5880,molar,47.85085848118107,measured
Landolt_Dia_Comp_3674,LD3674,molar,-76.05831722898809,measured
Landolt_Para_Comp_3368,LP3368,molar,91.1998767751553,measured
Landolt_Dia_Comp_5725,LD5725,molar,-48.36218178183859,measured
Landolt_Para_Comp_2906,LP2906,molar,48.27651484861849,measured
Landolt_Dia_Comp_4066,LD4066,molar,-54.77007970893962,measured
Landolt_Para_Comp_5562,LP5562,molar,320.90382464118994,measured
Landolt_Para_Comp_3436,LP3436,molar,34.004030341840775,measured
Landolt_Dia_Comp_4847,LD4847,molar,-50.03769668964185,measured
Landolt_Para_Comp_4504,LP4504,molar,12.58649177642097,measured
Landolt_Dia_Comp_4385,LD4385,molar,-42.37971193724342,measured
Landolt_Para_Comp_695,LP695,molar,158.0081799360492,measured
Landolt_Dia_Comp_1887,LD1887,molar,-1.6441674567033573,measured
Landolt_Dia_Comp_1539,LD1539,molar,-27.109482497369793,measured
Landolt_Para_Comp_874,LP874,molar,115.40525998954386,measured
Landolt_Para_Comp_1808,LP1808,molar,16.128324305042614,measured
Landolt_Para_Comp_5939,LP5939,molar,77.85847982295921,measured
Landolt_Dia_Comp_854,LD854,molar,-91.6612060690573,measured
Landolt_Para_Comp_298,LP298,molar,114.70075790247553,measured
Landolt_Dia_Comp_1324,LD1324,molar,-29.03574898176838,measured
Landolt_Dia_Comp_1499,LD1499,molar,-42.259460722011376,measured
Landolt_Dia_Comp_4968,LD4968,molar,-37.35250198348129,measured
Landolt_Dia_Comp_3521,LD3521,molar,-61.79337116551829,measured
Landolt_Para_Comp_1960,LP1960,molar,135.7377272531483,measured
Landolt_Dia_Comp_2921,LD2921,molar,-32.04594884421142,measured
Landolt_Dia_Comp_5957,LD5957,molar,-57.14445786060258,measured
Landolt_Dia_Comp_673,LD673,molar,-74.17985029179842,measured
Landolt_Dia_Comp_4941,LD4941,molar,-65.04007869916839,measured
Landolt_Dia_Comp_2293,LD2293,molar,-37.084602355335505,measured
Landolt_Dia_Comp_105,LD105,molar,-69.0207268250598,measured
Landolt_Para_Comp_4497,LP4497,molar,159.99195702377529,measured
Landolt_Dia_Comp_3138,LD3138,molar,-59.88492249868014,measured
Landolt_Dia_Comp_2473,LD2473,molar,-56.98430635562635,measured
Landolt_Para_Comp_4134,LP4134,molar,39.32339532905142,measured
Landolt_Dia_Comp_4636,LD4636,molar,-49.63747897526358,measured
Landolt_Dia_Comp_4350,LD4350,molar,-36.11915872722932,measured
Landolt_Dia_Comp_2221,LD2221,molar,-42.98499121179083,measured
Landolt_Para_Comp_5409,LP5409,molar,33.142791414235006,measured
Landolt_Para_Comp_428,LP428,molar,36.43404540508792,measured
Landolt_Dia_Comp_1850,LD1850,molar,-79.91402014167784,measured
Landolt_Para_Comp_3352,LP3352,molar,66.37133189408978,measured
Landolt_Para_Comp_1017,LP1017,molar,336.1093392375706,measured
Landolt_Para_Comp_306,LP306,molar,111.53722283905681,measured
Landolt_Dia_Comp_1902,LD1902,molar,-38.80216903451909,measured
Landolt_Dia_Comp_3707,LD3707,molar,-40.76370469142719,measured
Landolt_Para_Comp_4777,LP4777,molar,384.5837056107466,measured
Landolt_Para_Comp_5475,LP5475,molar,197.26087196279178,measured
Landolt_Para_Comp_2397,LP2397,molar,151.31786850218518,measured
Landolt_Para_Comp_5600,LP5600,molar,58.194480914985185,measured
Landolt_Para_Comp_542,LP542,molar,127.00231066778689,measured
Landolt_Para_Comp_1236,LP1236,molar,163.5151308581391,measured
Landolt_Para_Comp_4198,LP4198,molar,192.97614623270508,measured
Landolt_Para_Comp_3488,LP3488,molar,302.7676034902509,measured
Landolt_Para_Comp_4603,LP4603,molar,140.75344829525545,measured
Landolt_Para_Comp_5564,LP5564,molar,40.11966715418761,measured
Landolt_Dia_Comp_5796,LD5796,molar,-38.27232965470953,measured
Landolt_Dia_Comp_4884,LD4884,molar,-80.51176459151097,measured
Landolt_Dia_Comp_4744,LD4744,molar,-56.397964384678225,measured
Landolt_Dia_Comp_5139,LD5139,molar,-37.85169766877341,measured
Landolt_Para_Comp_1850,LP1850,molar,71.8889301549713,measured
Landolt_Dia_Comp_5650,LD5650,molar,-36.295113912398605,measured
Landolt_Para_Comp_5956,LP5956,molar,15.868323455659759,measured
Landolt_Dia_Comp_4854,LD4854,molar,-39.63164508485652,measured
Landolt_Dia_Comp_5959,LD5959,molar,-42.932675875276075,measured
Landolt_Dia_Comp_139,LD139,molar,-13.317256470585008,measured
Landolt_Dia_Comp_1190,LD1190,molar,-39.67621142138994,measured
Landolt_Para_Comp_2266,LP2266,molar,13.831094623671197,measured
Landolt_Para_Comp_2613,LP2613,molar,58.43005353757722,measured
Landolt_Dia_Comp_3058,LD3058,molar,-70.7143436217386,measured
Landolt_Dia_Comp_3098,LD3098,molar,-61.05739270358924,measured
Landolt_Para_Comp_2066,LP2066,molar,13.575624672647457,measured
Landolt_Para_Comp_3003,LP3003,molar,11.641466179135596,measured
Landolt_Para_Comp_3240,LP3240,molar,385.31845107610025,measured
Landolt_Dia_Comp_3995,LD3995,molar,-33.167143164085445,measured
Landolt_Para_Comp_3891,LP3891,molar,487.2282152422095,measured
Landolt_Dia_Comp_515,LD515,molar,-57.47203449636367,measured
Landolt_Para_Comp_5926,LP5926,molar,189.6915706669039,measured
Landolt_Para_Comp_3682,LP3682,molar,103.02882686741998,measured
Landolt_Para_Comp_1128,LP1128,molar,47.58107723678215,measured
Landolt_Para_Comp_1482,LP1482,molar,12.517937868364214,measured
Landolt_Para_Comp_5638,LP5638,molar,50.43518574507463,measured
Landolt_Para_Comp_3603,LP3603,molar,121.70208458019607,measured
Landolt_Dia_Comp_1262,LD1262,molar,-53.74363201076906,measured
Landolt_Dia_Comp_2061,LD2061,molar,-73.08359115069635,measured
Landolt_Dia_Comp_2372,LD2372,molar,-62.52757129754653,measured
Landolt_Para_Comp_3744,LP3744,molar,150.30711347329333,measured
Landolt_Dia_Comp_3702,LD3702,molar,-65.53357380414884,measured
Landolt_Dia_Comp_5769,LD5769,molar,-36.948442551239864,measured
Landolt_Para_Comp_178,LP178,molar,193.1388975327011,measured
Landolt_Dia_Comp_1741,LD1741,molar,-79.45264776169768,measured
Landolt_Dia_Comp_4262,LD4262,molar,-57.64194908345951,measured
Landolt_Para_Comp_1364,LP1364,molar,174.5436961772505,measured
Landolt_Para_Comp_3500,LP3500,molar,368.1458461695445,measured
Landolt_Para_Comp_2749,LP2749,molar,198.05407268205988,measured
Landolt_Dia_Comp_3073,LD3073,molar,-37.106191692474894,measured
Landolt_Dia_Comp_5864,LD5864,molar,-5.1309213970693435,measured
Landolt_Para_Comp_383,LP383,molar,10.0838557714901,measured
Landolt_Para_Comp_1,LP1,molar,149.10639607092503,measured
Landolt_Para_Comp_2890,LP2890,molar,603.5401176119049,measured
Landolt_Dia_Comp_1298,LD1298,molar,-84.33549764532921,measured
Landolt_Para_Comp_2513,LP2513,molar,77.0502100531705,measured
Landolt_Dia_Comp_4947,LD4947,molar,-35.03282876949879,measured
Landolt_Para_Comp_2673,LP2673,molar,34.74420997332494,measured
Landolt_Para_Comp_889,LP889,molar,60.1493501210219,measured
Landolt_Para_Comp_5125,LP5125,molar,55.13809317138287,measured
Landolt_Dia_Comp_2332,LD2332,molar,-66.93820492430261,measured
Landolt_Para_Comp_5637,LP5637,molar,50.69766692266167,measured
Landolt_Para_Comp_1338,LP1338,molar,15.894079000238875,measured
Landolt_Dia_Comp_5630,LD5630,molar,-34.791876653825675,measured
Landolt_Dia_Comp_3494,LD3494,molar,-47.287745245156266,measured
Landolt_Para_Comp_547,LP547,molar,52.600285097554455,measured
Landolt_Para_Comp_5977,LP5977,molar,49.46927032290838,measured
Landolt_Para_Comp_3106,LP3106,molar,111.41531899697931,measured
Landolt_Para_Comp_4236,LP4236,molar,127.8561772965188,measured
Landolt_Dia_Comp_5625,LD5625,molar,-50.88218971296737,measured
Landolt_Dia_Comp_2866,LD2866,molar,-24.317261268355285,measured
Landolt_Dia_Comp_3222,LD3222,molar,-41.108450773220966,measured
Landolt_Para_Comp_97,LP97,molar,61.79009616373947,measured
Landolt_Dia_Comp_2711,LD2711,molar,-73.53265798222489,measured
Landolt_Dia_Comp_3897,LD3897,molar,-83.4678528927823,measured
Landolt_Para_Comp_1834,LP1834,molar,24.58425942529763,measured
Landolt_Para_Comp_1887,LP1887,molar,200.6536334767249,measured
Landolt_Dia_Comp_2409,LD2409,molar,-37.81339457486945,measured
Landolt_Dia_Comp_699,LD699,molar,-29.40157318282261,measured
Landolt_Dia_Comp_1047,LD1047,molar,-30.931141931593277,measured
Landolt_Dia_Comp_4954,LD4954,molar,-73.54231090120129,measured
Landolt_Dia_Comp_2937,LD2937,molar,-65.37323666298387,measured
Landolt_Dia_Comp_201,LD201,molar,-75.06630161182343,measured
Landolt_Para_Comp_5844,LP5844,molar,121.78221931065127,measured
Landolt_Para_Comp_3077,LP3077,molar,99.24097980476803,measured
Landolt_Para_Comp_4725,LP4725,molar,88.77868189804897,measured
Landolt_Dia_Comp_3148,LD3148,molar,-39.623659575750665,measured
Landolt_Dia_Comp_4561,LD4561,molar,-41.69879327351339,measured
Landolt_Para_Comp_2375,LP2375,molar,119.66367104530067,measured
Landolt_Para_Comp_765,LP765,molar,320.37024176297723,measured
Landolt_Dia_Comp_5225,LD5225,molar,-70.27545618458583,measured
Landolt_Para_Comp_4826,LP4826,molar,225.02967430665268,measured
Landolt_Dia_Comp_2347,LD2347,molar,-64.50671172342196,measured
Landolt_Dia_Comp_1150,LD1150,molar,-62.00158387383805,measured
Landolt_Dia_Comp_4031,LD4031,molar,-72.79733790317391,measured
Landolt_Dia_Comp_5505,LD5505,molar,-68.2139260176963,measured
Landolt_Para_Comp_3725,LP3725,molar,152.03168068726035,measured
Landolt_Dia_Comp_3746,LD3746,molar,-71.6990538989018,measured
Landolt_Para_Comp_5704,LP5704,molar,219.9872659457529,measured
Landolt_Dia_Comp_108,LD108,molar,-47.995800768992474,measured
Landolt_Para_Comp_5134,LP5134,molar,80.70893380670287,measured
Landolt_Dia_Comp_68,LD68,molar,-61.602775085336745,measured
Landolt_Para_Comp_75,LP75,molar,85.57261365848773,measured
Landolt_Dia_Comp_3234,LD3234,molar,-41.191745551350785,measured
Landolt_Para_Comp_2002,LP2002,molar,249.09960148282119,measured
Landolt_Para_Comp_1533,LP1533,molar,120.47341286575165,measured
Landolt_Para_Comp_2248,LP2248,molar,403.2472330465408,measured
Landolt_Para_Comp_1002,LP1002,molar,69.34909929131388,measured
Landolt_Dia_Comp_2597,LD2597,molar,-85.39344532407102,measured
Landolt_Para_Comp_212,LP212,molar,93.5429254512105,measured
Landolt_Dia_Comp_3166,LD3166,molar,-73.33001969236231,measured
Landolt_Dia_Comp_3724,LD3724,molar,-46.2853640509739,measured
Landolt_Para_Comp_506,LP506,molar,84.22930051057179,measured
Landolt_Para_Comp_1125,LP1125,molar,97.81084358643737,measured
Landolt_Dia_Comp_666,LD666,molar,-35.05301645221434,measured
Landolt_Dia_Comp_3767,LD3767,molar,-77.59166306945586,measured
Landolt_Dia_Comp_3872,LD3872,molar,-115.39312121070697,measured
Landolt_Para_Comp_4989,LP4989,molar,56.89059334957269,measured
Landolt_Para_Comp_3050,LP3050,molar,617.4315571480117,measured
Landolt_Para_Comp_713,LP713,molar,23.462859375709947,measured
Landolt_Para_Comp_2028,LP2028,molar,44.34930428436266,measured
Landolt_Dia_Comp_476,LD476,molar,-36.228003340447366,measured
Landolt_Para_Comp_5106,LP5106,molar,110.2840521945744,measured
Landolt_Dia_Comp_2261,LD2261,molar,-90.19964352417938,measured
Landolt_Para_Comp_4087,LP4087,molar,205.14889370287455,measured
Landolt_Para_Comp_628,LP628,molar,25.47896327194801,measured
Landolt_Dia_Comp_2066,LD2066,molar,-38.20431130299675,measured
Landolt_Para_Comp_1111,LP1111,molar,187.38196731693566,measured
Landolt_Dia_Comp_4557,LD4557,molar,-36.53494883730343,measured
Landolt_Dia_Comp_5430,LD5430,molar,-46.76810359619007,measured
Landolt_Dia_Comp_5896,LD5896,molar,-98.02637006347172,measured
Landolt_Para_Comp_220,LP220,molar,320.5937460467725,measured
Landolt_Dia_Comp_1926,LD1926,molar,-45.85468164242117,measured
Landolt_Para_Comp_4852,LP4852,molar,94.90676863790111,measured
Landolt_Para_Comp_1847,LP1847,molar,266.76994363457885,measured
Landolt_Dia_Comp_1408,LD1408,molar,-19.612088368715238,measured
Landolt_Dia_Comp_5771,LD5771,molar,-13.215446545219407,measured
Landolt_Para_Comp_1959,LP1959,molar,10.592073046353692,measured
Landolt_Dia_Comp_2044,LD2044,molar,-27.466198061118646,measured
Landolt_Para_Comp_1241,LP1241,molar,109.32762196028324,measured
Landolt_Para_Comp_2881,LP2881,molar,466.68938557716103,measured
Landolt_Dia_Comp_5822,LD5822,molar,-41.12091981596152,measured
Landolt_Para_Comp_1211,LP1211,molar,15.364115606846195,measured
Landolt_Para_Comp_959,LP959,molar,324.30175778151306,measured
Landolt_Para_Comp_4350,LP4350,molar,513.3984815888132,measured
Landolt_Para_Comp_1905,LP1905,molar,42.507848996104855,measured
Landolt_Para_Comp_2958,LP2958,molar,22.10688599530956,measured
Landolt_Para_Comp_4883,LP4883,molar,54.03390635124956,measured
Landolt_Para_Comp_459,LP459,molar,427.70311260360853,measured
Landolt_Para_Comp_4017,LP4017,molar,160.5314364060853,measured
Landolt_Para_Comp_3506,LP3506,molar,134.80328829223822,measured
Landolt_Para_Comp_945,LP945,molar,398.5598168138318,measured
Landolt_Para_Comp_1332,LP1332,molar,89.19783148274588,measured
Landolt_Dia_Comp_351,LD351,molar,-49.77178819120189,measured
Landolt_Dia_Comp_4906,LD4906,molar,-39.27781589200282,measured
Landolt_Para_Comp_2704,LP2704,molar,139.5468640198485,measured
Landolt_Para_Comp_4221,LP4221,molar,45.43764960663941,measured
Landolt_Para_Comp_5641,LP5641,molar,110.32468530034409,measured
Landolt_Para_Comp_4392,LP4392,molar,56.39362553141646,measured
Landolt_Para_Comp_4731,LP4731,molar,245.9688489284361,measured
Landolt_Dia_Comp_4831,LD4831,molar,-42.66729368767089,measured
Landolt_Para_Comp_309,LP309,molar,206.36333035255282,measured
Landolt_Dia_Comp_4892,LD4892,molar,-40.64999885750966,measured
Landolt_Dia_Comp_3209,LD3209,molar,-36.02864323036698,measured
Landolt_Para_Comp_4758,LP4758,molar,133.29941347314949,measured
Landolt_Para_Comp_1468,LP1468,molar,181.69705741066963,measured
Landolt_Para_Comp_655,LP655,molar,98.48203914207184,measured
Landolt_Para_Comp_2556,LP2556,molar,396.8275978074068,measured
Landolt_Dia_Comp_27,LD27,molar,-64.46283138767228,measured
Landolt_Para_Comp_4419,LP4419,molar,211.12039002183198,measured
Landolt_Dia_Comp_4586,LD4586,molar,-48.83299183393577,measured
Landolt_Dia_Comp_513,LD513,molar,-42.44370287663875,measured
Landolt_Dia_Comp_3422,LD3422,molar,-56.658635680116596,measured
Landolt_Dia_Comp_2713,LD2713,molar,-60.87418856876862,measured
Landolt_Dia_Comp_5548,LD5548,molar,-52.65492509738509,measured
Landolt_Dia_Comp_5090,LD5090,molar,-88.95917236423722,measured
Landolt_Para_Comp_2897,LP2897,molar,103.27888381113624,measured
Landolt_Para_Comp_1670,LP1670,molar,80.51851430892057,measured
Landolt_Para_Comp_4649,LP4649,molar,38.95247369993169,measured
Landolt_Dia_Comp_5392,LD5392,molar,-60.31579557096682,measured
Landolt_Dia_Comp_2303,LD2303,molar,-70.57784609994998,measured
Landolt_Dia_Comp_4346,LD4346,molar,-56.24995373069386,measured
Landolt_Para_Comp_4607,LP4607,molar,228.73404468734867,measured
Landolt_Para_Comp_4573,LP4573,molar,34.06065921006525,measured
Landolt_Dia_Comp_4938,LD4938,molar,-48.82613864870908,measured
Landolt_Dia_Comp_193,LD193,molar,-10.693008311109615,measured
Landolt_Para_Comp_4995,LP4995,molar,367.52099733306636,measured
Landolt_Dia_Comp_321,LD321,molar,-35.91995184254308,measured
Landolt_Para_Comp_2251,LP2251,molar,85.2480335355199,measured
Landolt_Dia_Comp_1719,LD1719,molar,-10.382603962121514,measured
Landolt_Dia_Comp_5458,LD5458,molar,-25.71361261262333,measured
Landolt_Dia_Comp_3814,LD3814,molar,-52.12942901055002,measured
Landolt_Para_Comp_5649,LP5649,molar,186.99498660203918,measured
Landolt_Para_Comp_2186,LP2186,molar,37.6735508420381,measured
Landolt_Dia_Comp_803,LD803,molar,-45.326951656130994,measured
Landolt_Dia_Comp_3547,LD3547,molar,-34.72070181052176,measured
Landolt_Para_Comp_819,LP819,molar,59.657268797734105,measured
Landolt_Para_Comp_3299,LP3299,molar,42.81748927147833,measured
Landolt_Para_Comp_2836,LP2836,molar,44.87558678165151,measured
Landolt_Para_Comp_4747,LP4747,molar,81.705020952808,measured
Landolt_Dia_Comp_5109,LD5109,molar,-80.37595222447582,measured
Landolt_Dia_Comp_4019,LD4019,molar,-86.59382046533207,measured
Landolt_Dia_Comp_5414,LD5414,molar,-47.651542911231054,measured
Landolt_Para_Comp_1276,LP1276,molar,13.560508238495338,measured
Landolt_Dia_Comp_5935,LD5935,molar,-78.43884784699328,measured
Landolt_Para_Comp_1715,LP1715,molar,164.25168954391702,measured
Landolt_Para_Comp_4086,LP4086,molar,62.51831516603422,measured
Landolt_Dia_Comp_1978,LD1978,molar,-39.60719051271852,measured
Landolt_Dia_Comp_2899,LD2899,molar,-119.90843748073736,measured
Landolt_Dia_Comp_5800,LD5800,molar,-37.08627892808362,measured
Landolt_Dia_Comp_5359,LD5359,molar,-54.238927232057776,measured
Landolt_Para_Comp_2893,LP2893,molar,104.6796121571724,measured
Landolt_Dia_Comp_5874,LD5874,molar,-42.822608975948874,measured
Landolt_Dia_Comp_322,LD322,molar,-48.85224898492534,measured
Landolt_Dia_Comp_5893,LD5893,molar,-32.322499152273096,measured
Landolt_Para_Comp_849,LP849,molar,50.08976712432064,measured
Landolt_Para_Comp_2774,LP2774,molar,457.74374665571725,measured
Landolt_Para_Comp_2287,LP2287,molar,29.828008305056574,measured
Landolt_Dia_Comp_4093,LD4093,molar,-42.060047574551945,measured
Landolt_Para_Comp_3203,LP3203,molar,141.70068686767434,measured
Landolt_Para_Comp_3734,LP3734,molar,152.84978104569123,measured
Landolt_Dia_Comp_1654,LD1654,molar,-82.97986921150994,measured
Landolt_Para_Comp_582,LP582,molar,108.49507650244806,measured
Landolt_Dia_Comp_2527,LD2527,molar,-34.90921208340057,measured
Landolt_Dia_Comp_447,LD447,molar,-61.351004098862234,measured
Landolt_Para_Comp_1916,LP1916,molar,20.34672486672843,measured
Landolt_Dia_Comp_2627,LD2627,molar,-45.46281997668615,measured
Landolt_Para_Comp_3457,LP3457,molar,135.55516647871954,measured
Landolt_Para_Comp_3704,LP3704,molar,204.67947338498612,measured
Landolt_Dia_Comp_370,LD370,molar,-43.96813986536988,measured
Landolt_Para_Comp_345,LP345,molar,62.63203367160456,measured
Landolt_Dia_Comp_2311,LD2311,molar,-21.671823582503528,measured
Landolt_Dia_Comp_2060,LD2060,molar,-78.21742124735742,measured
Landolt_Dia_Comp_4245,LD4245,molar,-69.3862996535645,measured
Landolt_Dia_Comp_2940,LD2940,molar,-64.37374428284576,measured
Landolt_Dia_Comp_1721,LD1721,molar,-37.11440695413855,measured
Landolt_Dia_Comp_2855,LD2855,molar,-96.52983839012938,measured
Landolt_Dia_Comp_722,LD722,molar,-51.76027545926806,measured
Landolt_Dia_Comp_5474,LD5474,molar,-59.09230081495142,measured
Landolt_Dia_Comp_829,LD829,molar,-68.43939905492545,measured
Landolt_Para_Comp_4182,LP4182,molar,551.7516993453661,measured
Landolt_Para_Comp_4700,LP4700,molar,66.65772065176884,measured
Landolt_Para_Comp_2360,LP2360,molar,131.1522476182929,measured
Landolt_Dia_Comp_3442,LD3442,molar,-33.09464827720386,measured
Landolt_Dia_Comp_996,LD996,molar,-12.748939225076597,measured
Landolt_Para_Comp_4237,LP4237,molar,67.02012388986336,measured
Landolt_Para_Comp_1980,LP1980,molar,90.86051228405165,measured
Landolt_Para_Comp_5241,LP5241,molar,83.1643108088535,measured
Landolt_Para_Comp_779,LP779,molar,15.01556199656903,measured
Landolt_Dia_Comp_1963,LD1963,molar,-41.79484265389296,measured
Landolt_Dia_Comp_835,LD835,molar,-61.40327923183737,measured
Landolt_Dia_Comp_2277,LD2277,molar,-76.66158888159072,measured
Landolt_Dia_Comp_3337,LD3337,molar,-27.882013099729164,measured
Landolt_Para_Comp_1083,LP1083,molar,88.4259270696235,measured
Landolt_Para_Comp_5908,LP5908,molar,206.4381014216774,measured
Landolt_Dia_Comp_3154,LD3154,molar,-61.04491428676358,measured
Landolt_Para_Comp_1319,LP1319,molar,25.652488872018754,measured
Landolt_Dia_Comp_2797,LD2797,molar,-44.57043815596469,measured
Landolt_Dia_Comp_5176,LD5176,molar,-35.09202660668096,measured
Landolt_Dia_Comp_308,LD308,molar,-57.74039364272922,measured
Landolt_Dia_Comp_2535,LD2535,molar,-21.289433271047102,measured
Landolt_Para_Comp_5206,LP5206,molar,91.45619869871625,measured
Landolt_Dia_Comp_2089,LD2089,molar,-50.818693757010806,measured
Landolt_Dia_Comp_3787,LD3787,molar,-70.0296245494711,measured
Landolt_Dia_Comp_5676,LD5676,molar,-58.97491154884798,measured
Landolt_Dia_Comp_3987,LD3987,molar,-45.96873353951806,measured
Landolt_Para_Comp_5093,LP5093,molar,355.38359909859525,measured
Landolt_Para_Comp_801,LP801,molar,31.863489066115953,measured
Landolt_Para_Comp_2611,LP2611,molar,177.5322673696271,measured
Landolt_Para_Comp_4162,LP4162,molar,46.42995170630963,measured
Landolt_Dia_Comp_3460,LD3460,molar,-54.203075824246696,measured
Landolt_Dia_Comp_3330,LD3330,molar,-74.48782106897593,measured
Landolt_Para_Comp_988,LP988,molar,102.23497316589301,measured
Landolt_Para_Comp_1619,LP1619,molar,205.84078659749449,measured
Landolt_Dia_Comp_4946,LD4946,molar,-71.56437429056226,measured
Landolt_Dia_Comp_1803,LD1803,molar,-77.22074107338614,measured
Landolt_Para_Comp_169,LP169,molar,150.68428239636623,measured
Landolt_Para_Comp_1901,LP1901,molar,149.7167098812981,measured
Landolt_Dia_Comp_1068,LD1068,molar,-70.48670473198747,measured
Landolt_Dia_Comp_1286,LD1286,molar,-35.695458823889965,measured
Landolt_Dia_Comp_5452,LD5452,molar,-68.5120584139488,measured
Landolt_Dia_Comp_3199,LD3199,molar,-8.837850858991942,measured
Landolt_Dia_Comp_5122,LD5122,molar,-67.40393222056564,measured
Landolt_Para_Comp_4934,LP4934,molar,19.109562726832237,measured
Landolt_Dia_Comp_3286,LD3286,molar,-79.06734137538166,measured
Landolt_Para_Comp_4168,LP4168,molar,20.728352831324017,measured
Landolt_Dia_Comp_2463,LD2463,molar,-36.52203016005231,measured
Landolt_Dia_Comp_1730,LD1730,molar,-30.00257465519763,measured
Landolt_Dia_Comp_1936,LD1936,molar,-43.90045822797262,measured
Landolt_Dia_Comp_5155,LD5155,molar,-66.02794036620588,measured
Landolt_Para_Comp_4589,LP4589,molar,54.31648023608709,measured
Landolt_Para_Comp_2064,LP2064,molar,18.395862128200925,measured
Landolt_Para_Comp_3430,LP3430,molar,225.29063950343007,measured
Landolt_Dia_Comp_1145,LD1145,molar,-49.98213901081237,measured
Landolt_Dia_Comp_1139,LD1139,molar,-70.6040198237516,measured
Landolt_Dia_Comp_1023,LD1023,molar,-65.12668355351195,measured
Landolt_Para_Comp_4312,LP4312,molar,47.93890205819764,measured
Landolt_Para_Comp_2406,LP2406,molar,14.472958667473478,measured
Landolt_Dia_Comp_3736,LD3736,molar,-86.31670699111824,measured
Landolt_Para_Comp_1856,LP1856,molar,486.48308422993244,measured
Landolt_Dia_Comp_1021,LD1021,molar,-24.8323350704208,measured
Landolt_Para_Comp_1027,LP1027,molar,12.313525976447343,measured
Landolt_Dia_Comp_4835,LD4835,molar,-69.9019669463426,measured
Landolt_Para_Comp_4542,LP4542,molar,246.1934924638852,measured
Landolt_Para_Comp_5030,LP5030,molar,11.752508764023423,measured
Landolt_Para_Comp_4340,LP4340,molar,87.64777219145049,measured
Landolt_Dia_Comp_1874,LD1874,molar,-40.82401988812893,measured
Landolt_Dia_Comp_2884,LD2884,molar,-55.10162717574863,measured
Landolt_Dia_Comp_4201,LD4201,molar,-74.04209660076721,measured
Landolt_Dia_Comp_1972,LD1972,molar,-8.234496800014497,measured
Landolt_Dia_Comp_1559,LD1559,molar,-21.889460066871465,measured
Landolt_Dia_Comp_3585,LD3585,molar,-54.5394825049026,measured
Landolt_Dia_Comp_4794,LD4794,molar,-63.08344480340037,measured
Landolt_Dia_Comp_1307,LD1307,molar,-51.578146324858736,measured
Landolt_Dia_Comp_4186,LD4186,molar,-8.492559433481482,measured
Landolt_Dia_Comp_2838,LD2838,molar,-55.39305053827044,measured
Landolt_Dia_Comp_5133,LD5133,molar,-17.669602439680418,measured
Landolt_Dia_Comp_217,LD217,molar,-71.68519198833258,measured
Landolt_Para_Comp_3714,LP3714,molar,29.220968055984226,measured
Landolt_Dia_Comp_4653,LD4653,molar,-49.270591691863075,measured
Landolt_Dia_Comp_5591,LD5591,molar,-22.560654862731703,measured
Landolt_Para_Comp_4233,LP4233,molar,289.4932067797756,measured
Landolt_Dia_Comp_3562,LD3562,molar,-4.6631530601712115,measured
Landolt_Para_Comp_664,LP664,molar,348.5231687141114,measured
Landolt_Para_Comp_3936,LP3936,molar,133.67859915100775,measured
Landolt_Dia_Comp_779,LD779,molar,-85.02633894284827,measured
Landolt_Dia_Comp_3071,LD3071,molar,-56.88821539333932,measured
Landolt_Para_Comp_617,LP617,molar,317.566870794491,measured
Landolt_Dia_Comp_916,LD916,molar,-84.63014369180314,measured
Landolt_Para_Comp_4082,LP4082,molar,49.69320551020855,measured
Landolt_Para_Comp_1535,LP1535,molar,294.5380806855644,measured
Landolt_Para_Comp_5580,LP5580,molar,466.4995363269538,measured
Landolt_Dia_Comp_4994,LD4994,molar,-66.204961938834,measured
Landolt_Para_Comp_3083,LP3083,molar,122.19713612329518,measured
Landolt_Dia_Comp_2970,LD2970,molar,-75.02965003358636,measured
Landolt_Para_Comp_1448,LP1448,molar,120.36302918600283,measured
Landolt_Dia_Comp_5571,LD5571,molar,-19.02355478144331,measured
Landolt_Para_Comp_3356,LP3356,molar,75.08885196610714,measured
Landolt_Dia_Comp_2028,LD2028,molar,-48.49160660323159,measured
Landolt_Dia_Comp_2446,LD2446,molar,-56.262075532721354,measured
Landolt_Dia_Comp_2472,LD2472,molar,-30.488920288466744,measured
Landolt_Dia_Comp_1060,LD1060,molar,-47.85357997727294,measured
Landolt_Dia_Comp_4767,LD4767,molar,-20.129496832170805,measured
Landolt_Dia_Comp_4486,LD4486,molar,-28.707426942797927,measured
Landolt_Para_Comp_2144,LP2144,molar,36.836087625502216,measured
Landolt_Dia_Comp_2033,LD2033,molar,-75.03079528974959,measured
Landolt_Para_Comp_4275,LP4275,molar,369.97201897533324,measured
Landolt_Dia_Comp_495,LD495,molar,-42.85418465036132,measured
Landolt_Dia_Comp_2313,LD2313,molar,-64.10684157461105,measured
Landolt_Para_Comp_2909,LP2909,molar,20.016140367553604,measured
Landolt_Para_Comp_2392,LP2392,molar,28.19996546480286,measured
Landolt_Para_Comp_4174,LP4174,molar,231.45120924844602,measured
Landolt_Dia_Comp_4431,LD4431,molar,-52.7847611799614,measured
Landolt_Para_Comp_138,LP138,molar,17.16804398223265,measured
Landolt_Dia_Comp_2436,LD2436,molar,-70.55249358831301,measured
Landolt_Dia_Comp_282,LD282,molar,-65.80587692991197,measured
Landolt_Dia_Comp_1389,LD1389,molar,-63.72966809992672,measured
Landolt_Para_Comp_3306,LP3306,molar,210.514398546635,measured
Landolt_Dia_Comp_1702,LD1702,molar,-39.839811908734646,measured
Landolt_Dia_Comp_3194,LD3194,molar,-62.20154628181353,measured
Landolt_Dia_Comp_244,LD244,molar,-42.85155493338784,measured
Landolt_Para_Comp_1848,LP1848,molar,35.015516446109665,measured
Landolt_Para_Comp_3082,LP3082,molar,296.0749817300229,measured
Landolt_Dia_Comp_4076,LD4076,molar,-72.3372006115617,measured
Landolt_Para_Comp_1713,LP1713,molar,62.76435286144012,measured
Landolt_Dia_Comp_3042,LD3042,molar,-58.91683793667896,measured
Landolt_Para_Comp_591,LP591,molar,91.15173881438538,measured
Landolt_Para_Comp_742,LP742,molar,37.043381141060564,measured
Landolt_Para_Comp_4491,LP4491,molar,402.8856131772618,measured
Landolt_Dia_Comp_3312,LD3312,molar,-44.83385591518411,measured
Landolt_Para_Comp_5732,LP5732,molar,10.120882561493703,measured
Landolt_Para_Comp_5178,LP5178,molar,340.62292771040245,measured
Landolt_Para_Comp_2858,LP2858,molar,32.41825893235941,measured
Landolt_Para_Comp_3099,LP3099,molar,12.977692965451936,measured
Landolt_Dia_Comp_3800,LD3800,molar,-28.383714097680695,measured
Landolt_Para_Comp_1444,LP1444,molar,48.11700740502721,measured
Landolt_Dia_Comp_1257,LD1257,molar,-34.73377948542586,measured
Landolt_Para_Comp_2114,LP2114,molar,258.1875399605808,measured
Landolt_Dia_Comp_1027,LD1027,molar,-29.31160599707931,measured
Landolt_Para_Comp_4469,LP4469,molar,302.692935451342,measured
Landolt_Para_Comp_2871,LP2871,molar,17.99040952570556,measured
Landolt_Dia_Comp_5171,LD5171,molar,-32.65180812169566,measured
Landolt_Dia_Comp_5867,LD5867,molar,-67.40433196140701,measured
Landolt_Dia_Comp_173,LD173,molar,-22.20301438362194,measured
Landolt_Para_Comp_4180,LP4180,molar,110.85216696836123,measured
Landolt_Dia_Comp_1359,LD1359,molar,-47.55841643959459,measured
Landolt_Para_Comp_1757,LP1757,molar,25.45377843511565,measured
Landolt_Para_Comp_2278,LP2278,molar,512.3289136342627,measured
Landolt_Dia_Comp_1940,LD1940,molar,-56.395065440043275,measured
Landolt_Para_Comp_992,LP992,molar,152.7747196046551,measured
Landolt_Dia_Comp_1795,LD1795,molar,-31.890785828199903,measured
Landolt_Para_Comp_4156,LP4156,molar,123.10430828746264,measured
Landolt_Dia_Comp_369,LD369,molar,-55.816280545266864,measured
Landolt_Para_Comp_914,LP914,molar,466.46629960908444,measured
Landolt_Dia_Comp_940,LD940,molar,-38.52171223210067,measured
Landolt_Dia_Comp_837,LD837,molar,-36.82745152773628,measured
Landolt_Dia_Comp_3482,LD3482,molar,-48.95865707562009,measured
Landolt_Dia_Comp_73,LD73,molar,-44.37297920138943,measured
Landolt_Para_Comp_1744,LP1744,molar,55.626993536822,measured
Landolt_Para_Comp_4560,LP4560,molar,120.7648243837817,measured
Landolt_Para_Comp_5283,LP5283,molar,290.85852136974916,measured
Landolt_Para_Comp_718,LP718,molar,201.62032877567145,measured
Landolt_Para_Comp_1350,LP1350,molar,419.5337229168686,measured
Landolt_Dia_Comp_5241,LD5241,molar,-20.28749095299706,measured
Landolt_Para_Comp_1474,LP1474,molar,211.362255940016,measured
Landolt_Dia_Comp_707,LD707,molar,-61.64983550153621,measured
Landolt_Para_Comp_3971,LP3971,molar,169.7847187535415,measured
Landolt_Para_Comp_5500,LP5500,molar,10.480616894030929,measured
Landolt_Dia_Comp_5325,LD5325,molar,-76.62200602654869,measured
Landolt_Para_Comp_4844,LP4844,molar,251.13755913668928,measured
Landolt_Para_Comp_2610,LP2610,molar,61.16658742748241,measured
Landolt_Dia_Comp_2286,LD2286,molar,-9.410517636808471,measured
Landolt_Para_Comp_2172,LP2172,molar,173.66902807607184,measured
Landolt_Dia_Comp_3478,LD3478,molar,-65.6237827611456,measured
Landolt_Para_Comp_1406,LP1406,molar,45.727417299397196,measured
Landolt_Dia_Comp_4989,LD4989,molar,-1.0,measured
Landolt_Dia_Comp_466,LD466,molar,-69.07656738480729,measured
Landolt_Para_Comp_1062,LP1062,molar,97.0855451397751,measured
Landolt_Para_Comp_201,LP201,molar,564.0195491520485,measured
Landolt_Dia_Comp_3475,LD3475,molar,-36.21894400074691,measured
Landolt_Dia_Comp_1467,LD1467,molar,-28.12525015996464,measured
Landolt_Para_Comp_5419,LP5419,molar,21.541747989773654,measured
Landolt_Para_Comp_1293,LP1293,molar,98.2492583236241,measured
Landolt_Para_Comp_5620,LP5620,molar,15.163984666701895,measured
Landolt_Dia_Comp_5976,LD5976,molar,-72.82429551643503,measured
Landolt_Dia_Comp_1896,LD1896,molar,-75.34107687630096,measured
Landolt_Dia_Comp_3795,LD3795,molar,-64.64574393977813,measured
Landolt_Dia_Comp_3419,LD3419,molar,-41.733552110403394,measured
Landolt_Para_Comp_4621,LP4621,molar,24.32770030565795,measured
Landolt_Dia_Comp_5499,LD5499,molar,-45.384313117060195,measured
Landolt_Para_Comp_1399,LP1399,molar,10.273424660848352,measured
Landolt_Dia_Comp_2589,LD2589,molar,-98.93419238644421,measured
Landolt_Dia_Comp_3540,LD3540,molar,-50.198050103792134,measured
Landolt_Para_Comp_773,LP773,molar,47.605153031910305,measured
Landolt_Para_Comp_5861,LP5861,molar,150.20915542888721,measured
Landolt_Para_Comp_297,LP297,molar,46.52586226755455,measured
Landolt_Dia_Comp_1753,LD1753,molar,-21.78899470172223,measured
Landolt_Dia_Comp_1296,LD1296,molar,-53.963589776890984,measured
Landolt_Para_Comp_5489,LP5489,molar,62.34578797307819,measured
Landolt_Para_Comp_4383,LP4383,molar,15.799687710062148,measured
Landolt_Para_Comp_5484,LP5484,molar,116.23077119621001,measured
Landolt_Dia_Comp_216,LD216,molar,-54.76050813619482,measured
Landolt_Para_Comp_4975,LP4975,molar,86.40746805501767,measured
Landolt_Dia_Comp_4194,LD4194,molar,-87.18553313951446,measured
Landolt_Dia_Comp_460,LD460,molar,-73.72625364947035,measured
Landolt_Para_Comp_4485,LP4485,molar,125.48833597194309,measured
Landolt_Dia_Comp_909,LD909,molar,-43.15745578502133,measured
Landolt_Para_Comp_3990,LP3990,molar,235.6841653449006,measured
Landolt_Para_Comp_1723,LP1723,molar,130.30536149259794,measured
Landolt_Para_Comp_2334,LP2334,molar,112.82921559106158,measured
Landolt_Dia_Comp_4450,LD4450,molar,-21.070768532659212,measured
Landolt_Dia_Comp_3268,LD3268,molar,-71.35533604828473,measured
Landolt_Dia_Comp_3321,LD3321,molar,-69.07981158042713,measured
Landolt_Para_Comp_5538,LP5538,molar,95.38093683551085,measured
Landolt_Dia_Comp_1419,LD1419,molar,-56.126836787590186,measured
Landolt_Dia_Comp_5177,LD5177,molar,-66.49398781747328,measured
Landolt_Dia_Comp_5575,LD5575,molar,-35.97112287627305,measured
Landolt_Dia_Comp_3294,LD3294,molar,-42.215484797417595,measured
Landolt_Para_Comp_5299,LP5299,molar,14.780246429874008,measured
Landolt_Para_Comp_5965,LP5965,molar,341.28435300391743,measured
Landolt_Para_Comp_5879,LP5879,molar,31.57688785735563,measured
Landolt_Dia_Comp_1781,LD1781,molar,-68.40724627775211,measured
Landolt_Dia_Comp_5721,LD5721,molar,-61.35474237364837,measured
Landolt_Dia_Comp_1364,LD1364,molar,-18.315430051483172,measured
Landolt_Para_Comp_3525,LP3525,molar,51.118306017902064,measured
Landolt_Para_Comp_1709,LP1709,molar,138.00188665272668,measured
Landolt_Para_Comp_5798,LP5798,molar,56.565115010797584,measured
Landolt_Dia_Comp_4532,LD4532,molar,-68.58864342469163,measured
Landolt_Para_Comp_5755,LP5755,molar,74.90741855847644,measured
Landolt_Dia_Comp_3233,LD3233,molar,-73.2907553102601,measured
Landolt_Para_Comp_5344,LP5344,molar,48.973049471715164,measured
Landolt_Para_Comp_4765,LP4765,molar,10.137613643307413,measured
Landolt_Para_Comp_4879,LP4879,molar,144.71460975852517,measured
Landolt_Para_Comp_3482,LP3482,molar,121.48552049226637,measured
Landolt_Para_Comp_5551,LP5551,molar,209.2309279082036,measured
Landolt_Dia_Comp_670,LD670,molar,-42.273218339185696,measured
Landolt_Para_Comp_5594,LP5594,molar,37.61883243308594,measured
Landolt_Para_Comp_776,LP776,molar,120.69170346784645,measured
Landolt_Para_Comp_3419,LP3419,molar,89.3253192597364,measured
Landolt_Para_Comp_381,LP381,molar,13.854370318112588,measured
Landolt_Para_Comp_4602,LP4602,molar,484.56635946109066,measured
Landolt_Dia_Comp_614,LD614,molar,-43.0889630920819,measured
Landolt_Dia_Comp_1289,LD1289,molar,-80.62590299126029,measured
Landolt_Dia_Comp_4432,LD4432,molar,-65.10601129953874,measured
Landolt_Para_Comp_999,LP999,molar,18.464487792364395,measured
Landolt_Dia_Comp_1287,LD1287,molar,-42.68372659460571,measured
Landolt_Para_Comp_3895,LP3895,molar,40.71442798847754,measured
Landolt_Para_Comp_4730,LP4730,molar,36.05885997220784,measured
Landolt_Dia_Comp_1805,LD1805,molar,-83.02270453280418,measured
Landolt_Para_Comp_4167,LP4167,molar,74.6010492620857,measured
Landolt_Dia_Comp_1441,LD1441,molar,-54.6157467976422,measured
Landolt_Dia_Comp_2539,LD2539,molar,-63.713453039463246,measured
Landolt_Dia_Comp_5182,LD5182,molar,-74.6542752670587,measured
Landolt_Dia_Comp_3799,LD3799,molar,-60.2270487888506,measured
Landolt_Para_Comp_5367,LP5367,molar,174.2757542183468,measured
Landolt_Para_Comp_3784,LP3784,molar,105.24987146957524,measured
Landolt_Dia_Comp_952,LD952,molar,-49.474087585278305,measured
Landolt_Dia_Comp_1242,LD1242,molar,-60.50130918796146,measured
Landolt_Para_Comp_4965,LP4965,molar,132.9964231653297,measured
Landolt_Dia_Comp_5476,LD5476,molar,-56.35402885147045,measured
Landolt_Para_Comp_3698,LP3698,molar,148.48880803685546,measured
Landolt_Dia_Comp_175,LD175,molar,-83.02138934982948,measured
Landolt_Dia_Comp_1355,LD1355,molar,-64.341804338607,measured
Landolt_Para_Comp_4199,LP4199,molar,163.00261603531746,measured
Landolt_Dia_Comp_4420,LD4420,molar,-62.072658370245854,measured
Landolt_Dia_Comp_3555,LD3555,molar,-27.530132816387002,measured
Landolt_Dia_Comp_2846,LD2846,molar,-45.625857369194684,measured
Landolt_Para_Comp_3090,LP3090,molar,278.99750168996064,measured
Landolt_Para_Comp_2796,LP2796,molar,28.25265928763203,measured
Landolt_Dia_Comp_63,LD63,molar,-90.00515927529639,measured
Landolt_Para_Comp_4651,LP4651,molar,227.01578199113695,measured
Landolt_Dia_Comp_3522,LD3522,molar,-42.24078174358635,measured
Landolt_Dia_Comp_901,LD901,molar,-50.74893602217705,measured
Landolt_Dia_Comp_4737,LD4737,molar,-64.47554431529461,measured
Landolt_Dia_Comp_5388,LD5388,molar,-63.48043730642315,measured
Landolt_Dia_Comp_739,LD739,molar,-52.57778542911066,measured
Landolt_Para_Comp_3337,LP3337,molar,63.86815489078819,measured
Landolt_Dia_Comp_938,LD938,molar,-73.29260286320837,measured
Landolt_Dia_Comp_2578,LD2578,molar,-24.917607034768782,measured
Landolt_Para_Comp_316,LP316,molar,176.13876425876424,measured
Landolt_Dia_Comp_4668,LD4668,molar,-59.256129126409014,measured
Landolt_Dia_Comp_1780,LD1780,molar,-59.319127370073886,measured
Landolt_Dia_Comp_5235,LD5235,molar,-35.98552992532454,measured
Landolt_Para_Comp_5487,LP5487,molar,50.24268668221472,measured
Landolt_Dia_Comp_5868,LD5868,molar,-63.19293832586185,measured
Landolt_Dia_Comp_3303,LD3303,molar,-10.571133278625297,measured
Landolt_Para_Comp_2291,LP2291,molar,188.99796312243282,measured
Landolt_Para_Comp_4998,LP4998,molar,23.442096241790622,measured
Landolt_Para_Comp_5304,LP5304,molar,137.56724852880768,measured
Landolt_Dia_Comp_3124,LD3124,molar,-43.105255493443515,measured
Landolt_Para_Comp_1749,LP1749,molar,612.5660597838006,measured
Landolt_Dia_Comp_1823,LD1823,molar,-64.10851766336681,measured
Landolt_Para_Comp_3291,LP3291,molar,136.43239286426427,measured
Landolt_Para_Comp_545,LP545,molar,81.79648794754424,measured
Landolt_Dia_Comp_4634,LD4634,molar,-42.922292662381004,measured
Landolt_Para_Comp_3012,LP3012,molar,210.6698181817883,measured
Landolt_Para_Comp_4918,LP4918,molar,183.96824091489137,measured
Landolt_Para_Comp_1864,LP1864,molar,171.56939228766277,measured
Landolt_Para_Comp_1339,LP1339,molar,112.08620425249296,measured
Landolt_Dia_Comp_2403,LD2403,molar,-85.8626292703033,measured
Landolt_Dia_Comp_5814,LD5814,molar,-66.16183825242653,measured
Landolt_Dia_Comp_2725,LD2725,molar,-68.52567585283573,measured
Landolt_Para_Comp_4425,LP4425,molar,122.05317152275103,measured
Landolt_Para_Comp_3571,LP3571,molar,58.647026177287394,measured
Landolt_Para_Comp_35,LP35,molar,73.80523879491554,measured
Landolt_Para_Comp_2585,LP2585,molar,21.06767493413357,measured
Landolt_Dia_Comp_5134,LD5134,molar,-36.30316846777411,measured
Landolt_Dia_Comp_3505,LD3505,molar,-38.798858324912835,measured
Landolt_Para_Comp_5085,LP5085,molar,105.88034242606166,measured
Landolt_Dia_Comp_122,LD122,molar,-40.80486142934998,measured
Landolt_Dia_Comp_5647,LD5647,molar,-27.6460863380553,measured
Landolt_Para_Comp_5096,LP5096,molar,20.744817898637486,measured
Landolt_Para_Comp_5558,LP5558,molar,338.3191191085862,measured
Landolt_Para_Comp_5333,LP5333,molar,193.9347882720152,measured
Landolt_Para_Comp_3280,LP3280,molar,46.280310844803935,measured
Landolt_Dia_Comp_40,LD40,molar,-69.98126575035343,measured
Landolt_Dia_Comp_1268,LD1268,molar,-69.74142480723802,measured
Landolt_Dia_Comp_3433,LD3433,molar,-49.905042227038535,measured
Landolt_Dia_Comp_5503,LD5503,molar,-38.88817914749007,measured
Landolt_Para_Comp_3463,LP3463,molar,164.01302949462556,measured
Landolt_Para_Comp_2478,LP2478,molar,25.80844077969055,measured
Landolt_Para_Comp_1060,LP1060,molar,58.326354602872776,measured
Landolt_Dia_Comp_3335,LD3335,molar,-47.019195236225954,measured
Landolt_Para_Comp_4891,LP4891,molar,29.63808379245027,measured
Landolt_Para_Comp_1207,LP1207,molar,333.01081219660887,measured
Landolt_Dia_Comp_4673,LD4673,molar,-1.0,measured
Landolt_Dia_Comp_1159,LD1159,molar,-68.74525686122247,measured
Landolt_Dia_Comp_5780,LD5780,molar,-39.2168467020408,measured
Landolt_Dia_Comp_4081,LD4081,molar,-48.16165964806119,measured
Landolt_Para_Comp_863,LP863,molar,95.83417490993303,measured
Landolt_Dia_Comp_187,LD187,molar,-61.13865884334051,measured
Landolt_Para_Comp_2464,LP2464,molar,118.31712480015204,measured
Landolt_Para_Comp_1471,LP1471,molar,51.828633025505894,measured
Landolt_Dia_Comp_3439,LD3439,molar,-67.0079339260557,measured
Landolt_Para_Comp_5199,LP5199,molar,55.76070898882266,measured
Landolt_Para_Comp_3789,LP3789,molar,103.850344263053,measured
Landolt_Dia_Comp_3884,LD3884,molar,-72.36980697999861,measured
Landolt_Dia_Comp_4206,LD4206,molar,-46.59987669331274,measured
Landolt_Dia_Comp_1706,LD1706,molar,-60.71620355682827,measured
Landolt_Para_Comp_2595,LP2595,molar,116.379591192801,measured
Landolt_Dia_Comp_5581,LD5581,molar,-34.77979672451036,measured
Landolt_Dia_Comp_2833,LD2833,molar,-47.2808198194685,measured
Landolt_Dia_Comp_3372,LD3372,molar,-41.68892415603226,measured
Landolt_Para_Comp_1733,LP1733,molar,127.18956266923932,measured
Landolt_Dia_Comp_5839,LD5839,molar,-63.68506847410871,measured
Landolt_Dia_Comp_1124,LD1124,molar,-73.62537697156523,measured
Landolt_Dia_Comp_3395,LD3395,molar,-66.35738579347137,measured
Landolt_Dia_Comp_4542,LD4542,molar,-39.68773969446589,measured
Landolt_Para_Comp_2900,LP2900,molar,315.2380706169077,measured
Landolt_Dia_Comp_4251,LD4251,molar,-21.598239948479872,measured
Landolt_Dia_Comp_3319,LD3319,molar,-46.90289688056105,measured
Landolt_Para_Comp_4083,LP4083,molar,57.19466634194109,measured
Landolt_Dia_Comp_5128,LD5128,molar,-65.09761756296774,measured
Landolt_Dia_Comp_3245,LD3245,molar,-60.20623048102058,measured
Landolt_Para_Comp_2856,LP2856,molar,246.87923734668706,measured
Landolt_Dia_Comp_1385,LD1385,molar,-33.346755838899746,measured
Landolt_Para_Comp_382,LP382,molar,259.6119005002888,measured
Landolt_Dia_Comp_5395,LD5395,molar,-56.55144458680277,measured
Landolt_Dia_Comp_81,LD81,molar,-46.10520856410172,measured
Landolt_Para_Comp_1985,LP1985,molar,163.22505885111468,measured
Landolt_Para_Comp_3279,LP3279,molar,80.30543503831383,measured
Landolt_Para_Comp_3421,LP3421,molar,55.63966461212095,measured
Landolt_Dia_Comp_1556,LD1556,molar,-64.02091281888242,measured
Landolt_Para_Comp_5793,LP5793,molar,32.08045306794435,measured
Landolt_Dia_Comp_5759,LD5759,molar,-38.26720895396772,measured
Landolt_Dia_Comp_3548,LD3548,molar,-63.31212743835542,measured
Landolt_Dia_Comp_3818,LD3818,molar,-65.91670727832299,measured
Landolt_Para_Comp_4106,LP4106,molar,49.80483790460285,measured
Landolt_Para_Comp_2216,LP2216,molar,276.74033435071897,measured
Landolt_Dia_Comp_4329,LD4329,molar,-81.3037182818245,measured
Landolt_Dia_Comp_1401,LD1401,molar,-46.884431078136124,measured
Landolt_Dia_Comp_3428,LD3428,molar,-51.474738946131865,measured
Landolt_Para_Comp_4664,LP4664,molar,102.97853608238437,measured
Landolt_Para_Comp_957,LP957,molar,260.4151990585516,measured
Landolt_Dia_Comp_3601,LD3601,molar,-29.970812152406854,measured
Landolt_Para_Comp_4862,LP4862,molar,188.8542487904124,measured
Landolt_Dia_Comp_3920,LD3920,molar,-28.19718745181657,measured
Landolt_Dia_Comp_5310,LD5310,molar,-38.92924298399769,measured
Landolt_Dia_Comp_241,LD241,molar,-53.2964748119246,measured
Landolt_Para_Comp_313,LP313,molar,59.321701453511054,measured
Landolt_Dia_Comp_2952,LD2952,molar,-28.699689555547366,measured
Landolt_Dia_Comp_1776,LD1776,molar,-62.67180425425121,measured
Landolt_Dia_Comp_3523,LD3523,molar,-70.36627022913864,measured
Landolt_Dia_Comp_117,LD117,molar,-1.0,measured
Landolt_Dia_Comp_355,LD355,molar,-43.452560603495776,measured
Landolt_Dia_Comp_3246,LD3246,molar,-54.41422091097784,measured
Landolt_Dia_Comp_956,LD956,molar,-58.019677638800914,measured
Landolt_Dia_Comp_3868,LD3868,molar,-47.87540979775497,measured
Landolt_Para_Comp_658,LP658,molar,43.55178750242041,measured
Landolt_Dia_Comp_3671,LD3671,molar,-68.3065057385223,measured
Landolt_Dia_Comp_3900,LD3900,molar,-42.79679921915203,measured
Landolt_Para_Comp_5444,LP5444,molar,21.166960934747898,measured
Landolt_Para_Comp_1663,LP1663,molar,154.14867743838474,measured
Landolt_Para_Comp_1879,LP1879,molar,39.44713163434402,measured
Landolt_Para_Comp_4636,LP4636,molar,41.43440570112165,measured
Landolt_Para_Comp_1869,LP1869,molar,140.8949907148473,measured
Landolt_Para_Comp_5616,LP5616,molar,276.8143864595632,measured
Landolt_Para_Comp_3782,LP3782,molar,253.22736827575878,measured
Landolt_Para_Comp_5884,LP5884,molar,119.94992320385678,measured
Landolt_Dia_Comp_2192,LD2192,molar,-80.41293440491782,measured
Landolt_Dia_Comp_3363,LD3363,molar,-41.72727098556396,measured
Landolt_Para_Comp_669,LP669,molar,19.236246064146393,measured
Landolt_Dia_Comp_4872,LD4872,molar,-36.65675088030687,measured
Landolt_Para_Comp_4593,LP4593,molar,179.30203228611873,measured
Landolt_Para_Comp_2830,LP2830,molar,64.58770594210145,measured
Landolt_Dia_Comp_1735,LD1735,molar,-71.9133235317234,measured
Landolt_Dia_Comp_5702,LD5702,molar,-37.006371354971606,measured
Landolt_Dia_Comp_4243,LD4243,molar,-19.53334363745563,measured
Landolt_Dia_Comp_1965,LD1965,molar,-56.74461678671891,measured
Landolt_Dia_Comp_5954,LD5954,molar,-73.19358300477015,measured
Landolt_Dia_Comp_2250,LD2250,molar,-75.24926688980979,measured
Landolt_Para_Comp_3398,LP3398,molar,29.216173783702846,measured
Landolt_Dia_Comp_4720,LD4720,molar,-56.149027841409435,measured
Landolt_Dia_Comp_5744,LD5744,molar,-52.361160219431056,measured
Landolt_Dia_Comp_3984,LD3984,molar,-87.8828403336191,measured
Landolt_Para_Comp_3331,LP3331,molar,174.2774414573526,measured
Landolt_Dia_Comp_1062,LD1062,molar,-43.63024369549768,measured
Landolt_Dia_Comp_4103,LD4103,molar,-29.714074343440245,measured
Landolt_Para_Comp_1441,LP1441,molar,274.24962095862566,measured
Landolt_Dia_Comp_5919,LD5919,molar,-76.16869066672521,measured
Landolt_Dia_Comp_3201,LD3201,molar,-29.828121952366182,measured
Landolt_Para_Comp_5141,LP5141,molar,257.2624927067536,measured
Landolt_Para_Comp_2125,LP2125,molar,64.55243972011598,measured
Landolt_Dia_Comp_2468,LD2468,molar,-8.223331007110765,measured
Landolt_Dia_Comp_1487,LD1487,molar,-29.751056620858197,measured
Landolt_Dia_Comp_2818,LD2818,molar,-72.46640167472583,measured
Landolt_Para_Comp_1434,LP1434,molar,44.55303762217836,measured
Landolt_Para_Comp_408,LP408,molar,144.64499729654278,measured
Landolt_Dia_Comp_1176,LD1176,molar,-52.868235637841416,measured
Landolt_Dia_Comp_502,LD502,molar,-46.188693250811056,measured
Landolt_Dia_Comp_645,LD645,molar,-98.06535098153942,measured
Landolt_Para_Comp_4279,LP4279,molar,56.151608055236714,measured
Landolt_Para_Comp_1655,LP1655,molar,578.6005705999856,measured
Landolt_Dia_Comp_5264,LD5264,molar,-37.71176521628142,measured
Landolt_Dia_Comp_1344,LD1344,molar,-48.539727518382804,measured
Landolt_Dia_Comp_277,LD277,molar,-66.29535627224861,measured
Landolt_Dia_Comp_2097,LD2097,molar,-3.212127601502928,measured
Landolt_Dia_Comp_4183,LD4183,molar,-64.5676245903733,measured
Landolt_Dia_Comp_859,LD859,molar,-39.12175413692667,measured
Landolt_Para_Comp_3960,LP3960,molar,225.9180752384331,measured
Landolt_Para_Comp_2804,LP2804,molar,100.0069831655688,measured
Landolt_Para_Comp_92,LP92,molar,157.12186264518965,measured
Landolt_Para_Comp_308,LP308,molar,464.484996380894,measured
Landolt_Dia_Comp_358,LD358,molar,-29.304441119816754,measured
Landolt_Dia_Comp_5720,LD5720,molar,-20.86826276118025,measured
Landolt_Para_Comp_697,LP697,molar,29.630054700300715,measured
Landolt_Dia_Comp_5606,LD5606,molar,-20.050819862533714,measured
Landolt_Dia_Comp_1006,LD1006,molar,-57.547658795694026,measured
Landolt_Para_Comp_972,LP972,molar,444.81617668322406,measured
Landolt_Dia_Comp_5953,LD5953,molar,-49.69351977377032,measured
Landolt_Dia_Comp_720,LD720,molar,-63.57932830487939,measured
Landolt_Para_Comp_4840,LP4840,molar,124.00708393105766,measured
Landolt_Para_Comp_5573,LP5573,molar,239.59017344696926,measured
Landolt_Dia_Comp_5580,LD5580,molar,-77.3904599373073,measured
Landolt_Dia_Comp_4592,LD4592,molar,-69.5982015199236,measured
Landolt_Para_Comp_1748,LP1748,molar,199.41044514335698,measured
Landolt_Para_Comp_614,LP614,molar,223.03946910373156,measured
Landolt_Dia_Comp_3310,LD3310,molar,-49.64823657300376,measured
Landolt_Para_Comp_1519,LP1519,molar,189.19491166331414,measured
Landolt_Dia_Comp_1356,LD1356,molar,-77.3357634253076,measured
Landolt_Para_Comp_4693,LP4693,molar,94.47979984725752,measured
Landolt_Para_Comp_939,LP939,molar,158.78142839761531,measured
Landolt_Para_Comp_2896,LP2896,molar,326.41744705885674,measured
Landolt_Para_Comp_4776,LP4776,molar,49.94011824541358,measured
Landolt_Para_Comp_631,LP631,molar,256.14191556930746,measured
Landolt_Para_Comp_2223,LP2223,molar,61.38166794000749,measured
Landolt_Dia_Comp_4382,LD4382,molar,-57.66448662112652,measured
Landolt_Para_Comp_1832,LP1832,molar,33.327635025331915,measured
Landolt_Dia_Comp_4221,LD4221,molar,-49.79002848127432,measured
Landolt_Dia_Comp_1459,LD1459,molar,-9.944413774956757,measured
Landolt_Dia_Comp_3880,LD3880,molar,-23.99207783405533,measured
Landolt_Para_Comp_1086,LP1086,molar,112.57028629705705,measured
Landolt_Dia_Comp_4549,LD4549,molar,-67.66746809187634,measured
Landolt_Dia_Comp_399,LD399,molar,-110.35614995725987,measured
Landolt_Para_Comp_1648,LP1648,molar,76.15398913437292,measured
Landolt_Dia_Comp_2767,LD2767,molar,-36.12220069655793,measured
Landolt_Dia_Comp_557,LD557,molar,-41.54589928786948,measured
Landolt_Para_Comp_1754,LP1754,molar,98.01719407221337,measured
Landolt_Para_Comp_5255,LP5255,molar,375.1605105870824,measured
Landolt_Dia_Comp_5157,LD5157,molar,-42.76368887844371,measured
Landolt_Dia_Comp_4953,LD4953,molar,-28.24285751238158,measured
Landolt_Dia_Comp_1594,LD1594,molar,-44.156614590654996,measured
Landolt_Para_Comp_4817,LP4817,molar,151.79436190934993,measured
Landolt_Dia_Comp_5724,LD5724,molar,-38.11620426029621,measured
Landolt_Para_Comp_5355,LP5355,molar,252.82784480043574,measured
Landolt_Dia_Comp_5943,LD5943,molar,-52.03663150621836,measured
Landolt_Para_Comp_5445,LP5445,molar,91.36656864860488,measured
Landolt_Para_Comp_5730,LP5730,molar,109.33859624136844,measured
Landolt_Para_Comp_1883,LP1883,molar,117.25558908980727,measured
Landolt_Para_Comp_1894,LP1894,molar,366.950863409411,measured
Landolt_Para_Comp_5632,LP5632,molar,131.71434155939323,measured
Landolt_Dia_Comp_3121,LD3121,molar,-42.26666571979971,measured
Landolt_Para_Comp_2111,LP2111,molar,38.61742056723764,measured
Landolt_Dia_Comp_2588,LD2588,molar,-41.94034966472345,measured
Landolt_Dia_Comp_1320,LD1320,molar,-50.96425271393669,measured
Landolt_Para_Comp_5342,LP5342,molar,54.448436742032975,measured
Landolt_Dia_Comp_4934,LD4934,molar,-61.574559540812224,measured
Landolt_Dia_Comp_1656,LD1656,molar,-41.62447447618606,measured
Landolt_Dia_Comp_1895,LD1895,molar,-58.746010693585646,measured
Landolt_Para_Comp_3133,LP3133,molar,243.10203308999613,measured
Landolt_Dia_Comp_5291,LD5291,molar,-36.233002470695055,measured
Landolt_Dia_Comp_3560,LD3560,molar,-45.3483790575088,measured
Landolt_Para_Comp_5,LP5,molar,101.89799462466371,measured
Landolt_Para_Comp_1043,LP1043,molar,108.5234229235378,measured
Landolt_Para_Comp_135,LP135,molar,83.56605450553693,measured
Landolt_Dia_Comp_123,LD123,molar,-39.66621612986212,measured
Landolt_Para_Comp_1750,LP1750,molar,61.72413352530657,measured
Landolt_Para_Comp_4492,LP4492,molar,83.78222966355509,measured
Landolt_Dia_Comp_5882,LD5882,molar,-3.9936366317206478,measured
Landolt_Dia_Comp_354,LD354,molar,-70.78719256630227,measured
Landolt_Para_Comp_630,LP630,molar,85.18083116291271,measured
Landolt_Para_Comp_770,LP770,molar,183.40290538968733,measured
Landolt_Para_Comp_4581,LP4581,molar,624.4361188433128,measured
Landolt_Para_Comp_3273,LP3273,molar,142.0220964268618,measured
Landolt_Para_Comp_1453,LP1453,molar,275.4771090878243,measured
Landolt_Para_Comp_1687,LP1687,molar,55.09972741123904,measured
Landolt_Dia_Comp_4904,LD4904,molar,-52.885386647674736,measured
Landolt_Dia_Comp_5136,LD5136,molar,-39.59216961311171,measured
Landolt_Para_Comp_289,LP289,molar,33.9238482144108,measured
Landolt_Dia_Comp_3022,LD3022,molar,-30.712545206184604,measured
Landolt_Para_Comp_1961,LP1961,molar,57.57758867711945,measured
Landolt_Para_Comp_2162,LP2162,molar,504.8958693101042,measured
Landolt_Para_Comp_711,LP711,molar,431.3370825399589,measured
Landolt_Para_Comp_3004,LP3004,molar,46.83269806521541,measured
Landolt_Dia_Comp_4279,LD4279,molar,-31.34102010732998,measured
Landolt_Dia_Comp_2977,LD2977,molar,-74.12903911947798,measured
Landolt_Para_Comp_4806,LP4806,molar,91.17457784639493,measured
Landolt_Dia_Comp_5728,LD5728,molar,-2.99335241555886,measured
Landolt_Para_Comp_1389,LP1389,molar,167.46121374159395,measured
Landolt_Para_Comp_5466,LP5466,molar,33.85674821267401,measured
Landolt_Para_Comp_2838,LP2838,molar,467.75529556195477,measured
Landolt_Para_Comp_362,LP362,molar,331.3542178575258,measured
Landolt_Dia_Comp_926,LD926,molar,-76.76712977458637,measured
Landolt_Dia_Comp_5203,LD5203,molar,-79.62982570264037,measured
Landolt_Para_Comp_827,LP827,molar,112.23742345785423,measured
Landolt_Dia_Comp_3951,LD3951,molar,-78.97573123325138,measured
Landolt_Dia_Comp_2469,LD2469,molar,-44.29531059172285,measured
Landolt_Dia_Comp_2654,LD2654,molar,-91.04723261791133,measured
Landolt_Dia_Comp_1351,LD1351,molar,-73.9209095018014,measured
Landolt_Dia_Comp_4664,LD4664,molar,-73.1721587492189,measured
Landolt_Para_Comp_476,LP476,molar,182.45883010398148,measured
Landolt_Para_Comp_2483,LP2483,molar,28.220969762106257,measured
Landolt_Para_Comp_559,LP559,molar,446.62407823054747,measured
Landolt_Para_Comp_1956,LP1956,molar,11.371263781444874,measured
Landolt_Dia_Comp_880,LD880,molar,-28.927742704156486,measured
Landolt_Dia_Comp_128,LD128,molar,-46.48056930483935,measured
Landolt_Para_Comp_3063,LP3063,molar,56.74409003020868,measured
Landolt_Dia_Comp_689,LD689,molar,-38.10847328537335,measured
Landolt_Para_Comp_4077,LP4077,molar,25.809494987567838,measured
Landolt_Para_Comp_5788,LP5788,molar,209.08174055295333,measured
Landolt_Dia_Comp_3328,LD3328,molar,-66.15123867180725,measured
Landolt_Dia_Comp_524,LD524,molar,-54.092438683481035,measured
Landolt_Para_Comp_1721,LP1721,molar,53.04596647570102,measured
Landolt_Dia_Comp_3248,LD3248,molar,-34.62931685280199,measured
Landolt_Para_Comp_3862,LP3862,molar,31.63389377421925,measured
Landolt_Para_Comp_2525,LP2525,molar,160.4996312710863,measured
Landolt_Para_Comp_4145,LP4145,molar,101.77345410752584,measured
Landolt_Dia_Comp_3064,LD3064,molar,-79.12104925315893,measured
Landolt_Dia_Comp_5996,LD5996,molar,-64.38563595723656,measured
Landolt_Dia_Comp_4404,LD4404,molar,-22.170967274839427,measured
Landolt_Para_Comp_4982,LP4982,molar,17.65567448835543,measured
Landolt_Para_Comp_4733,LP4733,molar,38.271983936977755,measured
Landolt_Dia_Comp_5764,LD5764,molar,-33.92113775026951,measured
Landolt_Dia_Comp_687,LD687,molar,-27.61732793324855,measured
Landolt_Para_Comp_1318,LP1318,molar,208.10320004507514,measured
Landolt_Dia_Comp_4914,LD4914,molar,-57.17058510512655,measured
Landolt_Para_Comp_5346,LP5346,molar,201.018661856339,measured
Landolt_Dia_Comp_2636,LD2636,molar,-61.79839459980863,measured
Landolt_Para_Comp_2577,LP2577,molar,177.73489306357519,measured
Landolt_Para_Comp_4996,LP4996,molar,16.279922486917222,measured
Landolt_Para_Comp_3059,LP3059,molar,202.00420737680918,measured
Landolt_Para_Comp_552,LP552,molar,167.08689588598568,measured
Landolt_Dia_Comp_2081,LD2081,molar,-57.03287711182,measured
Landolt_Para_Comp_2612,LP2612,molar,256.3522315859004,measured
Landolt_Para_Comp_5869,LP5869,molar,68.10745090837557,measured
Landolt_Dia_Comp_1554,LD1554,molar,-7.230467478097033,measured
Landolt_Para_Comp_5495,LP5495,molar,22.65905731564458,measured
Landolt_Para_Comp_701,LP701,molar,338.75261338383547,measured
Landolt_Para_Comp_3438,LP3438,molar,79.49286979014029,measured
Landolt_Para_Comp_1753,LP1753,molar,61.975756463551086,measured
Landolt_Dia_Comp_4564,LD4564,molar,-82.71804081765096,measured
Landolt_Dia_Comp_2265,LD2265,molar,-32.745049482480056,measured
Landolt_Para_Comp_3019,LP3019,molar,201.29094573169857,measured
Landolt_Para_Comp_4868,LP4868,molar,14.377240315622657,measured
Landolt_Para_Comp_5234,LP5234,molar,294.6777000195936,measured
Landolt_Para_Comp_5848,LP5848,molar,50.65521601160366,measured
Landolt_Dia_Comp_1052,LD1052,molar,-17.978136860213418,measured
Landolt_Para_Comp_1153,LP1153,molar,15.597014845574982,measured
Landolt_Para_Comp_5724,LP5724,molar,147.41919773574807,measured
Landolt_Para_Comp_703,LP703,molar,174.83300990806023,measured
Landolt_Para_Comp_199,LP199,molar,91.35398161410659,measured
Landolt_Dia_Comp_2759,LD2759,molar,-100.01472250928508,measured
Landolt_Para_Comp_5679,LP5679,molar,21.323327354403148,measured
Landolt_Para_Comp_2053,LP2053,molar,87.43748511083119,measured
Landolt_Para_Comp_447,LP447,molar,388.91050080146965,measured
Landolt_Dia_Comp_5915,LD5915,molar,-44.90037599692513,measured
Landolt_Dia_Comp_928,LD928,molar,-78.47141553855386,measured
Landolt_Dia_Comp_2156,LD2156,molar,-35.55853661649367,measured
Landolt_Dia_Comp_2193,LD2193,molar,-81.59077871951163,measured
Landolt_Para_Comp_5330,LP5330,molar,36.170858144963475,measured
Landolt_Dia_Comp_2724,LD2724,molar,-67.85463639816054,measured
Landolt_Para_Comp_4717,LP4717,molar,153.8024344982054,measured
Landolt_Para_Comp_606,LP606,molar,506.33936001258616,measured
Landolt_Para_Comp_4622,LP4622,molar,117.20250462999668,measured
Landolt_Para_Comp_2691,LP2691,molar,121.79085621465626,measured
Landolt_Para_Comp_279,LP279,molar,39.55846962496743,measured
Landolt_Para_Comp_3150,LP3150,molar,191.6839938254889,measured
Landolt_Dia_Comp_4308,LD4308,molar,-71.26989702577846,measured
Landolt_Dia_Comp_708,LD708,molar,-41.0622075393623,measured
Landolt_Para_Comp_4490,LP4490,molar,401.70673642382644,measured
Landolt_Dia_Comp_5386,LD5386,molar,-29.603601176678506,measured
Landolt_Dia_Comp_5450,LD5450,molar,-66.499436623388,measured
Landolt_Para_Comp_590,LP590,molar,222.15487514192753,measured
Landolt_Para_Comp_4798,LP4798,molar,21.208667727081362,measured
Landolt_Dia_Comp_3863,LD3863,molar,-101.8804776090414,measured
Landolt_Para_Comp_5493,LP5493,molar,146.17576202111545,measured
Landolt_Para_Comp_2754,LP2754,molar,21.63121970174558,measured
Landolt_Dia_Comp_5427,LD5427,molar,-37.6756639223061,measured
Landolt_Para_Comp_412,LP412,molar,22.601446286974046,measured
Landolt_Dia_Comp_4322,LD4322,molar,-35.088201301403934,measured
Landolt_Para_Comp_4780,LP4780,molar,239.47309743460207,measured
Landolt_Para_Comp_531,LP531,molar,79.43627056671988,measured
Landolt_Dia_Comp_1342,LD1342,molar,-56.193281628662064,measured
Landolt_Dia_Comp_3860,LD3860,molar,-59.97041585503867,measured
Landolt_Dia_Comp_2769,LD2769,molar,-53.91777091822506,measured
Landolt_Para_Comp_2656,LP2656,molar,42.067049719263785,measured
Landolt_Para_Comp_3543,LP3543,molar,43.685407206508486,measured
Landolt_Dia_Comp_1844,LD1844,molar,-41.21842133195172,measured
Landolt_Dia_Comp_3717,LD3717,molar,-1.0,measured
Landolt_Para_Comp_5498,LP5498,molar,62.35091945668072,measured
Landolt_Para_Comp_4330,LP4330,molar,22.474927152602074,measured
Landolt_Dia_Comp_1390,LD1390,molar,-50.51977449019538,measured
Landolt_Dia_Comp_2941,LD2941,molar,-47.95005706753861,measured
Landolt_Dia_Comp_24,LD24,molar,-58.797489306625494,measured
Landolt_Dia_Comp_4369,LD4369,molar,-65.80023319135314,measured
Landolt_Dia_Comp_2254,LD2254,molar,-67.21024181848979,measured
Landolt_Dia_Comp_4117,LD4117,molar,-71.20060630570656,measured
Landolt_Para_Comp_3887,LP3887,molar,295.82208303248507,measured
Landolt_Dia_Comp_1189,LD1189,molar,-41.56018705344219,measured
Landolt_Dia_Comp_4282,LD4282,molar,-54.19015169829241,measured
Landolt_Dia_Comp_2935,LD2935,molar,-65.84307285363087,measured
Landolt_Para_Comp_3018,LP3018,molar,38.10180983579437,measured
Landolt_Dia_Comp_2887,LD2887,molar,-1.0,measured
Landolt_Dia_Comp_5006,LD5006,molar,-67.42932371358424,measured
Landolt_Para_Comp_5758,LP5758,molar,57.96667454682487,measured
Landolt_Para_Comp_5648,LP5648,molar,303.49559496023767,measured
Landolt_Para_Comp_4241,LP4241,molar,81.72103966140774,measured
Landolt_Para_Comp_551,LP551,molar,165.54899538567187,measured
Landolt_Para_Comp_5361,LP5361,molar,191.5564841005723,measured
Landolt_Dia_Comp_1641,LD1641,molar,-74.71695284155632,measured
Landolt_Para_Comp_4223,LP4223,molar,419.17325386040153,measured
Landolt_Para_Comp_4152,LP4152,molar,489.13565684455534,measured
Landolt_Para_Comp_196,LP196,molar,28.829039127676957,measured
Landolt_Para_Comp_4601,LP4601,molar,25.500117824616122,measured
Landolt_Para_Comp_4329,LP4329,molar,40.34715082812394,measured
Landolt_Dia_Comp_5422,LD5422,molar,-37.78468771666845,measured
Landolt_Dia_Comp_3484,LD3484,molar,-47.66790336540429,measured
Landolt_Dia_Comp_386,LD386,molar,-59.96211781284207,measured
Landolt_Para_Comp_1746,LP1746,molar,118.14344481085854,measured
Landolt_Para_Comp_1278,LP1278,molar,115.69741784181454,measured
Landolt_Dia_Comp_2982,LD2982,molar,-66.75382938173453,measured
Landolt_Para_Comp_4456,LP4456,molar,257.8722487976005,measured
Landolt_Para_Comp_2745,LP2745,molar,64.27106503284904,measured
Landolt_Dia_Comp_5108,LD5108,molar,-58.651319501221664,measured
Landolt_Para_Comp_969,LP969,molar,184.37203763827145,measured
Landolt_Dia_Comp_3080,LD3080,molar,-46.26558547836589,measured
Landolt_Para_Comp_1194,LP1194,molar,79.3733753858666,measured
Landolt_Para_Comp_4928,LP4928,molar,199.52049435851006,measured
Landolt_Dia_Comp_2219,LD2219,molar,-56.8844043688083,measured
Landolt_Para_Comp_627,LP627,molar,560.9351226174853,measured
Landolt_Dia_Comp_3417,LD3417,molar,-51.17222651712349,measured
Landolt_Para_Comp_1918,LP1918,molar,40.61218303011414,measured
Landolt_Para_Comp_5782,LP5782,molar,346.83606418346943,measured
Landolt_Dia_Comp_4837,LD4837,molar,-63.84235140739963,measured
Landolt_Dia_Comp_1680,LD1680,molar,-46.96163753062886,measured
Landolt_Dia_Comp_731,LD731,molar,-65.67296909279338,measured
Landolt_Para_Comp_4480,LP4480,molar,159.06997110106897,measured
Landolt_Dia_Comp_5714,LD5714,molar,-67.09592512331858,measured
Landolt_Dia_Comp_486,LD486,molar,-53.069823077835146,measured
Landolt_Dia_Comp_44,LD44,molar,-67.4112970522182,measured
Landolt_Para_Comp_507,LP507,molar,48.27504556030668,measured
Landolt_Dia_Comp_224,LD224,molar,-29.711727838517277,measured
Landolt_Dia_Comp_3779,LD3779,molar,-20.539165449913398,measured
Landolt_Para_Comp_1500,LP1500,molar,178.7193094454789,measured
Landolt_Dia_Comp_1249,LD1249,molar,-71.50319252348233,measured
Landolt_Dia_Comp_4870,LD4870,molar,-44.731933134025546,measured
Landolt_Para_Comp_2087,LP2087,molar,333.17956075428134,measured
Landolt_Para_Comp_281,LP281,molar,95.54259549470913,measured
Landolt_Dia_Comp_3116,LD3116,molar,-18.342676838757235,measured
Landolt_Dia_Comp_3755,LD3755,molar,-26.48316701721528,measured
Landolt_Dia_Comp_2346,LD2346,molar,-84.08843305028586,measured
Landolt_Dia_Comp_215,LD215,molar,-44.35108632530145,measured
Landolt_Para_Comp_2538,LP2538,molar,149.06485415299352,measured
Landolt_Para_Comp_3673,LP3673,molar,115.38500929962605,measured
Landolt_Dia_Comp_3192,LD3192,molar,-94.5105234157189,measured
Landolt_Dia_Comp_1596,LD1596,molar,-41.93184615279321,measured
Landolt_Para_Comp_4012,LP4012,molar,78.81842485801073,measured
Landolt_Dia_Comp_808,LD808,molar,-46.20522884469368,measured
Landolt_Dia_Comp_1003,LD1003,molar,-16.297027704254738,measured
Landolt_Dia_Comp_1238,LD1238,molar,-56.45242050923074,measured
Landolt_Para_Comp_1290,LP1290,molar,94.9665007917847,measured
Landolt_Para_Comp_2892,LP2892,molar,650.5481717710805,measured
Landolt_Dia_Comp_214,LD214,molar,-61.80811133786845,measured
Landolt_Para_Comp_3856,LP3856,molar,293.6390264015744,measured
Landolt_Para_Comp_5224,LP5224,molar,52.17601407224778,measured
Landolt_Para_Comp_3029,LP3029,molar,161.6440047229763,measured
Landolt_Dia_Comp_490,LD490,molar,-100.80995025352983,measured
Landolt_Para_Comp_3381,LP3381,molar,59.3820683873536,measured
Landolt_Para_Comp_1943,LP1943,molar,125.12321020773258,measured
Landolt_Para_Comp_36,LP36,molar,125.62904340310527,measured
Landolt_Dia_Comp_3215,LD3215,molar,-69.63935187349253,measured
Landolt_Para_Comp_3062,LP3062,molar,32.66787337882219,measured
Landolt_Dia_Comp_1200,LD1200,molar,-40.7230292191562,measured
Landolt_Para_Comp_384,LP384,molar,183.10603751864585,measured
Landolt_Para_Comp_5497,LP5497,molar,27.28983557178787,measured
Landolt_Para_Comp_1078,LP1078,molar,465.2945714329872,measured
Landolt_Para_Comp_4694,LP4694,molar,368.3956892765822,measured
Landolt_Dia_Comp_3685,LD3685,molar,-36.749145617126345,measured
Landolt_Dia_Comp_1436,LD1436,molar,-55.90551295230566,measured
Landolt_Dia_Comp_3481,LD3481,molar,-87.87649073168495,measured
Landolt_Para_Comp_2939,LP2939,molar,76.18766727123098,measured
Landolt_Dia_Comp_115,LD115,molar,-75.33395147603365,measured
Landolt_Dia_Comp_3301,LD3301,molar,-57.0402417872051,measured
Landolt_Dia_Comp_1433,LD1433,molar,-60.152809983476324,measured
Landolt_Para_Comp_3610,LP3610,molar,17.07136710361617,measured
Landolt_Para_Comp_365,LP365,molar,311.12419927877716,measured
Landolt_Para_Comp_4332,LP4332,molar,41.66731229499886,measured
Landolt_Dia_Comp_1184,LD1184,molar,-25.778392709298355,measured
Landolt_Para_Comp_3651,LP3651,molar,94.69184055887463,measured
Landolt_Dia_Comp_2494,LD2494,molar,-71.92680090248095,measured
Landolt_Dia_Comp_319,LD319,molar,-55.546930311505236,measured
Landolt_Para_Comp_5931,LP5931,molar,12.311631791110745,measured
Landolt_Para_Comp_2439,LP2439,molar,378.2095632014306,measured
Landolt_Dia_Comp_5918,LD5918,molar,-27.30047779401827,measured
Landolt_Dia_Comp_896,LD896,molar,-55.55790763719758,measured
Landolt_Para_Comp_349,LP349,molar,190.84673959240934,measured
Landolt_Para_Comp_5270,LP5270,molar,74.01074639573089,measured
Landolt_Para_Comp_5473,LP5473,molar,14.183936946178534,measured
Landolt_Para_Comp_3154,LP3154,molar,489.92543875523967,measured
Landolt_Dia_Comp_5091,LD5091,molar,-70.35703602829153,measured
Landolt_Para_Comp_3109,LP3109,molar,596.2261161136986,measured
Landolt_Dia_Comp_5532,LD5532,molar,-42.04804917227921,measured
Landolt_Dia_Comp_706,LD706,molar,-36.52144132523678,measured
Landolt_Dia_Comp_3137,LD3137,molar,-45.97407231025247,measured
Landolt_Dia_Comp_1611,LD1611,molar,-47.867911949028695,measured
Landolt_Dia_Comp_4142,LD4142,molar,-95.81300669492069,measured
Landolt_Para_Comp_87,LP87,molar,167.70975473423152,measured
Landolt_Dia_Comp_898,LD898,molar,-30.040907941905214,measured
Landolt_Dia_Comp_1608,LD1608,molar,-45.00625865006866,measured
Landolt_Dia_Comp_3144,LD3144,molar,-39.78741737839543,measured
Landolt_Dia_Comp_3269,LD3269,molar,-81.20599833546365,measured
Landolt_Dia_Comp_229,LD229,molar,-71.23024520073798,measured
Landolt_Dia_Comp_2260,LD2260,molar,-43.91280775339252,measured
Landolt_Dia_Comp_1573,LD1573,molar,-26.296492652564993,measured
Landolt_Dia_Comp_1507,LD1507,molar,-54.912086837857856,measured
Landolt_Para_Comp_3666,LP3666,molar,103.3221737328831,measured
Landolt_Dia_Comp_272,LD272,molar,-60.66098151358746,measured
Landolt_Para_Comp_4096,LP4096,molar,56.610921957189035,measured
Landolt_Dia_Comp_4680,LD4680,molar,-24.565755402685546,measured
Landolt_Dia_Comp_2125,LD2125,molar,-51.266703854325485,measured
Landolt_Dia_Comp_4223,LD4223,molar,-90.90231084886568,measured
Landolt_Para_Comp_4797,LP4797,molar,26.264958749826807,measured
Landolt_Dia_Comp_5465,LD5465,molar,-43.01499875777731,measured
Landolt_Para_Comp_2491,LP2491,molar,143.53641121225235,measured
Landolt_Dia_Comp_1513,LD1513,molar,-54.647531612883164,measured
Landolt_Para_Comp_5795,LP5795,molar,22.442324846794335,measured
Landolt_Dia_Comp_4859,LD4859,molar,-49.979995400937774,measured
Landolt_Dia_Comp_3764,LD3764,molar,-34.74627150940968,measured
Landolt_Para_Comp_426,LP426,molar,17.724350587645404,measured
Landolt_Para_Comp_4068,LP4068,molar,109.92916248308603,measured
Landolt_Dia_Comp_3346,LD3346,molar,-34.640512025002685,measured
Landolt_Para_Comp_5654,LP5654,molar,109.2891936217803,measured
Landolt_Para_Comp_3736,LP3736,molar,383.4014751025319,measured
Landolt_Para_Comp_1222,LP1222,molar,170.47441534380394,measured
Landolt_Para_Comp_5705,LP5705,molar,115.46681056974363,measured
Landolt_Para_Comp_4518,LP4518,molar,27.589802840455434,measured
Landolt_Dia_Comp_838,LD838,molar,-30.26124516531721,measured
Landolt_Dia_Comp_4230,LD4230,molar,-57.58351194217083,measured
Landolt_Para_Comp_5731,LP5731,molar,15.430485990053295,measured
Landolt_Para_Comp_441,LP441,molar,36.85420101170712,measured
Landolt_Para_Comp_2282,LP2282,molar,116.90048973022418,measured
Landolt_Para_Comp_3739,LP3739,molar,10.897004961817796,measured
Landolt_Dia_Comp_4237,LD4237,molar,-37.71439878605055,measured
Landolt_Para_Comp_4094,LP4094,molar,21.207682470687097,measured
Landolt_Para_Comp_194,LP194,molar,28.870853200871878,measured
Landolt_Para_Comp_3195,LP3195,molar,118.48387946263517,measured
Landolt_Dia_Comp_4857,LD4857,molar,-67.43331752931239,measured
Landolt_Para_Comp_815,LP815,molar,155.5005991489539,measured
Landolt_Para_Comp_1580,LP1580,molar,607.9459785391173,measured
Landolt_Dia_Comp_3589,LD3589,molar,-44.91938135705482,measured
Landolt_Para_Comp_1632,LP1632,molar,41.66312526952933,measured
Landolt_Dia_Comp_1071,LD1071,molar,-27.708199555361695,measured
Landolt_Para_Comp_1202,LP1202,molar,84.03551725228962,measured
Landolt_Dia_Comp_3059,LD3059,molar,-56.380337849606136,measured
Landolt_Para_Comp_2289,LP2289,molar,120.51916192790848,measured
Landolt_Dia_Comp_3569,LD3569,molar,-31.56585237092071,measured
Landolt_Dia_Comp_5273,LD5273,molar,-49.916165999305875,measured
Landolt_Dia_Comp_5162,LD5162,molar,-36.020923235790676,measured
Landolt_Dia_Comp_3425,LD3425,molar,-79.64513414209465,measured
Landolt_Dia_Comp_2075,LD2075,molar,-60.53480729020069,measured
Landolt_Para_Comp_2526,LP2526,molar,80.28642701751396,measured
Landolt_Dia_Comp_2971,LD2971,molar,-57.15084333429408,measured
Landolt_Dia_Comp_2278,LD2278,molar,-78.06238721105613,measured
Landolt_Para_Comp_3047,LP3047,molar,234.3357328011643,measured
Landolt_Dia_Comp_3014,LD3014,molar,-47.36429275034111,measured
Landolt_Dia_Comp_1117,LD1117,molar,-47.560140321484916,measured
Landolt_Para_Comp_4637,LP4637,molar,179.93172770716117,measured
Landolt_Para_Comp_3900,LP3900,molar,132.12750880238536,measured
Landolt_Para_Comp_5319,LP5319,molar,57.82952307783587,measured
Landolt_Dia_Comp_1904,LD1904,molar,-63.21271407985123,measured
Landolt_Para_Comp_3680,LP3680,molar,452.8028601941129,measured
Landolt_Para_Comp_2943,LP2943,molar,252.2319098709524,measured
Landolt_Dia_Comp_5961,LD5961,molar,-11.99854643807005,measured
Landolt_Dia_Comp_5851,LD5851,molar,-87.23951186922379,measured
Landolt_Dia_Comp_2492,LD2492,molar,-37.695184047129004,measured
Landolt_Para_Comp_1935,LP1935,molar,116.71786198729555,measured
Landolt_Para_Comp_5839,LP5839,molar,363.87739705741575,measured
Landolt_Para_Comp_5867,LP5867,molar,10.840847605047651,measured
Landolt_Para_Comp_2179,LP2179,molar,273.665245131448,measured
Landolt_Para_Comp_3496,LP3496,molar,58.986518594444306,measured
Landolt_Para_Comp_3211,LP3211,molar,85.91641718313791,measured
Landolt_Para_Comp_937,LP937,molar,35.87654174210769,measured
Landolt_Para_Comp_4588,LP4588,molar,80.5550970607806,measured
Landolt_Dia_Comp_4330,LD4330,molar,-78.57653452886957,measured
Landolt_Dia_Comp_923,LD923,molar,-83.33301178905782,measured
Landolt_Dia_Comp_5562,LD5562,molar,-55.755622021155496,measured
Landolt_Dia_Comp_4810,LD4810,molar,-26.942799876258388,measured
Landolt_Dia_Comp_311,LD311,molar,-95.30622232716297,measured
Landolt_Dia_Comp_4182,LD4182,molar,-55.919076492948214,measured
Landolt_Para_Comp_270,LP270,molar,129.06940136480742,measured
Landolt_Para_Comp_789,LP789,molar,293.20909599114174,measured
Landolt_Dia_Comp_1064,LD1064,molar,-73.08248542015939,measured
Landolt_Para_Comp_416,LP416,molar,236.425384161994,measured
Landolt_Para_Comp_2424,LP2424,molar,334.085420233363,measured
Landolt_Dia_Comp_1426,LD1426,molar,-20.984589235897083,measured
Landolt_Para_Comp_1299,LP1299,molar,64.67072786536617,measured
Landolt_Dia_Comp_1330,LD1330,molar,-57.93049223737077,measured
Landolt_Dia_Comp_2199,LD2199,molar,-58.14484525982476,measured
Landolt_Dia_Comp_470,LD470,molar,-1.0,measured
Landolt_Para_Comp_3048,LP3048,molar,80.6339598570253,measured
Landolt_Para_Comp_1129,LP1129,molar,74.89257748689681,measured
Landolt_Para_Comp_1237,LP1237,molar,35.07524426033176,measured
Landolt_Para_Comp_18,LP18,molar,27.818355422692758,measured
Landolt_Dia_Comp_2881,LD2881,molar,-42.05682364347721,measured
Landolt_Dia_Comp_5440,LD5440,molar,-68.75604277522461,measured
Landolt_Dia_Comp_4375,LD4375,molar,-37.52230660242523,measured
Landolt_Dia_Comp_4585,LD4585,molar,-84.14757023051882,measured
Landolt_Para_Comp_1523,LP1523,molar,101.97530908384014,measured
Landolt_Dia_Comp_1072,LD1072,molar,-70.12415616666839,measured
Landolt_Dia_Comp_2967,LD2967,molar,-16.722371888770326,measured
Landolt_Para_Comp_3253,LP3253,molar,26.585135260206517,measured
Landolt_Para_Comp_5437,LP5437,molar,24.48153827020451,measured
Landolt_Dia_Comp_2815,LD2815,molar,-22.77980335007609,measured
Landolt_Para_Comp_5659,LP5659,molar,254.33072622443547,measured
Landolt_Para_Comp_2710,LP2710,molar,412.0222613452808,measured
Landolt_Dia_Comp_1643,LD1643,molar,-55.57104264889034,measured
Landolt_Dia_Comp_3972,LD3972,molar,-41.09886106908205,measured
Landolt_Para_Comp_4690,LP4690,molar,48.65112443612962,measured
Landolt_Para_Comp_5514,LP5514,molar,267.7925158543174,measured
Landolt_Para_Comp_2231,LP2231,molar,258.69652786536204,measured
Landolt_Dia_Comp_4655,LD4655,molar,-63.05456877790706,measured
Landolt_Para_Comp_2274,LP2274,molar,70.21422617462096,measured
Landolt_Para_Comp_1082,LP1082,molar,154.59136325684253,measured
Landolt_Dia_Comp_2682,LD2682,molar,-39.106170752614524,measured
Landolt_Dia_Comp_2765,LD2765,molar,-60.512787617352075,measured
Landolt_Dia_Comp_5223,LD5223,molar,-75.06853340313566,measured
Landolt_Dia_Comp_2978,LD2978,molar,-52.10787793907362,measured
Landolt_Para_Comp_3958,LP3958,molar,10.01457163822654,measured
Landolt_Dia_Comp_2635,LD2635,molar,-85.31835908535066,measured
Landolt_Dia_Comp_4217,LD4217,molar,-51.095455758361695,measured
Landolt_Para_Comp_4828,LP4828,molar,170.3292760833835,measured
Landolt_Para_Comp_66,LP66,molar,39.5385791172698,measured
Landolt_Para_Comp_3745,LP3745,molar,203.30973480449484,measured
Landolt_Para_Comp_2422,LP2422,molar,92.19697868989121,measured
Landolt_Para_Comp_4735,LP4735,molar,199.98023677926062,measured
Landolt_Dia_Comp_3095,LD3095,molar,-51.16968621654214,measured
Landolt_Para_Comp_4358,LP4358,molar,339.7529677058699,measured
Landolt_Dia_Comp_4294,LD4294,molar,-49.45420677772973,measured
Landolt_Dia_Comp_3322,LD3322,molar,-32.97915344555332,measured
Landolt_Para_Comp_286,LP286,molar,94.93201319418498,measured
Landolt_Para_Comp_5122,LP5122,molar,86.15080337047175,measured
Landolt_Dia_Comp_404,LD404,molar,-37.806522641691416,measured
Landolt_Dia_Comp_593,LD593,molar,-45.57624842202149,measured
Landolt_Para_Comp_1734,LP1734,molar,21.715803390067464,measured
Landolt_Para_Comp_1900,LP1900,molar,192.5133733365646,measured
Landolt_Para_Comp_2344,LP2344,molar,241.90479219447045,measured
Landolt_Dia_Comp_2338,LD2338,molar,-73.47221090798652,measured
Landolt_Para_Comp_5762,LP5762,molar,205.69911719744425,measured
Landolt_Para_Comp_2861,LP2861,molar,40.43430183054254,measured
Landolt_Para_Comp_5760,LP5760,molar,47.622288315394854,measured
Landolt_Dia_Comp_4144,LD4144,molar,-45.808391069883676,measured
Landolt_Para_Comp_2767,LP2767,molar,34.72335633561229,measured
Landolt_Para_Comp_3481,LP3481,molar,16.952669136369465,measured
Landolt_Dia_Comp_2152,LD2152,molar,-45.92171344752491,measured
Landolt_Para_Comp_380,LP380,molar,116.73799499556156,measured
Landolt_Dia_Comp_4293,LD4293,molar,-3.803604558444185,measured
Landolt_Para_Comp_555,LP555,molar,350.2229341189605,measured
Landolt_Dia_Comp_1188,LD1188,molar,-28.68581622265086,measured
Landolt_Dia_Comp_2139,LD2139,molar,-69.46146662750228,measured
Landolt_Para_Comp_4052,LP4052,molar,323.27789532403125,measured
Landolt_Dia_Comp_4563,LD4563,molar,-65.35818168809013,measured
Landolt_Para_Comp_1893,LP1893,molar,15.243431021925208,measured
Landolt_Para_Comp_2601,LP2601,molar,167.76739165894907,measured
Landolt_Para_Comp_755,LP755,molar,252.51000552767047,measured
Landolt_Para_Comp_4372,LP4372,molar,37.565228219640076,measured
Landolt_Dia_Comp_934,LD934,molar,-52.03687813145498,measured
Landolt_Dia_Comp_3907,LD3907,molar,-69.2103575581872,measured
Landolt_Dia_Comp_2380,LD2380,molar,-50.18245097040077,measured
Landolt_Para_Comp_2374,LP2374,molar,42.12993218287143,measured
Landolt_Para_Comp_3112,LP3112,molar,29.15790686858382,measured
Landolt_Dia_Comp_2659,LD2659,molar,-31.330429916509672,measured
Landolt_Para_Comp_5723,LP5723,molar,73.03924338518917,measured
Landolt_Dia_Comp_590,LD590,molar,-72.15606949297091,measured
Landolt_Para_Comp_5832,LP5832,molar,107.31226338259206,measured
Landolt_Para_Comp_3968,LP3968,molar,75.11839049212433,measured
Landolt_Para_Comp_4009,LP4009,molar,222.44992566343686,measured
Landolt_Dia_Comp_2259,LD2259,molar,-62.310785967148846,measured
Landolt_Dia_Comp_1142,LD1142,molar,-46.12163296103511,measured
Landolt_Para_Comp_1270,LP1270,molar,62.406439168907426,measured
Landolt_Dia_Comp_4102,LD4102,molar,-50.75067597064581,measured
Landolt_Para_Comp_5752,LP5752,molar,56.16183560982304,measured
Landolt_Dia_Comp_4170,LD4170,molar,-19.847967784698014,measured
Landolt_Dia_Comp_5197,LD5197,molar,-68.39653815053595,measured
Landolt_Dia_Comp_5306,LD5306,molar,-39.84817924116652,measured
Landolt_Dia_Comp_4180,LD4180,molar,-51.69004065964645,measured
Landolt_Dia_Comp_4274,LD4274,molar,-50.248926314521015,measured
Landolt_Dia_Comp_1437,LD1437,molar,-25.03291055126979,measured
Landolt_Dia_Comp_5668,LD5668,molar,-39.117566992194384,measured
Landolt_Para_Comp_3700,LP3700,molar,399.52559294703445,measured
Landolt_Para_Comp_1095,LP1095,molar,95.17503509687926,measured
Landolt_Dia_Comp_3034,LD3034,molar,-79.60471591383097,measured
Landolt_Dia_Comp_3016,LD3016,molar,-37.45609928971498,measured
Landolt_Para_Comp_5615,LP5615,molar,163.09877641394368,measured
Landolt_Para_Comp_5176,LP5176,molar,265.58162558686496,measured
Landolt_Dia_Comp_2538,LD2538,molar,-1.4719776147576908,measured
Landolt_Dia_Comp_5228,LD5228,molar,-61.877965433028585,measured
Landolt_Para_Comp_3344,LP3344,molar,562.5686629810652,measured
Landolt_Para_Comp_790,LP790,molar,99.32101609298995,measured
Landolt_Para_Comp_3020,LP3020,molar,66.14785055670968,measured
Landolt_Dia_Comp_632,LD632,molar,-89.43702759844237,measured
Landolt_Dia_Comp_3889,LD3889,molar,-38.14249948713776,measured
Landolt_Para_Comp_2090,LP2090,molar,110.84469852947228,measured
Landolt_Dia_Comp_52,LD52,molar,-43.67983253595736,measured
Landolt_Dia_Comp_301,LD301,molar,-11.271168955638068,measured
Landolt_Dia_Comp_3038,LD3038,molar,-51.06492166393183,measured
Landolt_Para_Comp_3246,LP3246,molar,166.00324591791738,measured
Landolt_Dia_Comp_344,LD344,molar,-1.0,measured
Landolt_Para_Comp_3826,LP3826,molar,347.35943905859625,measured
Landolt_Dia_Comp_4,LD4,molar,-26.949594896608488,measured
Landolt_Dia_Comp_5156,LD5156,molar,-58.75178039993513,measured
Landolt_Dia_Comp_2059,LD2059,molar,-74.3418673361861,measured
Landolt_Dia_Comp_348,LD348,molar,-49.020678733073346,measured
Landolt_Para_Comp_1061,LP1061,molar,93.23168205624656,measured
Landolt_Para_Comp_3321,LP3321,molar,457.7598789798423,measured
Landolt_Para_Comp_10,LP10,molar,38.687716891357084,measured
Landolt_Dia_Comp_955,LD955,molar,-82.6280232816095,measured
Landolt_Para_Comp_3786,LP3786,molar,17.827072758068926,measured
Landolt_Dia_Comp_1201,LD1201,molar,-5.48923740355179,measured
Landolt_Para_Comp_4858,LP4858,molar,307.96414940746496,measured
Landolt_Para_Comp_1604,LP1604,molar,15.2989476067905,measured
Landolt_Dia_Comp_3488,LD3488,molar,-49.8677392195822,measured
Landolt_Dia_Comp_4821,LD4821,molar,-5.195960897539862,measured
Landolt_Dia_Comp_3862,LD3862,molar,-53.92525248235439,measured
Landolt_Para_Comp_1708,LP1708,molar,34.472788896969035,measured
Landolt_Para_Comp_921,LP921,molar,225.28397622515826,measured
Landolt_Dia_Comp_5448,LD5448,molar,-46.88221821185384,measured
Landolt_Para_Comp_2572,LP2572,molar,65.24534705045036,measured
Landolt_Dia_Comp_5314,LD5314,molar,-83.35574697490907,measured
Landolt_Para_Comp_1102,LP1102,molar,201.05304193009002,measured
Landolt_Dia_Comp_2584,LD2584,molar,-12.379271711742362,measured
Landolt_Dia_Comp_804,LD804,molar,-39.2752041128337,measured
Landolt_Dia_Comp_1198,LD1198,molar,-64.33604701487839,measured
Landolt_Dia_Comp_437,LD437,molar,-50.637270706505774,measured
Landolt_Para_Comp_2931,LP2931,molar,182.3969136091814,measured
Landolt_Dia_Comp_3498,LD3498,molar,-1.0,measured
Landolt_Para_Comp_3908,LP3908,molar,443.48241938080844,measured
Landolt_Dia_Comp_1835,LD1835,molar,-20.651452633952715,measured
Landolt_Dia_Comp_1841,LD1841,molar,-80.39875845322453,measured
Landolt_Para_Comp_4045,LP4045,molar,100.83696145097947,measured
Landolt_Dia_Comp_3030,LD3030,molar,-8.754702944537257,measured
Landolt_Dia_Comp_43,LD43,molar,-80.92792294073209,measured
Landolt_Para_Comp_2723,LP2723,molar,190.7517130704409,measured
Landolt_Para_Comp_321,LP321,molar,179.8510342714312,measured
Landolt_Para_Comp_4977,LP4977,molar,64.45326469888452,measured
Landolt_Para_Comp_253,LP253,molar,450.0961726137005,measured
Landolt_Para_Comp_3234,LP3234,molar,35.985189697228094,measured
Landolt_Para_Comp_4032,LP4032,molar,29.10261459896542,measured
Landolt_Dia_Comp_5020,LD5020,molar,-59.961092357565974,measured
Landolt_Para_Comp_5568,LP5568,molar,10.528536431292839,measured
Landolt_Dia_Comp_4683,LD4683,molar,-50.04735969567161,measured
Landolt_Dia_Comp_3067,LD3067,molar,-26.940858874108425,measured
Landolt_Para_Comp_4321,LP4321,molar,351.22485033716447,measured
Landolt_Para_Comp_5680,LP5680,molar,471.2660910676234,measured
Landolt_Para_Comp_5148,LP5148,molar,11.404050605303729,measured
Landolt_Para_Comp_5837,LP5837,molar,71.89211069651421,measured
Landolt_Para_Comp_5894,LP5894,molar,498.9543865671072,measured
Landolt_Dia_Comp_4038,LD4038,molar,-44.6058613245249,measured
Landolt_Dia_Comp_3917,LD3917,molar,-43.56464945188121,measured
Landolt_Dia_Comp_3051,LD3051,molar,-71.27235955471876,measured
Landolt_Para_Comp_336,LP336,molar,115.41356613146425,measured
Landolt_Para_Comp_3783,LP3783,molar,17.011716985505807,measured
Landolt_Para_Comp_266,LP266,molar,825.9668708144054,measured
Landolt_Para_Comp_2393,LP2393,molar,244.08292314895417,measured
Landolt_Para_Comp_5821,LP5821,molar,641.8066262977311,measured
Landolt_Para_Comp_2662,LP2662,molar,107.91566294649726,measured
Landolt_Dia_Comp_1510,LD1510,molar,-77.57361996528307,measured
Landolt_Dia_Comp_3242,LD3242,molar,-45.93948195237958,measured
Landolt_Para_Comp_1426,LP1426,molar,96.00495236367533,measured
Landolt_Para_Comp_5362,LP5362,molar,176.35264094566574,measured
Landolt_Dia_Comp_4469,LD4469,molar,-67.01349755123778,measured
Landolt_Para_Comp_488,LP488,molar,100.10962096455951,measured
Landolt_Dia_Comp_5674,LD5674,molar,-63.05033360025348,measured
Landolt_Para_Comp_1553,LP1553,molar,197.74097247616282,measured
Landolt_Dia_Comp_3109,LD3109,molar,-36.493819117650055,measured
Landolt_Dia_Comp_5317,LD5317,molar,-37.8597032156173,measured
Landolt_Dia_Comp_5335,LD5335,molar,-35.759238031839914,measured
Landolt_Para_Comp_2252,LP2252,molar,11.17528821273127,measured
Landolt_Dia_Comp_4162,LD4162,molar,-37.582859163582185,measured
Landolt_Para_Comp_5950,LP5950,molar,94.46320820267485,measured
Landolt_Dia_Comp_3833,LD3833,molar,-62.193394848222184,measured
Landolt_Dia_Comp_4602,LD4602,molar,-57.284167004912085,measured
Landolt_Dia_Comp_4793,LD4793,molar,-28.756700689840898,measured
Landolt_Para_Comp_2769,LP2769,molar,367.54083625270187,measured
Landolt_Dia_Comp_3048,LD3048,molar,-68.72920954383972,measured
Landolt_Para_Comp_3235,LP3235,molar,471.3280617645891,measured
Landolt_Dia_Comp_452,LD452,molar,-67.04179466290459,measured
Landolt_Dia_Comp_429,LD429,molar,-64.6529272158121,measured
Landolt_Para_Comp_1873,LP1873,molar,178.62271066913786,measured
Landolt_Dia_Comp_1224,LD1224,molar,-30.200581084398223,measured
Landolt_Dia_Comp_4588,LD4588,molar,-74.39666781065064,measured
Landolt_Para_Comp_5114,LP5114,molar,137.45167984072089,measured
Landolt_Dia_Comp_1394,LD1394,molar,-76.72877624639878,measured
Landolt_Dia_Comp_3078,LD3078,molar,-64.58509226339562,measured
Landolt_Dia_Comp_4378,LD4378,molar,-73.42490972555792,measured
Landolt_Dia_Comp_5974,LD5974,molar,-48.56607019407955,measured
Landolt_Dia_Comp_1270,LD1270,molar,-30.659290887516207,measured
Landolt_Dia_Comp_4599,LD4599,molar,-79.53891841080207,measured
Landolt_Dia_Comp_1099,LD1099,molar,-76.73464599841927,measured
Landolt_Para_Comp_3575,LP3575,molar,29.23773188371549,measured
Landolt_Para_Comp_1614,LP1614,molar,120.7884584781092,measured
Landolt_Para_Comp_4206,LP4206,molar,74.57336872189522,measured
Landolt_Para_Comp_5777,LP5777,molar,96.51910013468759,measured
Landolt_Dia_Comp_4593,LD4593,molar,-46.11122052880053,measured
Landolt_Dia_Comp_1935,LD1935,molar,-23.08127913159553,measured
Landolt_Para_Comp_5921,LP5921,molar,182.35701567840178,measured
Landolt_Dia_Comp_5658,LD5658,molar,-59.65802966309904,measured
Landolt_Dia_Comp_1668,LD1668,molar,-31.680557784536543,measured
Landolt_Dia_Comp_5379,LD5379,molar,-8.304054634146084,measured
Landolt_Dia_Comp_4487,LD4487,molar,-47.06681141401059,measured
Landolt_Dia_Comp_836,LD836,molar,-88.19517240998982,measured
Landolt_Para_Comp_3587,LP3587,molar,501.3036089061594,measured
Landolt_Para_Comp_4141,LP4141,molar,98.59539266838182,measured
Landolt_Dia_Comp_3989,LD3989,molar,-81.35134583843342,measured
Landolt_Para_Comp_4293,LP4293,molar,126.77997375309965,measured
Landolt_Para_Comp_4946,LP4946,molar,170.60389228984403,measured
Landolt_Dia_Comp_4208,LD4208,molar,-73.79657289448136,measured
Landolt_Para_Comp_5130,LP5130,molar,92.36392217082242,measured
Landolt_Dia_Comp_4260,LD4260,molar,-59.61204705258817,measured
Landolt_Dia_Comp_5803,LD5803,molar,-42.46256623294362,measured
Landolt_Dia_Comp_1796,LD1796,molar,-41.03133990305344,measured
Landolt_Dia_Comp_2046,LD2046,molar,-30.3800646529282,measured
Landolt_Dia_Comp_1534,LD1534,molar,-113.06000393415205,measured
Landolt_Para_Comp_3399,LP3399,molar,46.46689005923141,measured
Landolt_Para_Comp_2480,LP2480,molar,340.66505134749013,measured
Landolt_Para_Comp_5817,LP5817,molar,299.57145471417493,measured
Landolt_Para_Comp_1294,LP1294,molar,52.34003760931039,measured
Landolt_Para_Comp_4818,LP4818,molar,41.00931140517608,measured
Landolt_Para_Comp_3980,LP3980,molar,415.6157347528843,measured
Landolt_Dia_Comp_5845,LD5845,molar,-86.87695173632724,measured
Landolt_Dia_Comp_2222,LD2222,molar,-40.789570985267645,measured
Landolt_Para_Comp_5264,LP5264,molar,541.3015108609724,measured
Landolt_Para_Comp_3009,LP3009,molar,99.13490279561873,measured
Landolt_Dia_Comp_2294,LD2294,molar,-12.24682343284232,measured
Landolt_Para_Comp_5759,LP5759,molar,63.13606677512589,measured
Landolt_Dia_Comp_3224,LD3224,molar,-66.21696965099503,measured
Landolt_Dia_Comp_347,LD347,molar,-68.44619869681026,measured
Landolt_Dia_Comp_5048,LD5048,molar,-49.60390025098134,measured
Landolt_Dia_Comp_5076,LD5076,molar,-89.03805971269955,measured
Landolt_Dia_Comp_5884,LD5884,molar,-95.11160270349613,measured
Landolt_Para_Comp_5356,LP5356,molar,104.38095404673504,measured
Landolt_Para_Comp_3576,LP3576,molar,210.73065152179166,measured
Landolt_Para_Comp_3933,LP3933,molar,274.07662642396446,measured
Landolt_Dia_Comp_4819,LD4819,molar,-36.690591149984584,measured
Landolt_Para_Comp_3816,LP3816,molar,251.173134976682,measured
Landolt_Dia_Comp_5506,LD5506,molar,-50.984906588353184,measured
Landolt_Para_Comp_723,LP723,molar,225.18609986194159,measured
Landolt_Dia_Comp_2965,LD2965,molar,-65.6072688752504,measured
Landolt_Dia_Comp_1900,LD1900,molar,-52.4900160502223,measured
Landolt_Dia_Comp_4594,LD4594,molar,-45.05713179875414,measured
Landolt_Para_Comp_810,LP810,molar,72.12907031191982,measured
Landolt_Para_Comp_2976,LP2976,molar,77.70238389324294,measured
Landolt_Para_Comp_2293,LP2293,molar,182.47331015195948,measured
Landolt_Para_Comp_2507,LP2507,molar,45.92227404531222,measured
Landolt_Dia_Comp_2783,LD2783,molar,-56.27744351976895,measured
Landolt_Dia_Comp_3955,LD3955,molar,-33.880731946238285,measured
Landolt_Dia_Comp_406,LD406,molar,-43.87088286065983,measured
Landolt_Para_Comp_3191,LP3191,molar,420.8398559425713,measured
Landolt_Dia_Comp_1701,LD1701,molar,-67.23217709795765,measured
Landolt_Dia_Comp_3653,LD3653,molar,-59.60739428058649,measured
Landolt_Dia_Comp_3744,LD3744,molar,-46.6614223762372,measured
Landolt_Dia_Comp_1085,LD1085,molar,-31.61040903311279,measured
Landolt_Dia_Comp_1558,LD1558,molar,-52.94726123144371,measured
Landolt_Dia_Comp_600,LD600,molar,-88.26737277671974,measured
Landolt_Dia_Comp_4203,LD4203,molar,-57.23266645536973,measured
Landolt_Para_Comp_4098,LP4098,molar,111.83485178414558,measured
Landolt_Dia_Comp_1862,LD1862,molar,-45.031756297999436,measured
Landolt_Para_Comp_3076,LP3076,molar,45.12232567415176,measured
Landolt_Dia_Comp_95,LD95,molar,-56.439451344727026,measured
Landolt_Para_Comp_5193,LP5193,molar,116.97209071572318,measured
Landolt_Para_Comp_899,LP899,molar,73.54424278296489,measured
Landolt_Dia_Comp_3287,LD3287,molar,-81.03008485084095,measured
Landolt_Dia_Comp_4740,LD4740,molar,-60.150565078513836,measured
Landolt_Para_Comp_1828,LP1828,molar,49.35099935974235,measured
Landolt_Para_Comp_1037,LP1037,molar,91.68131192539875,measured
Landolt_Para_Comp_1758,LP1758,molar,78.7703482475161,measured
Landolt_Para_Comp_1198,LP1198,molar,36.04734206756177,measured
Landolt_Dia_Comp_5321,LD5321,molar,-56.78514335740198,measured
Landolt_Dia_Comp_4306,LD4306,molar,-45.36762379497351,measured
Landolt_Dia_Comp_3654,LD3654,molar,-32.234304202684406,measured
Landolt_Dia_Comp_242,LD242,molar,-68.438609773964,measured
Landolt_Dia_Comp_1438,LD1438,molar,-68.4907582944283,measured
Landolt_Dia_Comp_3377,LD3377,molar,-32.5418869636724,measured
Landolt_Dia_Comp_3815,LD3815,molar,-21.105774811531106,measured
Landolt_Para_Comp_2280,LP2280,molar,411.6733817532133,measured
Landolt_Para_Comp_5102,LP5102,molar,163.98909572513082,measured
Landolt_Dia_Comp_2009,LD2009,molar,-74.12582579517988,measured
Landolt_Para_Comp_747,LP747,molar,163.02566347590232,measured
Landolt_Para_Comp_4508,LP4508,molar,198.1782466521714,measured
Landolt_Dia_Comp_53,LD53,molar,-35.19565629565783,measured
Landolt_Para_Comp_5625,LP5625,molar,15.018983498955137,measured
Landolt_Para_Comp_3935,LP3935,molar,20.396288720337537,measured
Landolt_Para_Comp_4034,LP4034,molar,20.61826348861004,measured
Landolt_Dia_Comp_3276,LD3276,molar,-54.43292485955247,measured
Landolt_Dia_Comp_3438,LD3438,molar,-75.60850449085342,measured
Landolt_Para_Comp_1419,LP1419,molar,274.67408067802376,measured
Landolt_Dia_Comp_2841,LD2841,molar,-52.54101113115202,measured
Landolt_Dia_Comp_3492,LD3492,molar,-44.68321090384354,measured
Landolt_Dia_Comp_1767,LD1767,molar,-44.82869329543436,measured
Landolt_Para_Comp_3255,LP3255,molar,302.6244998633675,measured
Landolt_Dia_Comp_2434,LD2434,molar,-21.163687756251896,measured
Landolt_Dia_Comp_323,LD323,molar,-50.726267226768265,measured
Landolt_Para_Comp_1042,LP1042,molar,57.490612123893705,measured
Landolt_Para_Comp_4035,LP4035,molar,305.6944029399043,measured
Landolt_Para_Comp_2586,LP2586,molar,204.62073175249301,measured
Landolt_Para_Comp_4311,LP4311,molar,126.3657518663472,measured
Landolt_Para_Comp_3533,LP3533,molar,236.6655996668423,measured
Landolt_Para_Comp_5984,LP5984,molar,233.1428396914857,measured
Landolt_Para_Comp_5094,LP5094,molar,339.0826354529202,measured
Landolt_Para_Comp_835,LP835,molar,165.72929316303424,measured
Landolt_Para_Comp_4893,LP4893,molar,124.11512060032692,measured
Landolt_Dia_Comp_5174,LD5174,molar,-77.29011818709168,measured
Landolt_Dia_Comp_3358,LD3358,molar,-78.06767894805525,measured
Landolt_Dia_Comp_5777,LD5777,molar,-61.86096321313983,measured
Landolt_Dia_Comp_4647,LD4647,molar,-72.7767408763909,measured
Landolt_Para_Comp_325,LP325,molar,32.75008562743301,measured
Landolt_Dia_Comp_1083,LD1083,molar,-22.2047198308125,measured
Landolt_Para_Comp_4674,LP4674,molar,353.84965242688787,measured
Landolt_Dia_Comp_1164,LD1164,molar,-90.79781820415661,measured
Landolt_Dia_Comp_3663,LD3663,molar,-36.110152061719,measured
Landolt_Para_Comp_3484,LP3484,molar,20.88079770021053,measured
Landolt_Dia_Comp_1276,LD1276,molar,-52.76115685228137,measured
Landolt_Dia_Comp_5613,LD5613,molar,-27.004610020491143,measured
Landolt_Dia_Comp_183,LD183,molar,-45.92024834498786,measured
Landolt_Para_Comp_3848,LP3848,molar,35.80638605636419,measured
Landolt_Para_Comp_4496,LP4496,molar,40.94570995612929,measured
Landolt_Para_Comp_3916,LP3916,molar,52.33992389776222,measured
Landolt_Dia_Comp_1696,LD1696,molar,-75.85424187619799,measured
Landolt_Para_Comp_2345,LP2345,molar,99.84536852498384,measured
Landolt_Para_Comp_5991,LP5991,molar,97.92242620470107,measured
Landolt_Dia_Comp_4012,LD4012,molar,-49.356076068664066,measured
Landolt_Dia_Comp_4714,LD4714,molar,-30.853897962812816,measured
Landolt_Para_Comp_401,LP401,molar,362.38020996638244,measured
Landolt_Para_Comp_472,LP472,molar,538.2044432487627,measured
Landolt_Dia_Comp_2714,LD2714,molar,-52.09273803599993,measured
Landolt_Para_Comp_5653,LP5653,molar,364.8336062396794,measured
Landolt_Dia_Comp_3092,LD3092,molar,-52.99620872840761,measured
Landolt_Dia_Comp_5553,LD5553,molar,-24.060211585400317,measured
Landolt_Para_Comp_5960,LP5960,molar,183.154617187595,measured
Landolt_Para_Comp_5697,LP5697,molar,23.50624746735535,measured
Landolt_Dia_Comp_4439,LD4439,molar,-58.98123562859375,measured
Landolt_Dia_Comp_4228,LD4228,molar,-64.75481644427228,measured
Landolt_Dia_Comp_3662,LD3662,molar,-55.74065548229292,measured
Landolt_Dia_Comp_2390,LD2390,molar,-26.5362286661995,measured
Landolt_Para_Comp_3710,LP3710,molar,483.03614622848323,measured
Landolt_Para_Comp_4850,LP4850,molar,93.48247529729943,measured
Landolt_Para_Comp_3158,LP3158,molar,202.41574748285888,measured
Landolt_Para_Comp_4354,LP4354,molar,292.9972388417858,measured
Landolt_Dia_Comp_3253,LD3253,molar,-61.12119175129916,measured
Landolt_Dia_Comp_3605,LD3605,molar,-57.723856112188834,measured
Landolt_Dia_Comp_5564,LD5564,molar,-56.64774171216717,measured
Landolt_Dia_Comp_4263,LD4263,molar,-20.60354355976294,measured
Landolt_Dia_Comp_4295,LD4295,molar,-56.0828974665084,measured
Landolt_Para_Comp_2960,LP2960,molar,422.39614321596713,measured
Landolt_Para_Comp_3037,LP3037,molar,236.89218340166354,measured
Landolt_Dia_Comp_723,LD723,molar,-58.07671875530861,measured
Landolt_Dia_Comp_5232,LD5232,molar,-26.050734853494948,measured
Landolt_Para_Comp_5508,LP5508,molar,446.8324760885355,measured
Landolt_Dia_Comp_2650,LD2650,molar,-50.112534031771105,measured
Landolt_Dia_Comp_4448,LD4448,molar,-37.297083063837945,measured
Landolt_Dia_Comp_5924,LD5924,molar,-62.26005999649804,measured
Landolt_Dia_Comp_4139,LD4139,molar,-47.17279614594563,measured
Landolt_Dia_Comp_4518,LD4518,molar,-64.44150940291472,measured
Landolt_Para_Comp_1752,LP1752,molar,228.4792757913419,measured
Landolt_Dia_Comp_2824,LD2824,molar,-64.58047142174249,measured
Landolt_Dia_Comp_5629,LD5629,molar,-37.39722755513087,measured
Landolt_Dia_Comp_1924,LD1924,molar,-45.48648419944844,measured
Landolt_Dia_Comp_5609,LD5609,molar,-29.763015982860928,measured
Landolt_Para_Comp_126,LP126,molar,89.12794964108726,measured
Landolt_Dia_Comp_1430,LD1430,molar,-62.72276208321628,measured
Landolt_Dia_Comp_697,LD697,molar,-39.82153290657648,measured
Landolt_Para_Comp_4042,LP4042,molar,17.6534503268512,measured
Landolt_Para_Comp_4760,LP4760,molar,16.259509910747994,measured
Landolt_Dia_Comp_424,LD424,molar,-43.724824657178274,measured
Landolt_Dia_Comp_4367,LD4367,molar,-69.26722672426773,measured
Landolt_Para_Comp_3703,LP3703,molar,115.10041408628756,measured
Landolt_Para_Comp_2067,LP2067,molar,85.31068786733891,measured
Landolt_Dia_Comp_3228,LD3228,molar,-27.989295367879265,measured
Landolt_Dia_Comp_3874,LD3874,molar,-60.25141862601386,measured
Landolt_Para_Comp_4132,LP4132,molar,33.78410570206513,measured
Landolt_Para_Comp_3178,LP3178,molar,131.20479711326783,measured
Landolt_Para_Comp_4058,LP4058,molar,72.4918645931908,measured
Landolt_Dia_Comp_198,LD198,molar,-39.92937939916928,measured
Landolt_Para_Comp_2889,LP2889,molar,388.3955938799885,measured
Landolt_Para_Comp_5171,LP5171,molar,12.937494467773734,measured
Landolt_Para_Comp_5775,LP5775,molar,117.2439536323,measured
Landolt_Dia_Comp_2915,LD2915,molar,-7.917758517120788,measured
Landolt_Dia_Comp_3916,LD3916,molar,-58.0374082234994,measured
Landolt_Dia_Comp_2944,LD2944,molar,-21.51191355476747,measured
Landolt_Dia_Comp_1962,LD1962,molar,-51.87808636501903,measured
Landolt_Dia_Comp_4801,LD4801,molar,-22.030146528276582,measured
Landolt_Dia_Comp_5164,LD5164,molar,-68.50939626065512,measured
Landolt_Para_Comp_4290,LP4290,molar,30.614346977469914,measured
Landolt_Dia_Comp_4084,LD4084,molar,-69.0651509739927,measured
Landolt_Para_Comp_4402,LP4402,molar,44.8325902768273,measured
Landolt_Dia_Comp_2244,LD2244,molar,-40.62782395319711,measured
Landolt_Para_Comp_738,LP738,molar,160.27350898463416,measured
Landolt_Para_Comp_3215,LP3215,molar,44.28067942664978,measured
Landolt_Dia_Comp_4030,LD4030,molar,-1.0,measured
Landolt_Dia_Comp_3640,LD3640,molar,-36.28648700564744,measured
Landolt_Para_Comp_5725,LP5725,molar,59.06537512805288,measured
Landolt_Para_Comp_5121,LP5121,molar,699.7389563294776,measured
Landolt_Dia_Comp_5207,LD5207,molar,-26.854059234438743,measured
Landolt_Para_Comp_3749,LP3749,molar,264.53293874934354,measured
Landolt_Para_Comp_3559,LP3559,molar,199.96729335644008,measured
Landolt_Para_Comp_3929,LP3929,molar,19.710205766883142,measured
Landolt_Dia_Comp_831,LD831,molar,-58.79552829496668,measured
Landolt_Para_Comp_2657,LP2657,molar,52.27794269277921,measured
Landolt_Para_Comp_208,LP208,molar,276.8633094250677,measured
Landolt_Dia_Comp_3677,LD3677,molar,-60.54177662519052,measured
Landolt_Para_Comp_792,LP792,molar,208.78670252360877,measured
Landolt_Dia_Comp_5481,LD5481,molar,-31.53929377923432,measured
Landolt_Para_Comp_4970,LP4970,molar,670.3051943386605,measured
Landolt_Dia_Comp_1126,LD1126,molar,-70.43578347885128,measured
Landolt_Dia_Comp_2888,LD2888,molar,-66.4275325398023,measured
Landolt_Dia_Comp_3967,LD3967,molar,-66.29282660176003,measured
Landolt_Dia_Comp_1918,LD1918,molar,-67.22288963390622,measured
Landolt_Dia_Comp_4571,LD4571,molar,-44.18713478117824,measured
Landolt_Dia_Comp_5784,LD5784,molar,-67.14758230152877,measured
Landolt_Dia_Comp_4637,LD4637,molar,-62.45286148095523,measured
Landolt_Para_Comp_5893,LP5893,molar,125.78180738766108,measured
Landolt_Para_Comp_2845,LP2845,molar,32.92433072326521,measured
Landolt_Para_Comp_3394,LP3394,molar,45.66103076742073,measured
Landolt_Para_Comp_361,LP361,molar,101.50862698771205,measured
Landolt_Dia_Comp_3342,LD3342,molar,-83.03503311151181,measured
Landolt_Dia_Comp_1646,LD1646,molar,-56.71982638525485,measured
Landolt_Para_Comp_2121,LP2121,molar,145.98705321970124,measured
Landolt_Dia_Comp_3735,LD3735,molar,-53.65725959535623,measured
Landolt_Dia_Comp_3511,LD3511,molar,-69.82078105919634,measured
Landolt_Para_Comp_4213,LP4213,molar,379.53668023835195,measured
Landolt_Dia_Comp_359,LD359,molar,-29.435585622193763,measured
Landolt_Dia_Comp_5189,LD5189,molar,-15.487552483841377,measured
Landolt_Para_Comp_157,LP157,molar,13.360226375032484,measured
Landolt_Dia_Comp_796,LD796,molar,-74.18078183375837,measured
Landolt_Para_Comp_1158,LP1158,molar,170.05046965527123,measured
Landolt_Para_Comp_2820,LP2820,molar,72.15367463913347,measured
Landolt_Para_Comp_890,LP890,molar,48.45190313025049,measured
Landolt_Para_Comp_5155,LP5155,molar,49.099662569573916,measured
Landolt_Dia_Comp_2988,LD2988,molar,-26.79136760398093,measured
Landolt_Dia_Comp_820,LD820,molar,-50.402608585657546,measured
Landolt_Dia_Comp_2555,LD2555,molar,-84.1534283340173,measured
Landolt_Para_Comp_3780,LP3780,molar,21.07464949272851,measured
Landolt_Para_Comp_3447,LP3447,molar,45.985988330960915,measured
Landolt_Dia_Comp_1252,LD1252,molar,-45.208055293541534,measured
Landolt_Para_Comp_3028,LP3028,molar,220.01819680815242,measured
Landolt_Dia_Comp_379,LD379,molar,-57.86311038247582,measured
Landolt_Para_Comp_4867,LP4867,molar,39.483212079820234,measured
Landolt_Para_Comp_4282,LP4282,molar,93.77173153284186,measured
Landolt_Para_Comp_1486,LP1486,molar,267.966104575913,measured
Landolt_Para_Comp_4509,LP4509,molar,94.5980251409969,measured
Landolt_Dia_Comp_5417,LD5417,molar,-23.546038409405764,measured
Landolt_Para_Comp_1000,LP1000,molar,81.99030382809443,measured
Landolt_Para_Comp_4992,LP4992,molar,339.48446894602245,measured
Landolt_Para_Comp_4655,LP4655,molar,22.43757325647831,measured
Landolt_Dia_Comp_894,LD894,molar,-62.059754112668216,measured
Landolt_Dia_Comp_2909,LD2909,molar,-20.97003162379217,measured
Landolt_Dia_Comp_3925,LD3925,molar,-36.292349386542604,measured
Landolt_Para_Comp_2418,LP2418,molar,148.01971698626883,measured
Landolt_Para_Comp_4200,LP4200,molar,154.8532832861259,measured
Landolt_Para_Comp_4779,LP4779,molar,120.46218001886241,measured
Landolt_Dia_Comp_867,LD867,molar,-74.31360045739268,measured
Landolt_Dia_Comp_1489,LD1489,molar,-47.43454901234759,measured
Landolt_Para_Comp_3478,LP3478,molar,92.57880571611582,measured
Landolt_Para_Comp_2413,LP2413,molar,24.522013948463673,measured
Landolt_Dia_Comp_522,LD522,molar,-29.822652222399533,measured
Landolt_Dia_Comp_1590,LD1590,molar,-22.880490245613366,measured
Landolt_Dia_Comp_2411,LD2411,molar,-41.087978535615854,measured
Landolt_Dia_Comp_4272,LD4272,molar,-24.179246066368258,measured
Landolt_Para_Comp_1902,LP1902,molar,41.42883541220192,measured
Landolt_Para_Comp_3281,LP3281,molar,522.0460517509314,measured
Landolt_Dia_Comp_5075,LD5075,molar,-80.59245915345485,measured
Landolt_Dia_Comp_1486,LD1486,molar,-57.723192438195866,measured
Landolt_Dia_Comp_4046,LD4046,molar,-66.94459387718072,measured
Landolt_Dia_Comp_5249,LD5249,molar,-18.068555605753843,measured
Landolt_Dia_Comp_650,LD650,molar,-49.46839518271084,measured
Landolt_Dia_Comp_2352,LD2352,molar,-55.51107327730338,measured
Landolt_Dia_Comp_4494,LD4494,molar,-70.2536438792745,measured
Landolt_Dia_Comp_1410,LD1410,molar,-39.59389004585843,measured
Landolt_Para_Comp_5185,LP5185,molar,124.2972992991177,measured
Landolt_Dia_Comp_3325,LD3325,molar,-43.76280324373391,measured
Landolt_Dia_Comp_943,LD943,molar,-54.094358748396175,measured
Landolt_Dia_Comp_871,LD871,molar,-5.57886975931617,measured
Landolt_Para_Comp_1726,LP1726,molar,59.837686846472195,measured
Landolt_Para_Comp_3949,LP3949,molar,24.60823916287122,measured
Landolt_Dia_Comp_2813,LD2813,molar,-1.0,measured
Landolt_Dia_Comp_4539,LD4539,molar,-31.62924273517414,measured
Landolt_Dia_Comp_727,LD727,molar,-59.861241698271854,measured
Landolt_Dia_Comp_375,LD375,molar,-47.880077741031215,measured
Landolt_Para_Comp_1135,LP1135,molar,124.8883284219336,measured
Landolt_Dia_Comp_4218,LD4218,molar,-59.15024316186999,measured
Landolt_Para_Comp_2140,LP2140,molar,121.68917744588985,measured
Landolt_Dia_Comp_2639,LD2639,molar,-52.04599358451429,measured
Landolt_Dia_Comp_917,LD917,molar,-39.66395078685545,measured
Landolt_Dia_Comp_5982,LD5982,molar,-61.201063401208856,measured
Landolt_Para_Comp_3547,LP3547,molar,607.9728279863618,measured
Landolt_Dia_Comp_2862,LD2862,molar,-66.07227496977347,measured
Landolt_Dia_Comp_4960,LD4960,molar,-9.756397258967027,measured
Landolt_Para_Comp_2517,LP2517,molar,116.78651509814388,measured
Landolt_Dia_Comp_3924,LD3924,molar,-54.774988490221205,measured
Landolt_Dia_Comp_258,LD258,molar,-40.76364597668943,measured
Landolt_Dia_Comp_1405,LD1405,molar,-51.48971007578204,measured
Landolt_Dia_Comp_2051,LD2051,molar,-46.09736849649825,measured
Landolt_Dia_Comp_3150,LD3150,molar,-59.96609430976601,measured
Landolt_Para_Comp_4865,LP4865,molar,287.01991971463383,measured
Landolt_Dia_Comp_5829,LD5829,molar,-59.59421135517698,measured
Landolt_Dia_Comp_180,LD180,molar,-48.27987467498176,measured
Landolt_Para_Comp_4429,LP4429,molar,36.86580009810527,measured
Landolt_Dia_Comp_1870,LD1870,molar,-34.82579508048674,measured
Landolt_Dia_Comp_4273,LD4273,molar,-57.98517228601474,measured
Landolt_Para_Comp_3105,LP3105,molar,11.734403256090399,measured
Landolt_Dia_Comp_4707,LD4707,molar,-60.973819591547354,measured
Landolt_Dia_Comp_1610,LD1610,molar,-50.97811937007836,measured
Landolt_Dia_Comp_2900,LD2900,molar,-52.08501015329507,measured
Landolt_Dia_Comp_4147,LD4147,molar,-67.35549995494418,measured
Landolt_Para_Comp_326,LP326,molar,20.560941193307812,measured
Landolt_Para_Comp_1793,LP1793,molar,82.10243281753897,measured
Landolt_Para_Comp_1192,LP1192,molar,59.86465181524769,measured
Landolt_Dia_Comp_3331,LD3331,molar,-26.524719800126487,measured
Landolt_Para_Comp_2208,LP2208,molar,200.90801374767358,measured
Landolt_Dia_Comp_5462,LD5462,molar,-91.81868690545954,measured
Landolt_Para_Comp_3304,LP3304,molar,93.33766368019178,measured
Landolt_Para_Comp_2362,LP2362,molar,483.11481926538346,measured
Landolt_Para_Comp_4754,LP4754,molar,241.06529684853567,measured
Landolt_Para_Comp_4230,LP4230,molar,192.8714063291268,measured
Landolt_Dia_Comp_4987,LD4987,molar,-69.70587323429255,measured
Landolt_Para_Comp_2803,LP2803,molar,192.09668441347748,measured
Landolt_Para_Comp_577,LP577,molar,35.895340684369614,measured
Landolt_Para_Comp_3113,LP3113,molar,195.07235716364042,measured
Landolt_Dia_Comp_1274,LD1274,molar,-34.91837087172582,measured
Landolt_Dia_Comp_5169,LD5169,molar,-94.08859022045904,measured
Landolt_Para_Comp_2706,LP2706,molar,117.72288913506384,measured
Landolt_Para_Comp_2011,LP2011,molar,90.70091274336008,measured
Landolt_Dia_Comp_4617,LD4617,molar,-31.07151545344673,measured
Landolt_Dia_Comp_2430,LD2430,molar,-101.95883591720587,measured
Landolt_Dia_Comp_1777,LD1777,molar,-22.262681462746848,measured
Landolt_Para_Comp_1581,LP1581,molar,17.72573878154438,measured
Landolt_Dia_Comp_817,LD817,molar,-18.66318140913585,measured
Landolt_Dia_Comp_1294,LD1294,molar,-90.4562438161269,measured
Landolt_Dia_Comp_1444,LD1444,molar,-85.756446732026,measured
Landolt_Dia_Comp_1181,LD1181,molar,-53.47554407875484,measured
Landolt_Dia_Comp_2933,LD2933,molar,-18.245478679650642,measured
Landolt_Para_Comp_3686,LP3686,molar,167.07959105115788,measured
Landolt_Dia_Comp_2911,LD2911,molar,-75.95844105709546,measured
Landolt_Dia_Comp_202,LD202,molar,-57.81889793336819,measured
Landolt_Para_Comp_3320,LP3320,molar,70.57032904604438,measured
Landolt_Para_Comp_906,LP906,molar,10.606842156545833,measured
Landolt_Dia_Comp_5420,LD5420,molar,-50.204625469236554,measured
Landolt_Para_Comp_257,LP257,molar,115.45491208840853,measured
Landolt_Para_Comp_2812,LP2812,molar,29.57262205270306,measured
Landolt_Para_Comp_1450,LP1450,molar,166.67745521164804,measured
Landolt_Para_Comp_5420,LP5420,molar,20.548225094230432,measured
Landolt_Dia_Comp_3045,LD3045,molar,-71.9733383917773,measured
Landolt_Para_Comp_5507,LP5507,molar,188.55220362937033,measured
Landolt_Para_Comp_1051,LP1051,molar,22.79230957650438,measured
Landolt_Para_Comp_1302,LP1302,molar,20.066629350556987,measured
Landolt_Para_Comp_2674,LP2674,molar,304.7689892611186,measured
Landolt_Para_Comp_571,LP571,molar,30.337113733830954,measured
Landolt_Dia_Comp_3636,LD3636,molar,-32.82623552661851,measured
Landolt_Dia_Comp_4437,LD4437,molar,-31.667247256120984,measured
Landolt_Dia_Comp_3055,LD3055,molar,-63.06152547530864,measured
Landolt_Para_Comp_1833,LP1833,molar,124.09445398755733,measured
Landolt_Para_Comp_2885,LP2885,molar,45.24866223235293,measured
Landolt_Dia_Comp_4467,LD4467,molar,-27.315115494759453,measured
Landolt_Para_Comp_1838,LP1838,molar,143.42747180701306,measured
Landolt_Para_Comp_1449,LP1449,molar,85.29590350199545,measured
Landolt_Para_Comp_4665,LP4665,molar,139.21430296696784,measured
Landolt_Dia_Comp_1241,LD1241,molar,-31.224938213962172,measured
Landolt_Dia_Comp_233,LD233,molar,-57.785104673636056,measured
Landolt_Para_Comp_1703,LP1703,molar,33.02692212072796,measured
Landolt_Dia_Comp_606,LD606,molar,-51.1662411055878,measured
Landolt_Para_Comp_1741,LP1741,molar,208.58907337843692,measured
Landolt_Dia_Comp_5920,LD5920,molar,-83.9718056524741,measured
Landolt_Dia_Comp_3866,LD3866,molar,-42.04612564828889,measured
Landolt_Para_Comp_9,LP9,molar,50.43024777743131,measured
Landolt_Dia_Comp_4701,LD4701,molar,-41.17082748002666,measured
Landolt_Dia_Comp_102,LD102,molar,-20.69549577123179,measured
Landolt_Para_Comp_2100,LP2100,molar,20.94269282251203,measured
Landolt_Dia_Comp_2096,LD2096,molar,-55.15356411152783,measured
Landolt_Dia_Comp_3357,LD3357,molar,-54.402225571712926,measured
Landolt_Para_Comp_1539,LP1539,molar,50.910838853461534,measured
Landolt_Para_Comp_2447,LP2447,molar,337.09088853364483,measured
Landolt_Dia_Comp_5652,LD5652,molar,-42.16158907205169,measured
Landolt_Para_Comp_90,LP90,molar,110.0238102104111,measured
Landolt_Para_Comp_761,LP761,molar,142.0414653176628,measured
Landolt_Para_Comp_1787,LP1787,molar,173.50954272735922,measured
Landolt_Para_Comp_983,LP983,molar,476.58798987214243,measured
Landolt_Para_Comp_5285,LP5285,molar,21.075232859588517,measured
Landolt_Dia_Comp_2353,LD2353,molar,-63.48179268450291,measured
Landolt_Dia_Comp_5035,LD5035,molar,-39.34852253497198,measured
Landolt_Para_Comp_5266,LP5266,molar,27.86252888471879,measured
Landolt_Para_Comp_4808,LP4808,molar,132.59865428908074,measured
Landolt_Dia_Comp_5626,LD5626,molar,-38.003899784067045,measured
Landolt_Dia_Comp_3456,LD3456,molar,-31.772886482526015,measured
Landolt_Para_Comp_5320,LP5320,molar,21.47889295146434,measured
Landolt_Para_Comp_2725,LP2725,molar,17.613588093211735,measured
Landolt_Para_Comp_3435,LP3435,molar,14.235410907595107,measured
Landolt_Para_Comp_3132,LP3132,molar,16.281034022209077,measured
Landolt_Para_Comp_5923,LP5923,molar,78.23448134019935,measured
Landolt_Dia_Comp_5127,LD5127,molar,-15.110402828332063,measured
Landolt_Para_Comp_2867,LP2867,molar,142.7184262976489,measured
Landolt_Dia_Comp_3902,LD3902,molar,-39.748763525654276,measured
Landolt_Para_Comp_4455,LP4455,molar,125.7257212733373,measured
Landolt_Para_Comp_3812,LP3812,molar,44.59349758655548,measured
Landolt_Para_Comp_4219,LP4219,molar,139.63714601620873,measured
Landolt_Para_Comp_3329,LP3329,molar,11.816967660385654,measured
Landolt_Para_Comp_3747,LP3747,molar,65.11893280473035,measured
Landolt_Para_Comp_4833,LP4833,molar,25.76527392596357,measured
Landolt_Para_Comp_2311,LP2311,molar,201.48270451565497,measured
Landolt_Dia_Comp_3774,LD3774,molar,-77.47541044646098,measured
Landolt_Para_Comp_5790,LP5790,molar,119.53994930443727,measured
Landolt_Para_Comp_4955,LP4955,molar,222.36317597701674,measured
Landolt_Para_Comp_2567,LP2567,molar,123.54182047833882,measured
Landolt_Para_Comp_1348,LP1348,molar,365.6306357976309,measured
Landolt_Dia_Comp_2946,LD2946,molar,-40.45893900523709,measured
Landolt_Dia_Comp_4862,LD4862,molar,-75.5594894819136,measured
Landolt_Para_Comp_2498,LP2498,molar,132.7283949777613,measured
Landolt_Dia_Comp_459,LD459,molar,-58.08781968248999,measured
Landolt_Dia_Comp_4401,LD4401,molar,-31.28502674682211,measured
Landolt_Para_Comp_5105,LP5105,molar,388.2641772080483,measured
Landolt_Dia_Comp_2210,LD2210,molar,-48.11754168597466,measured
Landolt_Dia_Comp_3187,LD3187,molar,-99.10165591288204,measured
Landolt_Dia_Comp_57,LD57,molar,-62.77440386514125,measured
Landolt_Para_Comp_1972,LP1972,molar,112.42890234482137,measured
Landolt_Dia_Comp_3993,LD3993,molar,-61.441723862872564,measured
Landolt_Dia_Comp_986,LD986,molar,-49.14031494085349,measured
Landolt_Para_Comp_2390,LP2390,molar,201.13112086825117,measured
Landolt_Dia_Comp_2456,LD2456,molar,-49.61583563750446,measured
Landolt_Para_Comp_4149,LP4149,molar,508.5719746809051,measured
Landolt_Para_Comp_3149,LP3149,molar,129.44715558272742,measured
Landolt_Dia_Comp_2400,LD2400,molar,-39.62735414541295,measured
Landolt_Dia_Comp_3941,LD3941,molar,-49.86775287944508,measured
Landolt_Para_Comp_1940,LP1940,molar,16.054065367373802,measured
Landolt_Para_Comp_4529,LP4529,molar,63.27733648075474,measured
Landolt_Dia_Comp_625,LD625,molar,-47.758241412148244,measured
Landolt_Para_Comp_4459,LP4459,molar,29.609577584653685,measured
Landolt_Para_Comp_3540,LP3540,molar,158.1819745171926,measured
Landolt_Para_Comp_3691,LP3691,molar,510.8525279489573,measured
Landolt_Para_Comp_40,LP40,molar,87.88521332207176,measured
Landolt_Dia_Comp_1787,LD1787,molar,-34.327521330045954,measured
Landolt_Dia_Comp_4204,LD4204,molar,-18.231759602013547,measured
Landolt_Para_Comp_3690,LP3690,molar,17.235254961778548,measured
Landolt_Dia_Comp_4661,LD4661,molar,-38.602527292346835,measured
Landolt_Para_Comp_211,LP211,molar,199.3167213079338,measured
Landolt_Dia_Comp_1504,LD1504,molar,-36.879493641232166,measured
Landolt_Para_Comp_3256,LP3256,molar,21.634800115911904,measured
Landolt_Para_Comp_2523,LP2523,molar,134.71888314992938,measured
Landolt_Para_Comp_5197,LP5197,molar,205.71329490557605,measured
Landolt_Para_Comp_2977,LP2977,molar,449.7382639252385,measured
Landolt_Para_Comp_3961,LP3961,molar,223.6836360453637,measured
Landolt_Para_Comp_376,LP376,molar,117.87404098802381,measured
Landolt_Dia_Comp_1345,LD1345,molar,-76.96601047172977,measured
Landolt_Dia_Comp_2816,LD2816,molar,-52.67983654573617,measured
Landolt_Para_Comp_1257,LP1257,molar,171.8939153294177,measured
Landolt_Dia_Comp_5971,LD5971,molar,-60.42969540983297,measured
Landolt_Dia_Comp_2290,LD2290,molar,-42.1437098610146,measured
Landolt_Dia_Comp_5802,LD5802,molar,-1.0,measured
Landolt_Dia_Comp_178,LD178,molar,-50.75196741037415,measured
Landolt_Para_Comp_2023,LP2023,molar,524.189887950239,measured
Landolt_Para_Comp_4642,LP4642,molar,98.54996535142972,measured
Landolt_Dia_Comp_5041,LD5041,molar,-35.65569153757256,measured
Landolt_Dia_Comp_1310,LD1310,molar,-43.006601530933864,measured
Landolt_Dia_Comp_3749,LD3749,molar,-80.75296263741967,measured
Landolt_Para_Comp_5858,LP5858,molar,45.57602720450114,measured
Landolt_Dia_Comp_2845,LD2845,molar,-27.401088058611244,measured
Landolt_Para_Comp_1382,LP1382,molar,91.99485091271558,measured
Landolt_Dia_Comp_4671,LD4671,molar,-53.3759373600182,measured
Landolt_Dia_Comp_3450,LD3450,molar,-40.331656749460976,measured
Landolt_Dia_Comp_5245,LD5245,molar,-42.92564192122863,measured
Landolt_Dia_Comp_1588,LD1588,molar,-41.782827412731834,measured
Landolt_Para_Comp_1962,LP1962,molar,65.86217327642055,measured
Landolt_Dia_Comp_1461,LD1461,molar,-69.94043701230787,measured
Landolt_Dia_Comp_3227,LD3227,molar,-39.57751534659836,measured
Landolt_Para_Comp_881,LP881,molar,115.465095971309,measured
Landolt_Dia_Comp_4753,LD4753,molar,-7.970650861736289,measured
Landolt_Dia_Comp_3594,LD3594,molar,-50.11036084530759,measured
Landolt_Para_Comp_4614,LP4614,molar,403.446656119607,measured
Landolt_Para_Comp_3537,LP3537,molar,88.05975852136935,measured
Landolt_Para_Comp_5053,LP5053,molar,51.03263387986562,measured
Landolt_Para_Comp_22,LP22,molar,194.49285763265908,measured
Landolt_Para_Comp_3835,LP3835,molar,60.45269843149208,measured
Landolt_Dia_Comp_3852,LD3852,molar,-71.33119311004486,measured
Landolt_Para_Comp_3017,LP3017,molar,60.313621487439384,measured
Landolt_Dia_Comp_1141,LD1141,molar,-90.04608478801755,measured
Landolt_Dia_Comp_2010,LD2010,molar,-35.86623000050743,measured
Landolt_Dia_Comp_4815,LD4815,molar,-64.37144897376953,measured
Landolt_Dia_Comp_5011,LD5011,molar,-33.790375573831554,measured
Landolt_Para_Comp_5062,LP5062,molar,373.18285015237717,measured
Landolt_Dia_Comp_4806,LD4806,molar,-49.75832842364905,measured
Landolt_Dia_Comp_3634,LD3634,molar,-46.28698293903139,measured
Landolt_Dia_Comp_2683,LD2683,molar,-54.898015719111314,measured
Landolt_Para_Comp_4341,LP4341,molar,123.3621924168143,measured
Landolt_Para_Comp_1780,LP1780,molar,88.55103284951312,measured
Landolt_Para_Comp_5911,LP5911,molar,68.21156697652137,measured
Landolt_Para_Comp_2081,LP2081,molar,557.4040104702617,measured
Landolt_Para_Comp_2253,LP2253,molar,109.1858885333505,measured
Landolt_Para_Comp_2164,LP2164,molar,248.3344350679497,measured
Landolt_Dia_Comp_4211,LD4211,molar,-49.98408899207155,measured
Landolt_Dia_Comp_2561,LD2561,molar,-78.34348657573652,measured
Landolt_Para_Comp_3950,LP3950,molar,11.626937179073979,measured
Landolt_Dia_Comp_5260,LD5260,molar,-29.482039138959166,measured
Landolt_Para_Comp_303,LP303,molar,121.84875621612687,measured
Landolt_Para_Comp_865,LP865,molar,253.56037969902565,measured
Landolt_Para_Comp_2318,LP2318,molar,11.022435627222995,measured
Landolt_Dia_Comp_2786,LD2786,molar,-75.69049284898026,measured
Landolt_Dia_Comp_5061,LD5061,molar,-54.55867721177002,measured
Landolt_Para_Comp_5627,LP5627,molar,84.19608876367668,measured
Landolt_Para_Comp_3820,LP3820,molar,34.03539228168057,measured
Landolt_Dia_Comp_2175,LD2175,molar,-51.58005886156025,measured
Landolt_Para_Comp_2151,LP2151,molar,56.712114069130564,measured
Landolt_Dia_Comp_4830,LD4830,molar,-52.13667283247987,measured
Landolt_Para_Comp_731,LP731,molar,142.87876952932135,measured
Landolt_Dia_Comp_4462,LD4462,molar,-67.69611712711827,measured
Landolt_Para_Comp_4812,LP4812,molar,58.62291533255475,measured
Landolt_Dia_Comp_5596,LD5596,molar,-35.8357528857686,measured
Landolt_Para_Comp_581,LP581,molar,188.35550248563595,measured
Landolt_Para_Comp_5217,LP5217,molar,35.85694434902099,measured
Landolt_Dia_Comp_395,LD395,molar,-84.11963709435906,measured
Landolt_Dia_Comp_4246,LD4246,molar,-59.838831845011256,measured
Landolt_Para_Comp_1306,LP1306,molar,175.38032744829363,measured
Landolt_Para_Comp_3556,LP3556,molar,10.268363850710024,measured
Landolt_Dia_Comp_4362,LD4362,molar,-71.67674057234602,measured
Landolt_Para_Comp_2143,LP2143,molar,19.039666665699116,measured
Landolt_Para_Comp_3181,LP3181,molar,40.52192400522186,measured
Landolt_Dia_Comp_2111,LD2111,molar,-38.31904835073672,measured
Landolt_Para_Comp_2647,LP2647,molar,521.8261296982926,measured
Landolt_Para_Comp_3123,LP3123,molar,180.16214264200937,measured
Landolt_Para_Comp_4605,LP4605,molar,310.5568627247002,measured
Landolt_Dia_Comp_5373,LD5373,molar,-47.352488702483846,measured
Landolt_Dia_Comp_4498,LD4498,molar,-52.880476845602885,measured
Landolt_Para_Comp_4598,LP4598,molar,449.61754939437157,measured
Landolt_Dia_Comp_2495,LD2495,molar,-92.2684024283373,measured
Landolt_Para_Comp_5660,LP5660,molar,277.3913980260352,measured
Landolt_Para_Comp_5550,LP5550,molar,134.36773170313612,measured
Landolt_Para_Comp_4951,LP4951,molar,81.66160893697185,measured
Landolt_Dia_Comp_5004,LD5004,molar,-45.10858844572101,measured
Landolt_Para_Comp_1099,LP1099,molar,107.64811323418586,measured
Landolt_Dia_Comp_3099,LD3099,molar,-35.45486198656904,measured
Landolt_Dia_Comp_1621,LD1621,molar,-56.90994706120458,measured
Landolt_Para_Comp_5787,LP5787,molar,478.92206383642537,measured
Landolt_Dia_Comp_342,LD342,molar,-47.769111728494224,measured
Landolt_Dia_Comp_5758,LD5758,molar,-85.3966635424614,measured
Landolt_Para_Comp_3295,LP3295,molar,357.3835913308665,measured
Landolt_Para_Comp_3880,LP3880,molar,78.75415058053188,measured
Landolt_Dia_Comp_4818,LD4818,molar,-73.04585636808689,measured
Landolt_Dia_Comp_2486,LD2486,molar,-60.02790829201662,measured
Landolt_Dia_Comp_5227,LD5227,molar,-68.02964604209949,measured
Landolt_Para_Comp_4120,LP4120,molar,15.178178215363134,measured
Landolt_Dia_Comp_5699,LD5699,molar,-40.29512519531431,measured
Landolt_Para_Comp_3425,LP3425,molar,44.539923860767075,measured
Landolt_Para_Comp_2957,LP2957,molar,239.37813873322642,measured
Landolt_Dia_Comp_2026,LD2026,molar,-38.345155230058715,measured
Landolt_Dia_Comp_4807,LD4807,molar,-59.78742766710395,measured
Landolt_Para_Comp_1503,LP1503,molar,232.5417344806268,measured
Landolt_Para_Comp_4407,LP4407,molar,131.29245112256706,measured
Landolt_Para_Comp_433,LP433,molar,49.46988464182817,measured
Landolt_Dia_Comp_3097,LD3097,molar,-110.97244832015723,measured
Landolt_Para_Comp_1930,LP1930,molar,176.09922020848066,measured
Landolt_Dia_Comp_2550,LD2550,molar,-57.45350208343816,measured
Landolt_Dia_Comp_5408,LD5408,molar,-34.078863983654216,measured
Landolt_Dia_Comp_4657,LD4657,molar,-71.5736862864876,measured
Landolt_Dia_Comp_4733,LD4733,molar,-48.11333043691592,measured
Landolt_Dia_Comp_5277,LD5277,molar,-71.9916756148017,measured
Landolt_Dia_Comp_2605,LD2605,molar,-34.78661287765043,measured
Landolt_Dia_Comp_474,LD474,molar,-71.96049877719867,measured
Landolt_Dia_Comp_5809,LD5809,molar,-98.28547598605257,measured
Landolt_Para_Comp_1057,LP1057,molar,22.815110413065057,measured
Landolt_Para_Comp_5523,LP5523,molar,297.16810504161094,measured
Landolt_Para_Comp_622,LP622,molar,42.96717667303995,measured
Landolt_Dia_Comp_1512,LD1512,molar,-12.661543426078126,measured
Landolt_Dia_Comp_5842,LD5842,molar,-42.720984838102574,measured
Landolt_Dia_Comp_5153,LD5153,molar,-62.333176296614226,measured
Landolt_Dia_Comp_665,LD665,molar,-59.29329407555376,measured
Landolt_Para_Comp_5677,LP5677,molar,439.812220704588,measured
Landolt_Dia_Comp_279,LD279,molar,-10.712880576607134,measured
Landolt_Para_Comp_1639,LP1639,molar,54.72954529321859,measured
Landolt_Dia_Comp_2595,LD2595,molar,-11.232678881645768,measured
Landolt_Para_Comp_822,LP822,molar,298.9140040374002,measured
Landolt_Dia_Comp_5319,LD5319,molar,-59.837471817111876,measured
Landolt_Para_Comp_2411,LP2411,molar,139.4407845448953,measured
Landolt_Para_Comp_4699,LP4699,molar,69.60859972602339,measured
Landolt_Para_Comp_4278,LP4278,molar,76.05330977050095,measured
Landolt_Dia_Comp_2590,LD2590,molar,-82.9212425198445,measured
Landolt_Para_Comp_2951,LP2951,molar,228.96518899871558,measured
Landolt_Para_Comp_3794,LP3794,molar,448.0854523891781,measured
Landolt_Dia_Comp_4341,LD4341,molar,-56.762658847352085,measured
Landolt_Dia_Comp_4278,LD4278,molar,-34.46305751663037,measured
Landolt_Dia_Comp_2646,LD2646,molar,-76.33026930346412,measured
Landolt_Para_Comp_5329,LP5329,molar,128.11195419885598,measured
Landolt_Para_Comp_3553,LP3553,molar,663.6441482642283,measured
Landolt_Para_Comp_5699,LP5699,molar,32.93059266461747,measured
Landolt_Dia_Comp_2957,LD2957,molar,-70.35144183628674,measured
Landolt_Dia_Comp_1797,LD1797,molar,-43.689192590786604,measured
Landolt_Para_Comp_439,LP439,molar,58.31090356275535,measured
Landolt_Dia_Comp_5217,LD5217,molar,-59.08022460083767,measured
Landolt_Dia_Comp_5663,LD5663,molar,-45.834204925802396,measured
Landolt_Dia_Comp_16,LD16,molar,-43.768232455331145,measured
Landolt_Para_Comp_280,LP280,molar,207.191583581009,measured
Landolt_Dia_Comp_3597,LD3597,molar,-41.31015925806743,measured
Landolt_Para_Comp_1204,LP1204,molar,577.0489642130168,measured
Landolt_Para_Comp_1316,LP1316,molar,71.07193962778717,measured
Landolt_Para_Comp_4595,LP4595,molar,81.81353943856654,measured
Landolt_Dia_Comp_3360,LD3360,molar,-64.32473908752054,measured
Landolt_Dia_Comp_1449,LD1449,molar,-66.86778198080212,measured
Landolt_Para_Comp_2849,LP2849,molar,361.69161411121684,measured
Landolt_Dia_Comp_4466,LD4466,molar,-30.164265532668217,measured
Landolt_Dia_Comp_3406,LD3406,molar,-25.63344681382597,measured
Landolt_Dia_Comp_2015,LD2015,molar,-43.74650090732599,measured
Landolt_Para_Comp_3721,LP3721,molar,154.95931008276074,measured
Landolt_Para_Comp_3473,LP3473,molar,156.9249745448376,measured
Landolt_Dia_Comp_3731,LD3731,molar,-52.80174635195886,measured
Landolt_Para_Comp_4692,LP4692,molar,158.96793323017107,measured
Landolt_Dia_Comp_4525,LD4525,molar,-44.7045701844301,measured
Landolt_Para_Comp_1403,LP1403,molar,29.663890196724086,measured
Landolt_Dia_Comp_4730,LD4730,molar,-11.31748560717255,measured
Landolt_Para_Comp_3239,LP3239,molar,69.8206313517856,measured
Landolt_Para_Comp_2677,LP2677,molar,47.36994840409943,measured
Landolt_Dia_Comp_4268,LD4268,molar,-18.9825995891526,measured
Landolt_Para_Comp_1666,LP1666,molar,51.3215416392651,measured
Landolt_Para_Comp_1309,LP1309,molar,177.74695314748442,measured
Landolt_Para_Comp_1470,LP1470,molar,253.603954930765,measured
Landolt_Para_Comp_947,LP947,molar,112.72610086339898,measured
Landolt_Para_Comp_232,LP232,molar,466.72611740955256,measured
Landolt_Para_Comp_696,LP696,molar,109.07180535765633,measured
Landolt_Para_Comp_3318,LP3318,molar,40.043706664855335,measured
Landolt_Para_Comp_4124,LP4124,molar,40.80978486059172,measured
Landolt_Dia_Comp_1529,LD1529,molar,-47.031797165731575,measured
Landolt_Para_Comp_3363,LP3363,molar,53.31837205611705,measured
Landolt_Dia_Comp_911,LD911,molar,-41.72786841850952,measured
Landolt_Para_Comp_5865,LP5865,molar,212.9108216339528,measured
Landolt_Para_Comp_2034,LP2034,molar,164.3662745679232,measured
Landolt_Para_Comp_51,LP51,molar,300.8272108540976,measured
Landolt_Para_Comp_5954,LP5954,molar,245.2683873857932,measured
Landolt_Dia_Comp_2388,LD2388,molar,-2.2609214224707515,measured
Landolt_Dia_Comp_3945,LD3945,molar,-30.025430504096825,measured
Landolt_Para_Comp_1131,LP1131,molar,73.21192306257117,measured
Landolt_Para_Comp_5059,LP5059,molar,117.49462471302374,measured
Landolt_Para_Comp_3904,LP3904,molar,75.89497477032118,measured
Landolt_Dia_Comp_5762,LD5762,molar,-65.40987010252792,measured
Landolt_Para_Comp_4264,LP4264,molar,187.76039099782977,measured
Landolt_Para_Comp_864,LP864,molar,46.71092840719849,measured
Landolt_Dia_Comp_1943,LD1943,molar,-65.73367496504679,measured
Landolt_Para_Comp_2785,LP2785,molar,16.582263407686977,measured
Landolt_Para_Comp_5453,LP5453,molar,129.11326073881338,measured
Landolt_Para_Comp_5132,LP5132,molar,441.2932551152999,measured
Landolt_Dia_Comp_3271,LD3271,molar,-78.81213635867681,measured
Landolt_Para_Comp_1815,LP1815,molar,179.5760924770052,measured
Landolt_Dia_Comp_402,LD402,molar,-19.124771677538774,measured
Landolt_Dia_Comp_3023,LD3023,molar,-67.33074764889817,measured
Landolt_Dia_Comp_2080,LD2080,molar,-28.466804896298882,measured
Landolt_Dia_Comp_39,LD39,molar,-63.245062961595906,measured
Landolt_Dia_Comp_512,LD512,molar,-33.697370996942446,measured
Landolt_Dia_Comp_5678,LD5678,molar,-48.58708751140186,measured
Landolt_Para_Comp_3287,LP3287,molar,332.5323826242999,measured
Landolt_Dia_Comp_4458,LD4458,molar,-57.04973329981517,measured
Landolt_Dia_Comp_2808,LD2808,molar,-38.99122120925348,measured
Landolt_Para_Comp_1652,LP1652,molar,489.9173397799381,measured
Landolt_Para_Comp_4831,LP4831,molar,70.54993818140062,measured
Landolt_Dia_Comp_3365,LD3365,molar,-33.708903292884045,measured
Landolt_Dia_Comp_5582,LD5582,molar,-52.820025451524835,measured
Landolt_Para_Comp_4060,LP4060,molar,215.53586640821578,measured
Landolt_Dia_Comp_5123,LD5123,molar,-36.513871847569696,measured
Landolt_Dia_Comp_4443,LD4443,molar,-69.91659304282959,measured
Landolt_Para_Comp_1137,LP1137,molar,70.92293462678083,measured
Landolt_Para_Comp_3157,LP3157,molar,203.51485994826479,measured
Landolt_Dia_Comp_5574,LD5574,molar,-39.717265718303885,measured
Landolt_Dia_Comp_5677,LD5677,molar,-63.79785646601767,measured
Landolt_Para_Comp_2596,LP2596,molar,115.7233778704634,measured
Landolt_Para_Comp_2851,LP2851,molar,218.4937403469974,measured
Landolt_Dia_Comp_4639,LD4639,molar,-13.530156182544964,measured
Landolt_Dia_Comp_3921,LD3921,molar,-73.18524412795192,measured
Landolt_Dia_Comp_781,LD781,molar,-60.007988303171004,measured
Landolt_Para_Comp_3614,LP3614,molar,28.409605020523056,measured
Landolt_Dia_Comp_5454,LD5454,molar,-33.56933968060336,measured
Landolt_Dia_Comp_5644,LD5644,molar,-44.406236539543684,measured
Landolt_Dia_Comp_2848,LD2848,molar,-49.56847910487807,measured
Landolt_Para_Comp_2072,LP2072,molar,20.155426849218642,measured
Landolt_Dia_Comp_4527,LD4527,molar,-60.74316412122998,measured
Landolt_Dia_Comp_47,LD47,molar,-39.854219244457674,measured
Landolt_Dia_Comp_610,LD610,molar,-56.97186954545995,measured
Landolt_Dia_Comp_2662,LD2662,molar,-33.32870837859635,measured
Landolt_Para_Comp_2209,LP2209,molar,255.7004432977351,measured
Landolt_Para_Comp_311,LP311,molar,28.037901694165377,measured
Landolt_Dia_Comp_4320,LD4320,molar,-74.94865471853882,measured
Landolt_Para_Comp_5655,LP5655,molar,56.414139347679836,measured
Landolt_Dia_Comp_2599,LD2599,molar,-54.58186320590718,measured
Landolt_Dia_Comp_5858,LD5858,molar,-51.99763073349832,measured
Landolt_Para_Comp_173,LP173,molar,120.20275804285598,measured
Landolt_Dia_Comp_4909,LD4909,molar,-30.590741309982473,measured
Landolt_Dia_Comp_3010,LD3010,molar,-51.67380660594698,measured
Landolt_Dia_Comp_5914,LD5914,molar,-26.947546049899135,measured
Landolt_Para_Comp_5689,LP5689,molar,222.93034300103002,measured
Landolt_Para_Comp_5746,LP5746,molar,83.61608473920708,measured
Landolt_Dia_Comp_2649,LD2649,molar,-14.357958225733412,measured
Landolt_Para_Comp_3204,LP3204,molar,156.21183633018418,measured
Landolt_Para_Comp_1475,LP1475,molar,32.4707102282799,measured
Landolt_Dia_Comp_1901,LD1901,molar,-67.16803850027853,measured
Landolt_Para_Comp_3205,LP3205,molar,63.9806255416258,measured
Landolt_Dia_Comp_4848,LD4848,molar,-46.98598634265301,measured
Landolt_Para_Comp_89,LP89,molar,17.415130068258197,measured
Landolt_Para_Comp_1685,LP1685,molar,31.42252302251665,measured
Landolt_Para_Comp_730,LP730,molar,39.80169322755566,measured
Landolt_Dia_Comp_799,LD799,molar,-23.404870290323764,measured
Landolt_Para_Comp_5282,LP5282,molar,143.14657977016975,measured
Landolt_Dia_Comp_5362,LD5362,molar,-43.15128453169132,measured
Landolt_Para_Comp_1633,LP1633,molar,12.124913878740383,measured
Landolt_Dia_Comp_569,LD569,molar,-52.463889143608675,measured
Landolt_Para_Comp_514,LP514,molar,29.89108392182666,measured
Landolt_Para_Comp_5959,LP5959,molar,50.346521292090934,measured
Landolt_Para_Comp_5537,LP5537,molar,328.6632151381541,measured
Landolt_Dia_Comp_4045,LD4045,molar,-38.862353353479236,measured
Landolt_Para_Comp_1274,LP1274,molar,16.376045713889415,measured
Landolt_Para_Comp_1195,LP1195,molar,61.034862861680296,measured
Landolt_Para_Comp_1327,LP1327,molar,31.695442463097773,measured
Landolt_Dia_Comp_1118,LD1118,molar,-44.65057582077813,measured
Landolt_Dia_Comp_2073,LD2073,molar,-51.04998541909493,measured
Landolt_Para_Comp_30,LP30,molar,25.56912833039558,measured
Landolt_Dia_Comp_2950,LD2950,molar,-57.378204822717606,measured
Landolt_Dia_Comp_5737,LD5737,molar,-43.33068745961392,measured
Landolt_Para_Comp_3551,LP3551,molar,136.99718904310805,measured
Landolt_Para_Comp_1936,LP1936,molar,161.97002734198358,measured
Landolt_Para_Comp_3552,LP3552,molar,127.74578122854369,measured
Landolt_Dia_Comp_1293,LD1293,molar,-1.0,measured
Landolt_Dia_Comp_5981,LD5981,molar,-73.65537535598986,measured
Landolt_Para_Comp_5745,LP5745,molar,620.3538648912794,measured
Landolt_Dia_Comp_4463,LD4463,molar,-68.75239051401,measured
Landolt_Para_Comp_3165,LP3165,molar,93.09334403648465,measured
Landolt_Para_Comp_611,LP611,molar,465.7110013750857,measured
Landolt_Dia_Comp_1757,LD1757,molar,-49.26560299452466,measured
Landolt_Para_Comp_5636,LP5636,molar,60.09409784623565,measured
Landolt_Para_Comp_2879,LP2879,molar,11.756959274302869,measured
Landolt_Para_Comp_5686,LP5686,molar,65.78796085009424,measured
Landolt_Dia_Comp_5360,LD5360,molar,-96.60534001557703,measured
Landolt_Para_Comp_5670,LP5670,molar,39.697485869931114,measured
Landolt_Para_Comp_1694,LP1694,molar,415.3327761224738,measured
Landolt_Para_Comp_5824,LP5824,molar,233.20886603812042,measured
Landolt_Para_Comp_2115,LP2115,molar,70.8045216955141,measured
Landolt_Para_Comp_869,LP869,molar,107.1150211678102,measured
Landolt_Para_Comp_5129,LP5129,molar,226.25701632385076,measured
Landolt_Dia_Comp_1054,LD1054,molar,-68.54697947398589,measured
Landolt_Dia_Comp_5645,LD5645,molar,-20.628965614876535,measured
Landolt_Para_Comp_953,LP953,molar,199.68154884464977,measured
Landolt_Dia_Comp_1919,LD1919,molar,-33.20287880929294,measured
Landolt_Para_Comp_958,LP958,molar,285.65078230570174,measured
Landolt_Para_Comp_4069,LP4069,molar,19.58036318704127,measured
Landolt_Para_Comp_1295,LP1295,molar,77.15468769173515,measured
Landolt_Para_Comp_1976,LP1976,molar,332.94294414306125,measured
Landolt_Dia_Comp_448,LD448,molar,-52.93984856177181,measured
Landolt_Dia_Comp_5341,LD5341,molar,-45.31155095832636,measured
Landolt_Para_Comp_2664,LP2664,molar,100.00279152032087,measured
Landolt_Para_Comp_648,LP648,molar,76.13084185761944,measured
Landolt_Dia_Comp_240,LD240,molar,-54.283515117654474,measured
Landolt_Dia_Comp_3189,LD3189,molar,-57.14136229835802,measured
Landolt_Dia_Comp_5908,LD5908,molar,-54.51501338626947,measured
Landolt_Dia_Comp_3094,LD3094,molar,-56.03092595688109,measured
Landolt_Para_Comp_524,LP524,molar,263.67598011578065,measured
Landolt_Para_Comp_2590,LP2590,molar,16.810415669482147,measured
Landolt_Dia_Comp_2172,LD2172,molar,-28.844382708585158,measured
Landolt_Dia_Comp_1629,LD1629,molar,-52.84666480291523,measured
Landolt_Para_Comp_1592,LP1592,molar,125.66917121653395,measured
Landolt_Para_Comp_4130,LP4130,molar,313.35779159538816,measured
Landolt_Para_Comp_3850,LP3850,molar,149.29499186462462,measured
Landolt_Dia_Comp_5116,LD5116,molar,-43.66115141377046,measured
Landolt_Para_Comp_1987,LP1987,molar,11.320262386738614,measured
Landolt_Dia_Comp_3402,LD3402,molar,-35.057738847215234,measured
Landolt_Para_Comp_5902,LP5902,molar,69.52676518835989,measured
Landolt_Dia_Comp_4445,LD4445,molar,-58.10154528682288,measured
Landolt_Para_Comp_1284,LP1284,molar,78.1127383735678,measured
Landolt_Dia_Comp_3403,LD3403,molar,-19.37762114595859,measured
Landolt_Para_Comp_818,LP818,molar,39.31797796786627,measured
Landolt_Dia_Comp_82,LD82,molar,-52.514182264712275,measured
Landolt_Dia_Comp_3949,LD3949,molar,-91.65727456531542,measured
Landolt_Para_Comp_1328,LP1328,molar,234.11144059550105,measured
Landolt_Para_Comp_1324,LP1324,molar,198.2462695443802,measured
Landolt_Para_Comp_5277,LP5277,molar,36.35840501016768,measured
Landolt_Para_Comp_3773,LP3773,molar,406.6222232909595,measured
Landolt_Dia_Comp_5013,LD5013,molar,-57.81831903573511,measured
Landolt_Dia_Comp_5391,LD5391,molar,-29.392850304743806,measured
Landolt_Dia_Comp_2217,LD2217,molar,-60.72741578399107,measured
Landolt_Dia_Comp_784,LD784,molar,-43.32828008891335,measured
Landolt_Dia_Comp_2104,LD2104,molar,-76.46213965564766,measured
Landolt_Para_Comp_2236,LP2236,molar,382.5509742388132,measured
Landolt_Para_Comp_2536,LP2536,molar,33.85182406147746,measured
Landolt_Para_Comp_2638,LP2638,molar,53.46648915187454,measured
Landolt_Dia_Comp_3676,LD3676,molar,-82.4532026202029,measured
Landolt_Para_Comp_404,LP404,molar,216.5433350832697,measured
Landolt_Para_Comp_2382,LP2382,molar,37.332299737404604,measured
Landolt_Dia_Comp_4377,LD4377,molar,-4.294047776455329,measured
Landolt_Para_Comp_2519,LP2519,molar,46.80137509203556,measured
Landolt_Dia_Comp_455,LD455,molar,-74.13784947068706,measured
Landolt_Para_Comp_5456,LP5456,molar,23.310443394578634,measured
Landolt_Dia_Comp_4456,LD4456,molar,-59.410104940256986,measured
Landolt_Para_Comp_4036,LP4036,molar,259.16262369232015,measured
Landolt_Para_Comp_615,LP615,molar,193.7684646197485,measured
Landolt_Dia_Comp_1173,LD1173,molar,-44.61074234187445,measured
Landolt_Dia_Comp_4087,LD4087,molar,-28.09313951065855,measured
Landolt_Para_Comp_1097,LP1097,molar,113.25741691334076,measured
Landolt_Para_Comp_3068,LP3068,molar,85.55093541674114,measured
Landolt_Para_Comp_179,LP179,molar,70.42138614258991,measured
Landolt_Para_Comp_862,LP862,molar,110.92296988176582,measured
Landolt_Para_Comp_4129,LP4129,molar,45.70865068231608,measured
Landolt_Para_Comp_4175,LP4175,molar,66.6583334803393,measured
Landolt_Dia_Comp_2772,LD2772,molar,-27.01797268916678,measured
Landolt_Para_Comp_5925,LP5925,molar,314.79935173867506,measured
Landolt_Para_Comp_5502,LP5502,molar,226.4396162315418,measured
Landolt_Dia_Comp_5163,LD5163,molar,-65.93334556413228,measured
Landolt_Dia_Comp_324,LD324,molar,-64.78931384162397,measured
Landolt_Para_Comp_2267,LP2267,molar,433.87708930193196,measured
Landolt_Para_Comp_5533,LP5533,molar,142.0642642322787,measured
Landolt_Dia_Comp_550,LD550,molar,-77.75645332149695,measured
Landolt_Dia_Comp_3374,LD3374,molar,-36.84146842345595,measured
Landolt_Dia_Comp_5274,LD5274,molar,-40.95547692209927,measured
Landolt_Dia_Comp_2731,LD2731,molar,-38.5491474568769,measured
Landolt_Dia_Comp_3918,LD3918,molar,-104.34449658863502,measured
Landolt_Dia_Comp_4015,LD4015,molar,-52.63556823869438,measured
Landolt_Para_Comp_1473,LP1473,molar,137.65466234467613,measured
Landolt_Dia_Comp_3190,LD3190,molar,-41.39153102176171,measured
Landolt_Dia_Comp_703,LD703,molar,-50.88805365714933,measured
Landolt_Dia_Comp_3373,LD3373,molar,-66.20576583364814,measured
Landolt_Para_Comp_5161,LP5161,molar,27.447785130204096,measured
Landolt_Dia_Comp_2942,LD2942,molar,-73.26351224583152,measured
Landolt_Para_Comp_3857,LP3857,molar,132.65410687113877,measured
Landolt_Dia_Comp_2737,LD2737,molar,-1.0,measured
Landolt_Dia_Comp_2230,LD2230,molar,-56.449684760656496,measured
Landolt_Para_Comp_564,LP564,molar,16.410536689528293,measured
Landolt_Dia_Comp_4359,LD4359,molar,-89.77280435232962,measured
Landolt_Dia_Comp_1225,LD1225,molar,-42.90167060959303,measured
Landolt_Para_Comp_2694,LP2694,molar,61.95510258929846,measured
Landolt_Para_Comp_1680,LP1680,molar,311.70952347398236,measured
Landolt_Para_Comp_944,LP944,molar,253.51425927433158,measured
Landolt_Dia_Comp_5605,LD5605,molar,-98.58907801901758,measured
Landolt_Dia_Comp_5244,LD5244,molar,-39.00618769385532,measured
Landolt_Dia_Comp_3839,LD3839,molar,-37.60427852023895,measured
Landolt_Para_Comp_4356,LP4356,molar,22.63271932266954,measured
Landolt_Para_Comp_5189,LP5189,molar,136.49268908223638,measured
Landolt_Dia_Comp_2481,LD2481,molar,-49.27268079897309,measured
Landolt_Para_Comp_1800,LP1800,molar,426.53235851875536,measured
Landolt_Para_Comp_560,LP560,molar,116.33723726094766,measured
Landolt_Para_Comp_2042,LP2042,molar,463.4564966807047,measured
Landolt_Dia_Comp_1619,LD1619,molar,-65.48304584322725,measured
Landolt_Para_Comp_1596,LP1596,molar,78.57064615775425,measured
Landolt_Dia_Comp_5262,LD5262,molar,-49.97092705478917,measured
Landolt_Dia_Comp_5305,LD5305,molar,-23.96116646447371,measured
Landolt_Para_Comp_477,LP477,molar,56.75420317984219,measured
Landolt_Dia_Comp_1894,LD1894,molar,-33.795366328329585,measured
Landolt_Dia_Comp_2974,LD2974,molar,-64.31663259369006,measured
Landolt_Para_Comp_5882,LP5882,molar,133.858465036489,measured
Landolt_Dia_Comp_2543,LD2543,molar,-68.52812385432505,measured
Landolt_Para_Comp_1927,LP1927,molar,95.69807416373264,measured
Landolt_Para_Comp_5554,LP5554,molar,138.5620452628982,measured
Landolt_Para_Comp_5377,LP5377,molar,315.6140025391012,measured
Landolt_Para_Comp_2753,LP2753,molar,45.3113454443043,measured
Landolt_Para_Comp_3974,LP3974,molar,214.20240944622734,measured
Landolt_Dia_Comp_1875,LD1875,molar,-68.00646130798708,measured
Landolt_Dia_Comp_507,LD507,molar,-27.261045354249042,measured
Landolt_Para_Comp_4266,LP4266,molar,228.0201779228497,measured
Landolt_Dia_Comp_392,LD392,molar,-67.71895950912935,measured
Landolt_Dia_Comp_4505,LD4505,molar,-59.92383776466755,measured
Landolt_Dia_Comp_1035,LD1035,molar,-45.555821064525546,measured
Landolt_Dia_Comp_393,LD393,molar,-56.048515305526756,measured
Landolt_Para_Comp_3114,LP3114,molar,85.6917400745894,measured
Landolt_Para_Comp_1977,LP1977,molar,51.025531242569954,measured
Landolt_Dia_Comp_3528,LD3528,molar,-67.76526087253853,measured
Landolt_Dia_Comp_2412,LD2412,molar,-26.222216303897795,measured
Landolt_Para_Comp_1476,LP1476,molar,99.76566813758843,measured
Landolt_Dia_Comp_2964,LD2964,molar,-61.65885386278756,measured
Landolt_Para_Comp_2149,LP2149,molar,77.2593528829981,measured
Landolt_Para_Comp_2256,LP2256,molar,186.95778465548642,measured
Landolt_Dia_Comp_5984,LD5984,molar,-35.12160663181805,measured
Landolt_Dia_Comp_4438,LD4438,molar,-40.06946376088928,measured
Landolt_Para_Comp_754,LP754,molar,277.1307355200722,measured
Landolt_Dia_Comp_2237,LD2237,molar,-60.171124351622446,measured
Landolt_Para_Comp_1428,LP1428,molar,217.01243674636055,measured
Landolt_Dia_Comp_4281,LD4281,molar,-22.349361905573044,measured
Landolt_Dia_Comp_4175,LD4175,molar,-48.99046970505563,measured
Landolt_Para_Comp_2718,LP2718,molar,189.16327889580475,measured
Landolt_Para_Comp_4908,LP4908,molar,76.44790837259357,measured
Landolt_Dia_Comp_1066,LD1066,molar,-71.97462261438105,measured
Landolt_Dia_Comp_1122,LD1122,molar,-13.522514234323772,measured
Landolt_Para_Comp_1849,LP1849,molar,182.79298083220448,measured
Landolt_Dia_Comp_5467,LD5467,molar,-59.7604519563797,measured
Landolt_Dia_Comp_1660,LD1660,molar,-29.712552299149927,measured
Landolt_Para_Comp_2338,LP2338,molar,31.845572292099458,measured
Landolt_Para_Comp_3612,LP3612,molar,45.75659712379522,measured
Landolt_Dia_Comp_5947,LD5947,molar,-67.32084084491228,measured
Landolt_Dia_Comp_1657,LD1657,molar,-63.17583192102801,measured
Landolt_Para_Comp_4582,LP4582,molar,208.98854934324393,measured
Landolt_Para_Comp_3188,LP3188,molar,135.54666155014928,measured
Landolt_Para_Comp_5602,LP5602,molar,346.6610203620877,measured
Landolt_Para_Comp_235,LP235,molar,103.7414631414097,measured
Landolt_Para_Comp_3272,LP3272,molar,359.53903532737263,measured
Landolt_Para_Comp_1892,LP1892,molar,166.1076068648412,measured
Landolt_Dia_Comp_4489,LD4489,molar,-64.32196838158521,measured
Landolt_Dia_Comp_2110,LD2110,molar,-36.031616918038324,measured
Landolt_Dia_Comp_3465,LD3465,molar,-89.06717386651626,measured
Landolt_Dia_Comp_2956,LD2956,molar,-38.78735692772793,measured
Landolt_Dia_Comp_4687,LD4687,molar,-45.90833014865779,measured
Landolt_Para_Comp_777,LP777,molar,514.9151272263073,measured
Landolt_Dia_Comp_2267,LD2267,molar,-84.20050226046556,measured
Landolt_Dia_Comp_2169,LD2169,molar,-69.93059042975858,measured
Landolt_Para_Comp_5403,LP5403,molar,95.24182954771398,measured
Landolt_Para_Comp_190,LP190,molar,62.49329602265557,measured
Landolt_Para_Comp_5038,LP5038,molar,126.4483440654624,measured
Landolt_Dia_Comp_3239,LD3239,molar,-66.76599692366172,measured
Landolt_Para_Comp_2829,LP2829,molar,16.257677102221354,measured
Landolt_Para_Comp_1572,LP1572,molar,96.93570483765205,measured
Landolt_Dia_Comp_1232,LD1232,molar,-5.556767942763585,measured
Landolt_Dia_Comp_5471,LD5471,molar,-40.66720096737983,measured
Landolt_Para_Comp_3108,LP3108,molar,67.46940464077343,measured
Landolt_Dia_Comp_3590,LD3590,molar,-43.52826207098115,measured
Landolt_Dia_Comp_3315,LD3315,molar,-49.35107807610515,measured
Landolt_Para_Comp_2953,LP2953,molar,168.32614432837366,measured
Landolt_Dia_Comp_4091,LD4091,molar,-57.610377880319,measured
Landolt_Para_Comp_4362,LP4362,molar,35.88476689091116,measured
Landolt_Dia_Comp_121,LD121,molar,-67.7728597335852,measured
Landolt_Dia_Comp_4886,LD4886,molar,-35.16547761531912,measured
Landolt_Para_Comp_1462,LP1462,molar,16.764184219133934,measured
Landolt_Dia_Comp_3581,LD3581,molar,-55.50045505679207,measured
Landolt_Para_Comp_2668,LP2668,molar,21.29164268050676,measured
Landolt_Dia_Comp_1464,LD1464,molar,-67.84804181454803,measured
Landolt_Para_Comp_3718,LP3718,molar,115.04598753159864,measured
Landolt_Para_Comp_2176,LP2176,molar,35.924351265937574,measured
Landolt_Para_Comp_1250,LP1250,molar,53.79414328482361,measured
Landolt_Para_Comp_5260,LP5260,molar,83.46298470329062,measured
Landolt_Dia_Comp_2842,LD2842,molar,-47.461727098177164,measured
Landolt_Para_Comp_5492,LP5492,molar,140.5778312486812,measured
Landolt_Para_Comp_4931,LP4931,molar,164.12085450727727,measured
Landolt_Para_Comp_1026,LP1026,molar,131.35591225421388,measured
Landolt_Dia_Comp_4335,LD4335,molar,-61.053596983002365,measured
Landolt_Para_Comp_735,LP735,molar,109.45071942109699,measured
Landolt_Para_Comp_3415,LP3415,molar,304.55716544611283,measured
Landolt_Dia_Comp_5119,LD5119,molar,-57.57443316316333,measured
Landolt_Para_Comp_1271,LP1271,molar,45.34201604858874,measured
Landolt_Para_Comp_4119,LP4119,molar,196.9100042862247,measured
Landolt_Dia_Comp_2083,LD2083,molar,-23.051931367006894,measured
Landolt_Para_Comp_1484,LP1484,molar,99.74391003666055,measured
Landolt_Dia_Comp_5460,LD5460,molar,-38.271072497706854,measured
Landolt_Para_Comp_3084,LP3084,molar,123.45681008683977,measured
Landolt_Dia_Comp_3617,LD3617,molar,-1.0,measured
Landolt_Dia_Comp_671,LD671,molar,-46.42121188723954,measured
Landolt_Para_Comp_645,LP645,molar,214.29958730417863,measured
Landolt_Para_Comp_3036,LP3036,molar,23.227231969601828,measured
Landolt_Dia_Comp_842,LD842,molar,-70.73909081492232,measured
Landolt_Dia_Comp_3391,LD3391,molar,-53.23607679849917,measured
Landolt_Para_Comp_2870,LP2870,molar,143.96681747757117,measured
Landolt_Para_Comp_1544,LP1544,molar,155.59552730641067,measured
Landolt_Dia_Comp_5755,LD5755,molar,-46.93416061014365,measured
Landolt_Dia_Comp_5775,LD5775,molar,-42.06042902463349,measured
Landolt_Para_Comp_911,LP911,molar,161.15457455541173,measured
Landolt_Dia_Comp_4875,LD4875,molar,-51.5500526329559,measured
Landolt_Dia_Comp_4887,LD4887,molar,-25.603340174212263,measured
Landolt_Para_Comp_3787,LP3787,molar,306.29978041019467,measured
Landolt_Para_Comp_435,LP435,molar,170.3985292489311,measured
Landolt_Dia_Comp_4497,LD4497,molar,-62.019506432024386,measured
Landolt_Para_Comp_5471,LP5471,molar,273.20560153458433,measured
Landolt_Dia_Comp_5817,LD5817,molar,-17.7471351329934,measured
Landolt_Dia_Comp_5161,LD5161,molar,-44.26937881234677,measured
Landolt_Para_Comp_205,LP205,molar,48.03261824286248,measured
Landolt_Dia_Comp_3447,LD3447,molar,-42.10757965628297,measured
Landolt_Dia_Comp_2912,LD2912,molar,-47.29828882359362,measured
Landolt_Dia_Comp_4485,LD4485,molar,-56.886204254770036,measured
Landolt_Para_Comp_2137,LP2137,molar,206.43846652614198,measured
Landolt_Dia_Comp_2140,LD2140,molar,-17.843789881929723,measured
Landolt_Dia_Comp_5438,LD5438,molar,-53.09026267900477,measured
Landolt_Dia_Comp_5416,LD5416,molar,-39.21281912669423,measured
Landolt_Dia_Comp_851,LD851,molar,-12.200350642699796,measured
Landolt_Dia_Comp_768,LD768,molar,-37.38642131522861,measured
Landolt_Para_Comp_4161,LP4161,molar,171.62609496709842,measured
Landolt_Dia_Comp_1231,LD1231,molar,-61.96207917780125,measured
Landolt_Para_Comp_5781,LP5781,molar,143.10278041270502,measured
Landolt_Para_Comp_2454,LP2454,molar,43.13756222645116,measured
Landolt_Dia_Comp_704,LD704,molar,-39.130550685916674,measured
Landolt_Dia_Comp_1347,LD1347,molar,-27.79189268975861,measured
Landolt_Para_Comp_65,LP65,molar,168.61974351689676,measured
Landolt_Dia_Comp_861,LD861,molar,-71.84094714201987,measured
Landolt_Dia_Comp_4759,LD4759,molar,-44.433210365816024,measured
Landolt_Para_Comp_5252,LP5252,molar,86.07218847268393,measured
Landolt_Dia_Comp_961,LD961,molar,-42.665482441622174,measured
Landolt_Para_Comp_1055,LP1055,molar,100.80110565322393,measured
Landolt_Para_Comp_3844,LP3844,molar,17.967285491616444,measured
Landolt_Dia_Comp_1127,LD1127,molar,-6.580509846598694,measured
Landolt_Para_Comp_5168,LP5168,molar,66.79562975727663,measured
Landolt_Para_Comp_1050,LP1050,molar,111.15591633802937,measured
Landolt_Dia_Comp_1208,LD1208,molar,-47.98796824682636,measured
Landolt_Para_Comp_5973,LP5973,molar,43.8965857203936,measured
Landolt_Para_Comp_495,LP495,molar,33.819349652657735,measured
Landolt_Dia_Comp_5673,LD5673,molar,-106.81508720455011,measured
Landolt_Para_Comp_3923,LP3923,molar,11.85283363997722,measured
Landolt_Dia_Comp_540,LD540,molar,-53.08095626205131,measured
Landolt_Dia_Comp_499,LD499,molar,-57.76682267098758,measured
Landolt_Dia_Comp_5022,LD5022,molar,-41.11775713275338,measured
Landolt_Para_Comp_3156,LP3156,molar,317.94208334789397,measured
Landolt_Dia_Comp_1947,LD1947,molar,-46.3420260063802,measured
Landolt_Para_Comp_5261,LP5261,molar,65.80610214986284,measured
Landolt_Dia_Comp_4799,LD4799,molar,-24.422211320472982,measured
Landolt_Para_Comp_1555,LP1555,molar,164.64070310361882,measured
Landolt_Dia_Comp_3297,LD3297,molar,-89.67203087250584,measured
Landolt_Para_Comp_5117,LP5117,molar,46.511665594242324,measured
Landolt_Dia_Comp_2615,LD2615,molar,-57.63365530697035,measured
Landolt_Dia_Comp_1909,LD1909,molar,-42.086734594398436,measured
Landolt_Para_Comp_3632,LP3632,molar,250.60771381933102,measured
Landolt_Para_Comp_37,LP37,molar,223.652915349669,measured
Landolt_Dia_Comp_1282,LD1282,molar,-74.63938005467787,measured
Landolt_Dia_Comp_3332,LD3332,molar,-38.3810695472562,measured
Landolt_Para_Comp_3057,LP3057,molar,85.69689242181317,measured
Landolt_Dia_Comp_3077,LD3077,molar,-51.36591640819674,measured
Landolt_Para_Comp_5543,LP5543,molar,28.623524622896078,measured
Landolt_Para_Comp_397,LP397,molar,36.30860542726137,measured
Landolt_Para_Comp_1258,LP1258,molar,145.74548083829623,measured
Landolt_Dia_Comp_4457,LD4457,molar,-86.05229466678684,measured
Landolt_Para_Comp_1010,LP1010,molar,103.94649125154322,measured
Landolt_Para_Comp_2886,LP2886,molar,82.63239577170506,measured
Landolt_Para_Comp_3849,LP3849,molar,160.02615445566556,measured
Landolt_Dia_Comp_42,LD42,molar,-36.34879224564399,measured
Landolt_Para_Comp_1931,LP1931,molar,57.116814817505954,measured
Landolt_Para_Comp_4536,LP4536,molar,195.24360057529046,measured
Landolt_Para_Comp_1038,LP1038,molar,39.956725325239915,measured
Landolt_Para_Comp_891,LP891,molar,37.91651274471829,measured
Landolt_Para_Comp_4716,LP4716,molar,207.5241787791515,measured
Landolt_Para_Comp_1183,LP1183,molar,178.42811608884278,measured
Landolt_Dia_Comp_1412,LD1412,molar,-18.646358734094512,measured
Landolt_Para_Comp_5877,LP5877,molar,192.27438376185864,measured
Landolt_Dia_Comp_4351,LD4351,molar,-1.0,measured
Landolt_Para_Comp_2135,LP2135,molar,48.965022905021655,measured
Landolt_Dia_Comp_5704,LD5704,molar,-77.66026611445636,measured
Landolt_Dia_Comp_4349,LD4349,molar,-69.97222879333759,measured
Landolt_Dia_Comp_3780,LD3780,molar,-83.69719285684974,measured
Landolt_Dia_Comp_5401,LD5401,molar,-66.62264912145271,measured
Landolt_Para_Comp_5676,LP5676,molar,17.532888346251223,measured
Landolt_Para_Comp_3755,LP3755,molar,357.5982467268738,measured
Landolt_Dia_Comp_1712,LD1712,molar,-47.2866701045897,measured
Landolt_Para_Comp_538,LP538,molar,105.0660225539915,measured
Landolt_Dia_Comp_688,LD688,molar,-32.24061435243702,measured
Landolt_Para_Comp_225,LP225,molar,18.147787220665336,measured
Landolt_Dia_Comp_185,LD185,molar,-69.96526141663395,measured
Landolt_Dia_Comp_2598,LD2598,molar,-49.7474797046918,measured
Landolt_Dia_Comp_4064,LD4064,molar,-77.817797136482,measured
Landolt_Para_Comp_5852,LP5852,molar,67.18419081155102,measured
Landolt_Dia_Comp_4833,LD4833,molar,-89.79257683432414,measured
Landolt_Para_Comp_301,LP301,molar,122.24232549094012,measured
Landolt_Para_Comp_2987,LP2987,molar,165.35486634694004,measured
Landolt_Para_Comp_2756,LP2756,molar,527.041271340816,measured
Landolt_Dia_Comp_1502,LD1502,molar,-84.37257242578963,measured
Landolt_Dia_Comp_1927,LD1927,molar,-62.99500019247101,measured
Landolt_Dia_Comp_4721,LD4721,molar,-56.555986837003054,measured
Landolt_Dia_Comp_5696,LD5696,molar,-32.808002579031644,measured
Landolt_Dia_Comp_2500,LD2500,molar,-78.53752645794395,measured
Landolt_Para_Comp_5929,LP5929,molar,506.4120693517127,measured
Landolt_Dia_Comp_497,LD497,molar,-47.037402052983644,measured
Landolt_Para_Comp_2068,LP2068,molar,26.31795562858578,measured
Landolt_Dia_Comp_1135,LD1135,molar,-51.94460378212355,measured
Landolt_Dia_Comp_1304,LD1304,molar,-30.772288859899867,measured
Landolt_Para_Comp_3031,LP3031,molar,123.90960259717826,measured
Landolt_Para_Comp_1865,LP1865,molar,141.89589225510784,measured
Landolt_Para_Comp_1877,LP1877,molar,538.1130035605846,measured
Landolt_Dia_Comp_5412,LD5412,molar,-6.780004784896107,measured
Landolt_Dia_Comp_5586,LD5586,molar,-19.42295418794344,measured
Landolt_Para_Comp_42,LP42,molar,101.19142929703196,measured
Landolt_Para_Comp_3609,LP3609,molar,545.405876559523,measured
Landolt_Para_Comp_1374,LP1374,molar,84.6426811251023,measured
Landolt_Para_Comp_2761,LP2761,molar,94.57687683516055,measured
Landolt_Dia_Comp_1580,LD1580,molar,-63.22656087747674,measured
Landolt_Dia_Comp_5686,LD5686,molar,-23.133345810525412,measured
Landolt_Para_Comp_2300,LP2300,molar,32.54594879549798,measured
Landolt_Dia_Comp_3471,LD3471,molar,-36.76924565454165,measured
Landolt_Dia_Comp_2745,LD2745,molar,-51.51194651732015,measured
Landolt_Dia_Comp_1049,LD1049,molar,-76.72637415079211,measured
Landolt_Dia_Comp_5790,LD5790,molar,-31.685479389569704,measured
Landolt_Para_Comp_5717,LP5717,molar,301.55458001392725,measured
Landolt_Para_Comp_3550,LP3550,molar,73.18791379354613,measured
Landolt_Para_Comp_2963,LP2963,molar,165.13693894144916,measured
Landolt_Dia_Comp_2310,LD2310,molar,-45.146703912062236,measured
Landolt_Dia_Comp_3156,LD3156,molar,-64.37302309971946,measured
Landolt_Dia_Comp_4971,LD4971,molar,-41.88925234016456,measured
Landolt_Dia_Comp_2655,LD2655,molar,-1.0,measured
Landolt_Dia_Comp_531,LD531,molar,-64.49423285079612,measured
Landolt_Dia_Comp_4280,LD4280,molar,-49.951199671669606,measured
Landolt_Para_Comp_4525,LP4525,molar,221.73923023177525,measured
Landolt_Dia_Comp_4422,LD4422,molar,-57.237739497070905,measured
Landolt_Dia_Comp_5239,LD5239,molar,-59.33185615500015,measured
Landolt_Para_Comp_2337,LP2337,molar,29.632699390194027,measured
Landolt_Dia_Comp_5054,LD5054,molar,-65.09292157691897,measured
Landolt_Dia_Comp_5187,LD5187,molar,-57.11818532340836,measured
Landolt_Para_Comp_3346,LP3346,molar,16.811986592557933,measured
Landolt_Para_Comp_5924,LP5924,molar,77.15068091406394,measured
Landolt_Dia_Comp_4376,LD4376,molar,-74.12239473890367,measured
Landolt_Dia_Comp_3221,LD3221,molar,-65.16903144807128,measured
Landolt_Para_Comp_1407,LP1407,molar,17.674039128211625,measured
Landolt_Dia_Comp_5970,LD5970,molar,-59.35311126993618,measured
Landolt_Dia_Comp_2475,LD2475,molar,-73.89113712200154,measured
Landolt_Para_Comp_956,LP956,molar,128.04203169589073,measured
Landolt_Dia_Comp_2529,LD2529,molar,-51.12112622605349,measured
Landolt_Para_Comp_5696,LP5696,molar,73.46008536118305,measured
Landolt_Para_Comp_221,LP221,molar,229.85791025860266,measured
Landolt_Dia_Comp_3517,LD3517,molar,-29.917695433692444,measured
Landolt_Dia_Comp_776,LD776,molar,-66.5081460912952,measured
Landolt_Dia_Comp_2985,LD2985,molar,-72.0434034941047,measured
Landolt_Para_Comp_2102,LP2102,molar,224.2977412044241,measured
Landolt_Dia_Comp_1218,LD1218,molar,-51.350270638169675,measured
Landolt_Para_Comp_3608,LP3608,molar,537.5177337561421,measured
Landolt_Para_Comp_4719,LP4719,molar,255.01833887218388,measured
Landolt_Dia_Comp_2154,LD2154,molar,-35.858211015220434,measured
Landolt_Dia_Comp_5756,LD5756,molar,-60.30883916913593,measured
Landolt_Para_Comp_3185,LP3185,molar,92.1087334223314,measured
Landolt_Para_Comp_5515,LP5515,molar,109.16917754249577,measured
Landolt_Dia_Comp_5007,LD5007,molar,-48.749965464361374,measured
Landolt_Dia_Comp_2606,LD2606,molar,-54.98977679066244,measured
Landolt_Dia_Comp_717,LD717,molar,-34.946019683758166,measured
Landolt_Para_Comp_4505,LP4505,molar,209.65314381284097,measured
Landolt_Para_Comp_2873,LP2873,molar,326.0931298034025,measured
Landolt_Para_Comp_4157,LP4157,molar,154.69709671161655,measured
Landolt_Para_Comp_5394,LP5394,molar,332.53809265473495,measured
Landolt_Dia_Comp_4078,LD4078,molar,-30.35886304347945,measured
Landolt_Dia_Comp_4710,LD4710,molar,-81.88322881484186,measured
Landolt_Para_Comp_3893,LP3893,molar,250.95117258611097,measured
Landolt_Para_Comp_2217,LP2217,molar,383.2866786531505,measured
Landolt_Dia_Comp_2600,LD2600,molar,-48.54656740780395,measured
Landolt_Para_Comp_1570,LP1570,molar,552.2880341902214,measured
Landolt_Para_Comp_5927,LP5927,molar,101.61914817105495,measured
Landolt_Dia_Comp_2805,LD2805,molar,-56.3876866213167,measured
Landolt_Para_Comp_5905,LP5905,molar,43.48909373253923,measured
Landolt_Para_Comp_1772,LP1772,molar,202.23494653419593,measured
Landolt_Para_Comp_375,LP375,molar,61.051700300421764,measured
Landolt_Dia_Comp_5212,LD5212,molar,-65.48576545596774,measured
Landolt_Dia_Comp_4202,LD4202,molar,-67.84530000371059,measured
Landolt_Para_Comp_3424,LP3424,molar,354.75126737996555,measured
Landolt_Dia_Comp_1485,LD1485,molar,-59.83717918973383,measured
Landolt_Para_Comp_4033,LP4033,molar,125.41575687421907,measured
Landolt_Dia_Comp_5138,LD5138,molar,-62.5453644038375,measured
Landolt_Dia_Comp_758,LD758,molar,-70.51188734564366,measured
Landolt_Para_Comp_5138,LP5138,molar,45.17738272661842,measured
Landolt_Dia_Comp_4646,LD4646,molar,-23.54037560554501,measured
Landolt_Dia_Comp_1689,LD1689,molar,-49.898956308642944,measured
Landolt_Dia_Comp_2439,LD2439,molar,-42.90065742856801,measured
Landolt_Para_Comp_1196,LP1196,molar,24.239117344353474,measured
Landolt_Para_Comp_4941,LP4941,molar,239.76037759794664,measured
Landolt_Dia_Comp_1747,LD1747,molar,-88.6929860068118,measured
Landolt_Para_Comp_5081,LP5081,molar,464.3496848051957,measured
Landolt_Para_Comp_2850,LP2850,molar,253.16352839713107,measured
Landolt_Para_Comp_1824,LP1824,molar,118.74478114962984,measured
Landolt_Para_Comp_2194,LP2194,molar,258.8324266065797,measured
Landolt_Para_Comp_635,LP635,molar,92.81843861227395,measured
Landolt_Para_Comp_3720,LP3720,molar,103.48392624900842,measured
Landolt_Dia_Comp_3898,LD3898,molar,-43.138457764289356,measured
Landolt_Para_Comp_249,LP249,molar,136.2961656486009,measured
Landolt_Para_Comp_4067,LP4067,molar,285.18562345444514,measured
Landolt_Para_Comp_2937,LP2937,molar,41.19351007542827,measured
Landolt_Para_Comp_5065,LP5065,molar,556.9957629218659,measured
Landolt_Dia_Comp_2633,LD2633,molar,-46.29061480570309,measured
Landolt_Para_Comp_2021,LP2021,molar,121.33737602698918,measured
Landolt_Para_Comp_5128,LP5128,molar,255.53285679526905,measured
Landolt_Dia_Comp_4092,LD4092,molar,-53.420870637299956,measured
Landolt_Para_Comp_1967,LP1967,molar,277.96889010666706,measured
Landolt_Dia_Comp_3761,LD3761,molar,-40.53277679087935,measured
Landolt_Dia_Comp_2943,LD2943,molar,-23.09375538339897,measured
Landolt_Dia_Comp_3167,LD3167,molar,-64.0048082353889,measured
Landolt_Dia_Comp_3554,LD3554,molar,-49.4127556700912,measured
Landolt_Para_Comp_162,LP162,molar,25.648046902326296,measured
Landolt_Dia_Comp_1050,LD1050,molar,-44.771812682334264,measured
Landolt_Dia_Comp_5907,LD5907,molar,-69.14323304814685,measured
Landolt_Dia_Comp_588,LD588,molar,-67.19436125207191,measured
Landolt_Para_Comp_4670,LP4670,molar,38.238270516634486,measured
Landolt_Dia_Comp_5318,LD5318,molar,-30.1975043792844,measured
Landolt_Dia_Comp_4670,LD4670,molar,-56.449242496028006,measured
Landolt_Dia_Comp_4816,LD4816,molar,-17.641674740283463,measured
Landolt_Para_Comp_2124,LP2124,molar,317.17746287666085,measured
Landolt_Para_Comp_1345,LP1345,molar,65.86270237579055,measured
Landolt_Para_Comp_2805,LP2805,molar,16.01017414866591,measured
Landolt_Dia_Comp_5261,LD5261,molar,-25.359556040408556,measured
Landolt_Para_Comp_485,LP485,molar,165.93679498160523,measured
Landolt_Para_Comp_2974,LP2974,molar,94.01364125382719,measured
Landolt_Dia_Comp_927,LD927,molar,-63.763459740671365,measured
Landolt_Para_Comp_5712,LP5712,molar,35.552499514855754,measured
Landolt_Para_Comp_4639,LP4639,molar,52.160299319808125,measured
Landolt_Para_Comp_3672,LP3672,molar,88.90938656660988,measured
Landolt_Para_Comp_114,LP114,molar,46.76893053746034,measured
Landolt_Para_Comp_1205,LP1205,molar,93.82793944420295,measured
Landolt_Dia_Comp_4132,LD4132,molar,-36.505055317741856,measured
Landolt_Para_Comp_1019,LP1019,molar,346.527670512498,measured
Landolt_Dia_Comp_3838,LD3838,molar,-78.26656870939912,measured
Landolt_Dia_Comp_1836,LD1836,molar,-51.41491231119436,measured
Landolt_Dia_Comp_5870,LD5870,molar,-31.905165318148686,measured
Landolt_Dia_Comp_3398,LD3398,molar,-62.76078635230583,measured
Landolt_Para_Comp_4205,LP4205,molar,39.38614575021215,measured
Landolt_Dia_Comp_21,LD21,molar,-49.241505281247974,measured
Landolt_Dia_Comp_1587,LD1587,molar,-26.473436842691918,measured
Landolt_Para_Comp_1244,LP1244,molar,31.696863447082617,measured
Landolt_Dia_Comp_4944,LD4944,molar,-51.882780573608336,measured
Landolt_Para_Comp_3972,LP3972,molar,111.16792741526213,measured
Landolt_Para_Comp_350,LP350,molar,40.233104561750004,measured
Landolt_Dia_Comp_2233,LD2233,molar,-68.49359107560491,measured
Landolt_Para_Comp_3091,LP3091,molar,118.84962718149897,measured
Landolt_Para_Comp_2969,LP2969,molar,168.13036873632,measured
Landolt_Para_Comp_1074,LP1074,molar,173.39614359015107,measured
Landolt_Dia_Comp_4910,LD4910,molar,-39.40800977441286,measured
Landolt_Dia_Comp_5039,LD5039,molar,-44.75241311703934,measured
Landolt_Dia_Comp_1915,LD1915,molar,-82.64394613588591,measured
Landolt_Para_Comp_176,LP176,molar,123.23209933609674,measured
Landolt_Para_Comp_5312,LP5312,molar,119.12103183094278,measured
Landolt_Para_Comp_871,LP871,molar,46.00882195429316,measured
Landolt_Dia_Comp_1762,LD1762,molar,-38.85877495857506,measured
Landolt_Dia_Comp_2458,LD2458,molar,-53.97382988186492,measured
Landolt_Dia_Comp_2041,LD2041,molar,-52.5547775625237,measured
Landolt_Dia_Comp_2138,LD2138,molar,-51.02289892108588,measured
Landolt_Dia_Comp_3703,LD3703,molar,-36.33136139494569,measured
Landolt_Dia_Comp_176,LD176,molar,-45.670538999499016,measured
Landolt_Dia_Comp_4275,LD4275,molar,-17.862393794521473,measured
Landolt_Dia_Comp_2612,LD2612,molar,-91.95509918979809,measured
Landolt_Dia_Comp_4455,LD4455,molar,-80.99792681816498,measured
Landolt_Dia_Comp_2703,LD2703,molar,-60.91715747642694,measured
Landolt_Dia_Comp_1970,LD1970,molar,-65.37165758527827,measured
Landolt_Dia_Comp_3820,LD3820,molar,-29.030717479527304,measured
Landolt_Dia_Comp_907,LD907,molar,-15.738375672087088,measured
Landolt_Para_Comp_4789,LP4789,molar,70.7352219685335,measured
Landolt_Para_Comp_3338,LP3338,molar,18.43382920333525,measured
Landolt_Para_Comp_1303,LP1303,molar,353.26656570210673,measured
Landolt_Para_Comp_415,LP415,molar,11.027049361864597,measured
Landolt_Dia_Comp_408,LD408,molar,-41.33548564219652,measured
Landolt_Para_Comp_2427,LP2427,molar,521.8265952360603,measured
Landolt_Dia_Comp_574,LD574,molar,-31.15776979005874,measured
Landolt_Dia_Comp_1067,LD1067,molar,-28.74151730322099,measured
Landolt_Para_Comp_1609,LP1609,molar,16.911984633110126,measured
Landolt_Para_Comp_4541,LP4541,molar,80.95551457310508,measured
Landolt_Para_Comp_2086,LP2086,molar,80.82876474168742,measured
Landolt_Dia_Comp_5627,LD5627,molar,-56.22687239551745,measured
Landolt_Para_Comp_4943,LP4943,molar,25.900228650510282,measured
Landolt_Dia_Comp_3991,LD3991,molar,-66.37077227458421,measured
Landolt_Para_Comp_5618,LP5618,molar,333.54644485858154,measured
Landolt_Dia_Comp_2528,LD2528,molar,-70.36379812555417,measured
Landolt_Dia_Comp_3614,LD3614,molar,-30.411716426327324,measured
Landolt_Para_Comp_2794,LP2794,molar,437.64586534726106,measured
Landolt_Para_Comp_3014,LP3014,molar,19.15967121564003,measured
Landolt_Para_Comp_4686,LP4686,molar,94.59414745269709,measured
Landolt_Dia_Comp_3946,LD3946,molar,-1.0,measured
Landolt_Dia_Comp_2656,LD2656,molar,-40.07328910676641,measured
Landolt_Para_Comp_474,LP474,molar,112.53788811106176,measured
Landolt_Para_Comp_323,LP323,molar,42.18722189672379,measured
Landolt_Para_Comp_2365,LP2365,molar,32.68912573166011,measured
Landolt_Para_Comp_1649,LP1649,molar,222.49402011488496,measured
Landolt_Dia_Comp_5404,LD5404,molar,-46.141444993842164,measured
Landolt_Para_Comp_1189,LP1189,molar,37.03916886015803,measured
Landolt_Para_Comp_5873,LP5873,molar,194.55300513101818,measured
Landolt_Dia_Comp_1158,LD1158,molar,-48.867111242704254,measured
Landolt_Dia_Comp_387,LD387,molar,-41.6486033272439,measured
Landolt_Dia_Comp_4393,LD4393,molar,-51.492638351978535,measured
Landolt_Para_Comp_5288,LP5288,molar,202.37274070365544,measured
Landolt_Para_Comp_2615,LP2615,molar,296.75032992078116,measured
Landolt_Dia_Comp_1552,LD1552,molar,-67.67802787107428,measured
Landolt_Dia_Comp_5681,LD5681,molar,-81.04147501183152,measured
Landolt_Dia_Comp_5719,LD5719,molar,-16.430951103072687,measured
Landolt_Para_Comp_5809,LP5809,molar,174.44901056228528,measured
Landolt_Dia_Comp_1948,LD1948,molar,-51.03860517007226,measured
Landolt_Dia_Comp_5909,LD5909,molar,-82.18684311162643,measured
Landolt_Para_Comp_5521,LP5521,molar,129.54024250075656,measured
Landolt_Dia_Comp_3869,LD3869,molar,-45.22065820222049,measured
Landolt_Para_Comp_5819,LP5819,molar,143.9521943380355,measured
Landolt_Para_Comp_2487,LP2487,molar,61.354387299900424,measured
Landolt_Dia_Comp_3305,LD3305,molar,-52.17376920156959,measured
Landolt_Dia_Comp_87,LD87,molar,-37.07080600221651,measured
Landolt_Dia_Comp_5615,LD5615,molar,-4.84025236040317,measured
Landolt_Para_Comp_2508,LP2508,molar,155.30305874637952,measured
Landolt_Para_Comp_985,LP985,molar,87.33644598069453,measured
Landolt_Para_Comp_782,LP782,molar,75.99703376179365,measured
Landolt_Dia_Comp_3723,LD3723,molar,-56.63976008972875,measured
Landolt_Dia_Comp_5357,LD5357,molar,-48.06169460556276,measured
Landolt_Para_Comp_4944,LP4944,molar,121.29513406655771,measured
Landolt_Dia_Comp_4047,LD4047,molar,-40.386761505410504,measured
Landolt_Para_Comp_1692,LP1692,molar,40.498874654143414,measured
Landolt_Dia_Comp_4389,LD4389,molar,-26.929602615183633,measured
Landolt_Dia_Comp_5056,LD5056,molar,-46.70342895560193,measured
Landolt_Dia_Comp_3052,LD3052,molar,-24.741308040604665,measured
Landolt_Para_Comp_2326,LP2326,molar,315.965964941114,measured
Landolt_Para_Comp_1844,LP1844,molar,13.589668158688303,measured
Landolt_Dia_Comp_843,LD843,molar,-54.364342435798235,measured
Landolt_Para_Comp_4530,LP4530,molar,111.56990736377223,measured
Landolt_Para_Comp_2689,LP2689,molar,591.4605665752362,measured
Landolt_Dia_Comp_4751,LD4751,molar,-39.58281913228296,measured
Landolt_Dia_Comp_1551,LD1551,molar,-84.36806659409967,measured
Landolt_Dia_Comp_5166,LD5166,molar,-64.7913521952396,measured
Landolt_Dia_Comp_4583,LD4583,molar,-54.44646080500593,measured
Landolt_Para_Comp_905,LP905,molar,168.7472352441053,measured
Landolt_Dia_Comp_5339,LD5339,molar,-61.69226681943698,measured
Landolt_Para_Comp_2485,LP2485,molar,38.003466098672185,measured
Landolt_Para_Comp_4020,LP4020,molar,28.631221954255686,measured
Landolt_Dia_Comp_3421,LD3421,molar,-48.755480714460674,measured
Landolt_Para_Comp_5143,LP5143,molar,330.6923733632368,measured
Landolt_Para_Comp_3619,LP3619,molar,93.72029002650197,measured
Landolt_Para_Comp_5729,LP5729,molar,45.773888388171194,measured
Landolt_Dia_Comp_10,LD10,molar,-29.435365573303265,measured
Landolt_Para_Comp_1677,LP1677,molar,214.3868526546137,measured
Landolt_Para_Comp_4592,LP4592,molar,58.73992225390852,measured
Landolt_Para_Comp_2443,LP2443,molar,84.16209605204587,measured
Landolt_Para_Comp_1506,LP1506,molar,1048.502777071028,measured
Landolt_Para_Comp_523,LP523,molar,41.143365520080664,measured
Landolt_Dia_Comp_239,LD239,molar,-25.41394110049426,measured
Landolt_Para_Comp_5822,LP5822,molar,190.02771178133526,measured
Landolt_Para_Comp_1201,LP1201,molar,54.670540397224116,measured
Landolt_Dia_Comp_5237,LD5237,molar,-51.93705745637227,measured
Landolt_Dia_Comp_5461,LD5461,molar,-55.190725384010356,measured
Landolt_Para_Comp_991,LP991,molar,25.630960589708675,measured
Landolt_Para_Comp_5109,LP5109,molar,44.654109359813646,measured
Landolt_Dia_Comp_2998,LD2998,molar,-29.35717386880627,measured
Landolt_Para_Comp_3452,LP3452,molar,80.49678070751818,measured
Landolt_Para_Comp_3501,LP3501,molar,40.896074144144116,measured
Landolt_Para_Comp_445,LP445,molar,18.768262345067953,measured
Landolt_Dia_Comp_2106,LD2106,molar,-34.97176920098997,measured
Landolt_Dia_Comp_2676,LD2676,molar,-54.09333902380659,measured
Landolt_Para_Comp_2692,LP2692,molar,221.42698132929473,measured
Landolt_Para_Comp_3409,LP3409,molar,98.39257031444028,measured
Landolt_Dia_Comp_4983,LD4983,molar,-67.66701222033541,measured
Landolt_Para_Comp_4682,LP4682,molar,80.21749624617101,measured
Landolt_Dia_Comp_2183,LD2183,molar,-51.61321291110252,measured
Landolt_Para_Comp_3470,LP3470,molar,126.58951873086606,measured
Landolt_Para_Comp_4516,LP4516,molar,14.499989470074581,measured
Landolt_Para_Comp_4705,LP4705,molar,258.81982659000005,measured
Landolt_Para_Comp_124,LP124,molar,107.90332829307812,measured
Landolt_Dia_Comp_4716,LD4716,molar,-39.0942090285883,measured
Landolt_Dia_Comp_1146,LD1146,molar,-25.114884730054918,measured
Landolt_Para_Comp_5743,LP5743,molar,75.15168411455723,measured
Landolt_Para_Comp_520,LP520,molar,156.49767207296443,measured
Landolt_Para_Comp_1191,LP1191,molar,44.891705240572854,measured
Landolt_Para_Comp_2696,LP2696,molar,332.7353336835378,measured
Landolt_Dia_Comp_2868,LD2868,molar,-63.21120487117502,measured
Landolt_Dia_Comp_511,LD511,molar,-52.05738326105172,measured
Landolt_Para_Comp_3242,LP3242,molar,10.806368898191467,measured
Landolt_Dia_Comp_5082,LD5082,molar,-45.59990721053087,measured
Landolt_Dia_Comp_5276,LD5276,molar,-32.49604923514986,measured
Landolt_Dia_Comp_4999,LD4999,molar,-37.47553639428484,measured
Landolt_Para_Comp_3967,LP3967,molar,32.992928251732025,measured
Landolt_Para_Comp_2782,LP2782,molar,110.56036371418942,measured
Landolt_Para_Comp_546,LP546,molar,393.3951953357662,measured
Landolt_Dia_Comp_3911,LD3911,molar,-37.24451262245933,measured
Landolt_Dia_Comp_4558,LD4558,molar,-61.38731325143229,measured
Landolt_Para_Comp_5028,LP5028,molar,132.1438002571718,measured
Landolt_Dia_Comp_5008,LD5008,molar,-56.30197978400975,measured
Landolt_Dia_Comp_619,LD619,molar,-64.74566433684723,measured
Landolt_Dia_Comp_2934,LD2934,molar,-55.888781274004,measured
Landolt_Dia_Comp_2085,LD2085,molar,-100.05167139972025,measured
Landolt_Para_Comp_5875,LP5875,molar,125.89196786373894,measured
Landolt_Para_Comp_4524,LP4524,molar,126.52321013473741,measured
Landolt_Para_Comp_2712,LP2712,molar,155.87849320520579,measured
Landolt_Dia_Comp_2296,LD2296,molar,-87.38829028746207,measured
Landolt_Para_Comp_5611,LP5611,molar,230.07213007568447,measured
Landolt_Dia_Comp_5967,LD5967,molar,-74.56498433055322,measured
Landolt_Para_Comp_3860,LP3860,molar,253.57928399299928,measured
Landolt_Dia_Comp_2126,LD2126,molar,-33.6462120699072,measured
Landolt_Dia_Comp_3538,LD3538,molar,-35.06493100207498,measured
Landolt_Dia_Comp_4786,LD4786,molar,-55.99085384108823,measured
Landolt_Para_Comp_5557,LP5557,molar,14.706029849777092,measured
Landolt_Dia_Comp_5204,LD5204,molar,-48.00737452385432,measured
Landolt_Dia_Comp_28,LD28,molar,-75.70607770520913,measured
Landolt_Dia_Comp_149,LD149,molar,-24.10611409263226,measured
Landolt_Para_Comp_5468,LP5468,molar,124.85911112072677,measured
Landolt_Dia_Comp_3473,LD3473,molar,-77.44785912668382,measured
Landolt_Dia_Comp_5097,LD5097,molar,-85.4696224609061,measured
Landolt_Dia_Comp_5024,LD5024,molar,-27.62620681335399,measured
Landolt_Dia_Comp_1017,LD1017,molar,-10.579490604671626,measured
Landolt_Dia_Comp_5956,LD5956,molar,-30.957267120356033,measured
Landolt_Para_Comp_5643,LP5643,molar,100.53910191927554,measured
Landolt_Dia_Comp_5998,LD5998,molar,-20.960138300205408,measured
Landolt_Dia_Comp_5380,LD5380,molar,-48.061763510387735,measured
Landolt_Dia_Comp_5222,LD5222,molar,-30.39704010083998,measured
Landolt_Para_Comp_563,LP563,molar,47.00565380355521,measured
Landolt_Dia_Comp_543,LD543,molar,-63.62618614765317,measured
Landolt_Dia_Comp_2416,LD2416,molar,-40.553109996119574,measured
Landolt_Para_Comp_1496,LP1496,molar,83.21547456707806,measured
Landolt_Para_Comp_4013,LP4013,molar,59.25559019864666,measured
Landolt_Dia_Comp_8,LD8,molar,-47.876727593131776,measured
Landolt_Dia_Comp_3280,LD3280,molar,-21.68636165497685,measured
Landolt_Para_Comp_2259,LP2259,molar,136.379157055688,measured
Landolt_Dia_Comp_2149,LD2149,molar,-64.70458986985949,measured
Landolt_Para_Comp_5092,LP5092,molar,108.69239980478552,measured
Landolt_Dia_Comp_5034,LD5034,molar,-67.92339750051136,measured
Landolt_Para_Comp_2758,LP2758,molar,150.99236776703384,measured
Landolt_Dia_Comp_1672,LD1672,molar,-98.95776148487323,measured
Landolt_Para_Comp_1785,LP1785,molar,134.25810585697752,measured
Landolt_Dia_Comp_4734,LD4734,molar,-11.88820711583601,measured
Landolt_Para_Comp_1908,LP1908,molar,260.74770913597536,measured
Landolt_Para_Comp_2697,LP2697,molar,508.61761690319827,measured
Landolt_Para_Comp_2212,LP2212,molar,397.27811577803806,measured
Landolt_Para_Comp_4261,LP4261,molar,128.7937751474583,measured
Landolt_Para_Comp_4953,LP4953,molar,183.9432213659525,measured
Landolt_Para_Comp_1899,LP1899,molar,31.398557813525738,measured
Landolt_Para_Comp_2514,LP2514,molar,304.4743792554714,measured
Landolt_Dia_Comp_3865,LD3865,molar,-35.98291993947818,measured
Landolt_Dia_Comp_1493,LD1493,molar,-65.94593630878788,measured
Landolt_Para_Comp_2619,LP2619,molar,200.26417915397997,measured
Landolt_Dia_Comp_4977,LD4977,molar,-78.75958364381191,measured
Landolt_Dia_Comp_1742,LD1742,molar,-37.29778450376042,measured
Landolt_Dia_Comp_4920,LD4920,molar,-47.537086206105506,measured
Landolt_Dia_Comp_2629,LD2629,molar,-33.70377607281195,measured
Landolt_Para_Comp_4007,LP4007,molar,230.6858782232565,measured
Landolt_Dia_Comp_223,LD223,molar,-1.0,measured
Landolt_Dia_Comp_5488,LD5488,molar,-76.25083716558073,measured
Landolt_Para_Comp_3671,LP3671,molar,306.94118672555595,measured
Landolt_Dia_Comp_2218,LD2218,molar,-54.702747890512065,measured
Landolt_Dia_Comp_2295,LD2295,molar,-72.0815009044467,measured
Landolt_Para_Comp_2641,LP2641,molar,195.16754036631977,measured
Landolt_Para_Comp_1939,LP1939,molar,87.06310088827063,measured
Landolt_Dia_Comp_5936,LD5936,molar,-30.329123758726865,measured
Landolt_Para_Comp_3480,LP3480,molar,108.81506622722996,measured
Landolt_Dia_Comp_251,LD251,molar,-52.67402516485475,measured
Landolt_Dia_Comp_4227,LD4227,molar,-1.0,measured
Landolt_Dia_Comp_2536,LD2536,molar,-33.64977531595122,measured
Landolt_Para_Comp_2661,LP2661,molar,11.91612449508648,measured
Landolt_Para_Comp_4324,LP4324,molar,139.40405813488638,measured
Landolt_Dia_Comp_396,LD396,molar,-70.7490608608897,measured
Landolt_Dia_Comp_456,LD456,molar,-51.52915472966083,measured
Landolt_Dia_Comp_4239,LD4239,molar,-90.32898364258855,measured
Landolt_Para_Comp_1568,LP1568,molar,61.21535529651722,measured
Landolt_Para_Comp_4334,LP4334,molar,99.99210402791013,measured
Landolt_Dia_Comp_2459,LD2459,molar,-47.76378457671409,measured
Landolt_Para_Comp_2486,LP2486,molar,47.9383565707808,measured
Landolt_Para_Comp_3981,LP3981,molar,194.20358637933447,measured
Landolt_Dia_Comp_2891,LD2891,molar,-39.441956533233125,measured
Landolt_Para_Comp_4539,LP4539,molar,79.94098656438544,measured
Landolt_Dia_Comp_1562,LD1562,molar,-74.54115244330399,measured
Landolt_Dia_Comp_4597,LD4597,molar,-40.81974029801827,measured
Landolt_Dia_Comp_1395,LD1395,molar,-54.327228007499194,measured
Landolt_Dia_Comp_775,LD775,molar,-36.070251617004885,measured
Landolt_Dia_Comp_3277,LD3277,molar,-62.11021521661421,measured
Landolt_Para_Comp_5610,LP5610,molar,168.9386603498596,measured
Landolt_Dia_Comp_2996,LD2996,molar,-35.866536771660606,measured
Landolt_Dia_Comp_4982,LD4982,molar,-1.0,measured
Landolt_Dia_Comp_2395,LD2395,molar,-15.504647956006032,measured
Landolt_Para_Comp_399,LP399,molar,74.57138403685377,measured
Landolt_Dia_Comp_5389,LD5389,molar,-51.5684200941224,measured
Landolt_Para_Comp_5586,LP5586,molar,23.453594507647622,measured
Landolt_Dia_Comp_5449,LD5449,molar,-58.70396909761437,measured
Landolt_Dia_Comp_5844,LD5844,molar,-73.1091836104181,measured
Landolt_Para_Comp_2988,LP2988,molar,26.58025544870826,measured
Landolt_Para_Comp_1903,LP1903,molar,230.17629000391548,measured
Landolt_Para_Comp_2975,LP2975,molar,187.56437333581272,measured
Landolt_Dia_Comp_2489,LD2489,molar,-65.74599987638419,measured
Landolt_Dia_Comp_4663,LD4663,molar,-54.66169514589633,measured
Landolt_Para_Comp_4895,LP4895,molar,81.012284354807,measured
Landolt_Para_Comp_938,LP938,molar,173.6225202419534,measured
Landolt_Dia_Comp_46,LD46,molar,-25.608441554805943,measured
Landolt_Para_Comp_5461,LP5461,molar,404.55529967264397,measured
Landolt_Para_Comp_2073,LP2073,molar,18.09931554055713,measured
Landolt_Para_Comp_5688,LP5688,molar,315.57365896933027,measured
Landolt_Dia_Comp_3493,LD3493,molar,-35.55485239859255,measured
Landolt_Para_Comp_3823,LP3823,molar,251.83623223735393,measured
Landolt_Dia_Comp_477,LD477,molar,-65.00050687290604,measured
Landolt_Dia_Comp_1907,LD1907,molar,-27.519019944916185,measured
Landolt_Dia_Comp_1074,LD1074,molar,-9.532896094430825,measured
Landolt_Para_Comp_877,LP877,molar,153.86748194252763,measured
Landolt_Para_Comp_2847,LP2847,molar,219.99169977671323,measured
Landolt_Para_Comp_4322,LP4322,molar,134.35452236998034,measured
Landolt_Dia_Comp_5709,LD5709,molar,-51.843366795335726,measured
Landolt_Dia_Comp_585,LD585,molar,-36.88052127329861,measured
Landolt_Para_Comp_2200,LP2200,molar,189.33098134872475,measured
Landolt_Dia_Comp_5299,LD5299,molar,-78.2050423771496,measured
Landolt_Para_Comp_2298,LP2298,molar,75.56513438251217,measured
Landolt_Dia_Comp_3726,LD3726,molar,-60.87862990531782,measured
Landolt_Dia_Comp_759,LD759,molar,-54.81632367778339,measured
Landolt_Dia_Comp_5852,LD5852,molar,-41.699711885348364,measured
Landolt_Para_Comp_5805,LP5805,molar,23.224493592572237,measured
Landolt_Para_Comp_3626,LP3626,molar,28.723893367919228,measured
Landolt_Dia_Comp_1858,LD1858,molar,-46.883321777396155,measured
Landolt_Dia_Comp_2503,LD2503,molar,-44.049021320546075,measured
Landolt_Para_Comp_3023,LP3023,molar,185.98576355367305,measured
Landolt_Dia_Comp_420,LD420,molar,-47.52066137846057,measured
Landolt_Para_Comp_5372,LP5372,molar,43.314903661012046,measured
Landolt_Para_Comp_5789,LP5789,molar,130.21538472085973,measured
Landolt_Para_Comp_2816,LP2816,molar,204.46399822466103,measured
Landolt_Dia_Comp_3934,LD3934,molar,-58.76944055669984,measured
Landolt_Dia_Comp_5649,LD5649,molar,-14.209168335021559,measured
Landolt_Para_Comp_4303,LP4303,molar,479.0177967393209,measured
Landolt_Dia_Comp_3326,LD3326,molar,-48.76148202068349,measured
Landolt_Dia_Comp_3810,LD3810,molar,-25.109079397623862,measured
Landolt_Dia_Comp_1999,LD1999,molar,-28.244286404627417,measured
Landolt_Para_Comp_1551,LP1551,molar,703.8023370191526,measured
Landolt_Para_Comp_5429,LP5429,molar,14.505554099277383,measured
Landolt_Para_Comp_455,LP455,molar,109.60856715431935,measured
Landolt_Para_Comp_3433,LP3433,molar,83.89667114118386,measured
Landolt_Dia_Comp_1674,LD1674,molar,-37.53736747057957,measured
Landolt_Para_Comp_4578,LP4578,molar,46.51657807589654,measured
Landolt_Dia_Comp_3572,LD3572,molar,-38.04837372581616,measured
Landolt_Dia_Comp_3988,LD3988,molar,-80.64414683927781,measured
Landolt_Para_Comp_2060,LP2060,molar,78.51246636137857,measured
Landolt_Dia_Comp_1808,LD1808,molar,-80.27247295188562,measured
Landolt_Dia_Comp_3046,LD3046,molar,-31.172334602696775,measured
Landolt_Para_Comp_3930,LP3930,molar,177.75501920839832,measured
Landolt_Dia_Comp_1370,LD1370,molar,-1.0,measured
Landolt_Dia_Comp_4985,LD4985,molar,-68.20040066612953,measured
Landolt_Dia_Comp_4760,LD4760,molar,-51.731144697820696,measured
Landolt_Para_Comp_5906,LP5906,molar,10.790724433718207,measured
Landolt_Para_Comp_2401,LP2401,molar,509.93092149552007,measured
Landolt_Para_Comp_4342,LP4342,molar,39.80719689020147,measured
Landolt_Para_Comp_388,LP388,molar,75.67615167400248,measured
Landolt_Para_Comp_3663,LP3663,molar,274.41797066424965,measured
Landolt_Dia_Comp_855,LD855,molar,-81.52276195918347,measured
Landolt_Para_Comp_976,LP976,molar,25.32469715937704,measured
Landolt_Dia_Comp_2513,LD2513,molar,-43.67467430757861,measured
Landolt_Para_Comp_1853,LP1853,molar,152.15407894448668,measured
Landolt_Dia_Comp_627,LD627,molar,-27.933400445577693,measured
Landolt_Dia_Comp_4333,LD4333,molar,-54.37096725671802,measured
Landolt_Para_Comp_2495,LP2495,molar,80.15615699878154,measured
Landolt_Para_Comp_1898,LP1898,molar,41.796939684034726,measured
Landolt_Para_Comp_5476,LP5476,molar,229.064268994876,measured
Landolt_Para_Comp_5163,LP5163,molar,106.08003737436182,measured
Landolt_Para_Comp_5349,LP5349,molar,286.7877602020452,measured
Landolt_Dia_Comp_1748,LD1748,molar,-68.04129882748879,measured
Landolt_Para_Comp_987,LP987,molar,110.20668990574453,measured
Landolt_Dia_Comp_832,LD832,molar,-33.21444698014277,measured
Landolt_Para_Comp_3730,LP3730,molar,134.0168703233943,measured
Landolt_Dia_Comp_2128,LD2128,molar,-44.86626892603717,measured
Landolt_Para_Comp_3358,LP3358,molar,53.01583530108373,measured
Landolt_Dia_Comp_1856,LD1856,molar,-45.81997731214115,measured
Landolt_Para_Comp_3792,LP3792,molar,27.389254810578006,measured
Landolt_Para_Comp_780,LP780,molar,55.06689693426306,measured
Landolt_Para_Comp_4501,LP4501,molar,12.156410325781412,measured
Landolt_Para_Comp_3728,LP3728,molar,20.069946539517925,measured
Landolt_Dia_Comp_4133,LD4133,molar,-56.639956524447136,measured
Landolt_Para_Comp_1923,LP1923,molar,412.3876094043112,measured
Landolt_Dia_Comp_2240,LD2240,molar,-54.7868309727137,measured
Landolt_Dia_Comp_764,LD764,molar,-58.79408208024338,measured
Landolt_Para_Comp_1263,LP1263,molar,279.9417912770541,measured
Landolt_Dia_Comp_238,LD238,molar,-53.35940808171769,measured
Landolt_Dia_Comp_3645,LD3645,molar,-73.91681739144943,measured
Landolt_Para_Comp_1823,LP1823,molar,119.45063925067734,measured
Landolt_Dia_Comp_482,LD482,molar,-47.18655308008505,measured
Landolt_Dia_Comp_3454,LD3454,molar,-44.93397801080513,measured
Landolt_Para_Comp_2840,LP2840,molar,102.36477517086163,measured
Landolt_Dia_Comp_2681,LD2681,molar,-40.03980660612639,measured
Landolt_Para_Comp_5439,LP5439,molar,290.87514383432773,measured
Landolt_Dia_Comp_1488,LD1488,molar,-50.553659099389975,measured
Landolt_Para_Comp_4959,LP4959,molar,69.36943047278706,measured
Landolt_Para_Comp_2948,LP2948,molar,61.29006650733976,measured
Landolt_Dia_Comp_2719,LD2719,molar,-54.01337037890113,measured
Landolt_Dia_Comp_1760,LD1760,molar,-34.15114717932178,measured
Landolt_Dia_Comp_5906,LD5906,molar,-33.48700619529474,measured
Landolt_Para_Comp_4675,LP4675,molar,117.3557635247169,measured
Landolt_Dia_Comp_4014,LD4014,molar,-66.85372092577077,measured
Landolt_Para_Comp_4638,LP4638,molar,342.3451176174038,measured
Landolt_Dia_Comp_1223,LD1223,molar,-37.799863252210386,measured
Landolt_Dia_Comp_1115,LD1115,molar,-66.21460077534977,measured
Landolt_Dia_Comp_5378,LD5378,molar,-62.1186629724577,measured
Landolt_Para_Comp_5024,LP5024,molar,313.674403938073,measured
Landolt_Dia_Comp_5365,LD5365,molar,-64.9999345572495,measured
Landolt_Para_Comp_1245,LP1245,molar,24.872882886070663,measured
Landolt_Dia_Comp_5413,LD5413,molar,-44.77839956691099,measured
Landolt_Dia_Comp_5722,LD5722,molar,-1.0,measured
Landolt_Para_Comp_806,LP806,molar,37.68996287025934,measured
Landolt_Dia_Comp_3040,LD3040,molar,-86.31018681609635,measured
Landolt_Dia_Comp_1740,LD1740,molar,-66.92871925420746,measured
Landolt_Dia_Comp_1692,LD1692,molar,-52.12395125038301,measured
Landolt_Dia_Comp_1079,LD1079,molar,-45.94176147834763,measured
Landolt_Para_Comp_5328,LP5328,molar,58.08992622806563,measured
Landolt_Dia_Comp_2453,LD2453,molar,-58.76723836652989,measured
Landolt_Dia_Comp_3291,LD3291,molar,-20.68960463868567,measured
Landolt_Para_Comp_3822,LP3822,molar,63.53758863125912,measured
Landolt_Para_Comp_4752,LP4752,molar,69.68882514097362,measured
Landolt_Dia_Comp_558,LD558,molar,-54.98100736117302,measured
Landolt_Dia_Comp_1820,LD1820,molar,-94.08687635273742,measured
Landolt_Dia_Comp_1532,LD1532,molar,-70.04890412295023,measured
Landolt_Para_Comp_2605,LP2605,molar,79.52159249589543,measured
Landolt_Dia_Comp_4356,LD4356,molar,-52.222414501511224,measured
Landolt_Dia_Comp_4536,LD4536,molar,-45.29338700590777,measured
Landolt_Dia_Comp_4699,LD4699,molar,-74.33390492334152,measured
Landolt_Para_Comp_1351,LP1351,molar,49.923015443141544,measured
Landolt_Para_Comp_3472,LP3472,molar,181.7659376184936,measured
Landolt_Para_Comp_4128,LP4128,molar,266.41767548896206,measured
Landolt_Para_Comp_5604,LP5604,molar,78.73345613712692,measured
Landolt_Dia_Comp_1261,LD1261,molar,-43.54305042935249,measured
Landolt_Dia_Comp_1255,LD1255,molar,-51.58610233044336,measured
Landolt_Para_Comp_5173,LP5173,molar,137.20930695750894,measured
Landolt_Dia_Comp_1938,LD1938,molar,-60.75630901396057,measured
Landolt_Dia_Comp_2383,LD2383,molar,-22.20333455483674,measured
Landolt_Para_Comp_2927,LP2927,molar,140.98469768476556,measured
Landolt_Para_Comp_1504,LP1504,molar,233.1874073881936,measured
Landolt_Para_Comp_4181,LP4181,molar,277.7670067174991,measured
Landolt_Dia_Comp_3771,LD3771,molar,-21.424756594644663,measured
Landolt_Para_Comp_255,LP255,molar,117.97182953306708,measured
Landolt_Dia_Comp_3910,LD3910,molar,-65.96119741935267,measured
Landolt_Para_Comp_943,LP943,molar,351.85193625769733,measured
Landolt_Dia_Comp_5018,LD5018,molar,-40.45620165478457,measured
Landolt_Dia_Comp_3355,LD3355,molar,-79.53311220643005,measured
Landolt_Para_Comp_1381,LP1381,molar,33.602044039344165,measured
Landolt_Para_Comp_2107,LP2107,molar,23.048071851621287,measured
Landolt_Para_Comp_5634,LP5634,molar,206.4154427878791,measured
Landolt_Dia_Comp_330,LD330,molar,-59.390005037778906,measured
Landolt_Dia_Comp_542,LD542,molar,-52.719675516239626,measured
Landolt_Para_Comp_1759,LP1759,molar,99.45524527555985,measured
Landolt_Dia_Comp_5336,LD5336,molar,-82.8141396819693,measured
Landolt_Dia_Comp_2692,LD2692,molar,-69.73044381622663,measured
Landolt_Dia_Comp_177,LD177,molar,-43.35657013048977,measured
Landolt_Dia_Comp_4522,LD4522,molar,-29.237199969450664,measured
Landolt_Dia_Comp_235,LD235,molar,-38.55400586354577,measured
Landolt_Para_Comp_3476,LP3476,molar,38.787307315932914,measured
Landolt_Dia_Comp_902,LD902,molar,-80.72882182043773,measured
Landolt_Para_Comp_2780,LP2780,molar,115.19052624668662,measured
Landolt_Dia_Comp_1010,LD1010,molar,-69.102605321341,measured
Landolt_Dia_Comp_7,LD7,molar,-71.4340346575462,measured
Landolt_Para_Comp_1922,LP1922,molar,113.45122699342241,measured
Landolt_Dia_Comp_3621,LD3621,molar,-31.5227584375505,measured
Landolt_Para_Comp_2994,LP2994,molar,430.0808937131058,measured
Landolt_Dia_Comp_2522,LD2522,molar,-66.3250812027039,measured
Landolt_Para_Comp_1275,LP1275,molar,169.49208330177825,measured
Landolt_Dia_Comp_157,LD157,molar,-52.68991116783776,measured
Landolt_Para_Comp_4857,LP4857,molar,458.433446115103,measured
Landolt_Dia_Comp_4178,LD4178,molar,-26.948859603782335,measured
Landolt_Para_Comp_3187,LP3187,molar,298.72415740875107,measured
Landolt_Dia_Comp_5483,LD5483,molar,-63.61776919208019,measured
Landolt_Para_Comp_3544,LP3544,molar,39.08953754951201,measured
Landolt_Dia_Comp_4866,LD4866,molar,-83.9138005208827,measured
Landolt_Dia_Comp_501,LD501,molar,-50.36310228417431,measured
Landolt_Dia_Comp_4111,LD4111,molar,-40.475126269809024,measured
Landolt_Dia_Comp_165,LD165,molar,-53.545998739401604,measured
Landolt_Para_Comp_67,LP67,molar,95.91260700992045,measured
Landolt_Dia_Comp_4611,LD4611,molar,-13.02630199486159,measured
Landolt_Dia_Comp_1834,LD1834,molar,-50.966599871473576,measured
Landolt_Dia_Comp_1625,LD1625,molar,-54.43432987998118,measured
Landolt_Dia_Comp_3352,LD3352,molar,-62.41670401887604,measured
Landolt_Dia_Comp_822,LD822,molar,-59.153746986822114,measured
Landolt_Dia_Comp_1997,LD1997,molar,-58.99519783566889,measured
Landolt_Para_Comp_2740,LP2740,molar,36.05003036438724,measured
Landolt_Para_Comp_1465,LP1465,molar,43.71170846471073,measured
Landolt_Dia_Comp_5804,LD5804,molar,-37.851659484452455,measured
Landolt_Dia_Comp_895,LD895,molar,-68.54928165903678,measured
Landolt_Para_Comp_1015,LP1015,molar,213.59578931921087,measured
Landolt_Para_Comp_3196,LP3196,molar,188.4530251310495,measured
Landolt_Dia_Comp_2031,LD2031,molar,-42.60578473832297,measured
Landolt_Dia_Comp_1152,LD1152,molar,-62.36786209425774,measured
Landolt_Para_Comp_5998,LP5998,molar,13.649587818774329,measured
Landolt_Dia_Comp_760,LD760,molar,-63.63510593499812,measured
Landolt_Para_Comp_5988,LP5988,molar,66.92877095394464,measured
Landolt_Para_Comp_1136,LP1136,molar,118.7614147664537,measured
Landolt_Dia_Comp_613,LD613,molar,-19.343705459304125,measured
Landolt_Dia_Comp_3641,LD3641,molar,-57.21970921951627,measured
Landolt_Dia_Comp_4304,LD4304,molar,-41.23256630195068,measured
Landolt_Dia_Comp_2572,LD2572,molar,-50.19199843402955,measured
Landolt_Dia_Comp_4575,LD4575,molar,-48.263465438444854,measured
Landolt_Para_Comp_2665,LP2665,molar,73.68534118641614,measured
Landolt_Dia_Comp_5917,LD5917,molar,-53.7126134725664,measured
Landolt_Dia_Comp_1884,LD1884,molar,-57.17586606446664,measured
Landolt_Dia_Comp_561,LD561,molar,-57.634243355156244,measured
Landolt_Dia_Comp_4573,LD4573,molar,-50.83988634324646,measured
Landolt_Para_Comp_4832,LP4832,molar,22.799399433529565,measured
Landolt_Dia_Comp_2894,LD2894,molar,-81.85668652418268,measured
Landolt_Dia_Comp_3650,LD3650,molar,-72.56074197159765,measured
Landolt_Dia_Comp_2744,LD2744,molar,-74.15182350701635,measured
Landolt_Dia_Comp_5242,LD5242,molar,-67.2774727504904,measured
Landolt_Dia_Comp_533,LD533,molar,-57.443160736931546,measured
Landolt_Para_Comp_3872,LP3872,molar,244.1313793229493,measured
Landolt_Dia_Comp_2647,LD2647,molar,-47.99976764743603,measured
Landolt_Para_Comp_4133,LP4133,molar,24.15841942259624,measured
Landolt_Para_Comp_4721,LP4721,molar,132.5088209564148,measured
Landolt_Para_Comp_2623,LP2623,molar,122.34097906632283,measured
Landolt_Dia_Comp_5472,LD5472,molar,-23.880244611975062,measured
Landolt_Dia_Comp_5593,LD5593,molar,-37.62226368984014,measured
Landolt_Dia_Comp_4153,LD4153,molar,-68.65620844583152,measured
Landolt_Dia_Comp_3813,LD3813,molar,-36.67995631970153,measured
Landolt_Dia_Comp_3336,LD3336,molar,-52.1671319562178,measured
Landolt_Dia_Comp_3432,LD3432,molar,-57.060941477990724,measured
Landolt_Dia_Comp_649,LD649,molar,-32.00537476270402,measured
Landolt_Dia_Comp_3543,LD3543,molar,-19.623256168220273,measured
Landolt_Dia_Comp_979,LD979,molar,-39.85087326352384,measured
Landolt_Para_Comp_3301,LP3301,molar,334.9681448631156,measured
Landolt_Para_Comp_4135,LP4135,molar,34.036063786550315,measured
Landolt_Para_Comp_2284,LP2284,molar,15.502856974146038,measured
Landolt_Para_Comp_493,LP493,molar,69.20974821600976,measured
Landolt_Para_Comp_432,LP432,molar,41.47408788879224,measured
Landolt_Para_Comp_5657,LP5657,molar,184.35855681269172,measured
Landolt_Para_Comp_2442,LP2442,molar,178.52870020869656,measured
Landolt_Dia_Comp_191,LD191,molar,-47.97180184160391,measured
Landolt_Dia_Comp_4865,LD4865,molar,-50.02957557521279,measured
Landolt_Para_Comp_839,LP839,molar,190.27775369427735,measured
Landolt_Dia_Comp_5878,LD5878,molar,-68.92256472976591,measured
Landolt_Dia_Comp_3831,LD3831,molar,-64.18559142385278,measured
Landolt_Dia_Comp_2749,LD2749,molar,-37.398366753819644,measured
Landolt_Dia_Comp_4405,LD4405,molar,-38.47217852333996,measured
Landolt_Dia_Comp_4449,LD4449,molar,-41.17040970239827,measured
Landolt_Dia_Comp_5190,LD5190,molar,-62.30685614005865,measured
Landolt_Para_Comp_2552,LP2552,molar,25.41720080514601,measured
Landolt_Dia_Comp_2168,LD2168,molar,-33.76004739170634,measured
Landolt_Para_Comp_2789,LP2789,molar,13.20760713691299,measured
Landolt_Para_Comp_2456,LP2456,molar,403.1053938263967,measured
Landolt_Dia_Comp_3715,LD3715,molar,-73.53762218357012,measured
Landolt_Para_Comp_3007,LP3007,molar,26.10456447267414,measured
Landolt_Para_Comp_2039,LP2039,molar,124.62367411157761,measured
Landolt_Dia_Comp_975,LD975,molar,-79.39224675721738,measured
Landolt_Dia_Comp_97,LD97,molar,-21.575333054314353,measured
Landolt_Para_Comp_5949,LP5949,molar,16.092654843620206,measured
Landolt_Dia_Comp_2002,LD2002,molar,-90.65101449351681,measured
Landolt_Para_Comp_1600,LP1600,molar,51.10620317208525,measured
Landolt_Dia_Comp_3697,LD3697,molar,-51.78842979626312,measured
Landolt_Para_Comp_3219,LP3219,molar,218.0559683799217,measured
Landolt_Dia_Comp_1889,LD1889,molar,-54.91712775096033,measured
Landolt_Para_Comp_5380,LP5380,molar,91.9366386351376,measured
Landolt_Dia_Comp_4572,LD4572,molar,-51.12016150104464,measured
Landolt_Dia_Comp_2145,LD2145,molar,-50.742037707138174,measured
Landolt_Dia_Comp_137,LD137,molar,-75.06223708569422,measured
Landolt_Dia_Comp_2533,LD2533,molar,-61.83581594377851,measured
Landolt_Dia_Comp_659,LD659,molar,-7.3762297265349375,measured
Landolt_Dia_Comp_26,LD26,molar,-31.44350451007011,measured
Landolt_Dia_Comp_1246,LD1246,molar,-81.34459426603848,measured
Landolt_Para_Comp_1626,LP1626,molar,72.83388714073192,measured
Landolt_Para_Comp_5989,LP5989,molar,66.82290091001019,measured
Landolt_Para_Comp_2314,LP2314,molar,177.65948458669197,measured
Landolt_Dia_Comp_314,LD314,molar,-89.52919883807596,measured
Landolt_Dia_Comp_5507,LD5507,molar,-30.037956049448216,measured
Landolt_Para_Comp_2025,LP2025,molar,73.53621066581573,measured
Landolt_Para_Comp_2933,LP2933,molar,130.77183422388725,measured
Landolt_Para_Comp_93,LP93,molar,18.902803172499905,measured
Landolt_Para_Comp_850,LP850,molar,104.15133437473806,measured
Landolt_Dia_Comp_4614,LD4614,molar,-53.75879155830658,measured
Landolt_Para_Comp_5708,LP5708,molar,13.940996372821752,measured
Landolt_Dia_Comp_5493,LD5493,molar,-45.94345225235533,measured
Landolt_Dia_Comp_2775,LD2775,molar,-46.26699909531442,measured
Landolt_Para_Comp_2973,LP2973,molar,12.809667782331292,measured
Landolt_Para_Comp_2887,LP2887,molar,137.38041300616652,measured
Landolt_Dia_Comp_4137,LD4137,molar,-23.624192185290944,measured
Landolt_Dia_Comp_3063,LD3063,molar,-17.630745281601378,measured
Landolt_Para_Comp_5090,LP5090,molar,93.79898627271747,measured
Landolt_Para_Comp_599,LP599,molar,117.82490931061497,measured
Landolt_Dia_Comp_1009,LD1009,molar,-63.17429928456723,measured
Landolt_Dia_Comp_271,LD271,molar,-65.0050227115938,measured
Landolt_Dia_Comp_2189,LD2189,molar,-81.2351319909973,measured
Landolt_Para_Comp_2452,LP2452,molar,52.845941039640444,measured
Landolt_Para_Comp_1801,LP1801,molar,194.2860498261095,measured
Landolt_Para_Comp_4218,LP4218,molar,56.21287256996947,measured
Landolt_Dia_Comp_1413,LD1413,molar,-63.27471496026453,measured
Landolt_Para_Comp_3120,LP3120,molar,214.73040118359552,measured
Landolt_Para_Comp_1951,LP1951,molar,258.6620708841094,measured
Landolt_Para_Comp_2707,LP2707,molar,95.59484956842255,measured
Landolt_Para_Comp_2247,LP2247,molar,86.4701177174676,measured
Landolt_Dia_Comp_4057,LD4057,molar,-60.22643660655605,measured
Landolt_Dia_Comp_857,LD857,molar,-14.717402288072293,measured
Landolt_Para_Comp_4185,LP4185,molar,271.77492882528867,measured
Landolt_Para_Comp_5612,LP5612,molar,32.60290702799871,measured
Landolt_Dia_Comp_1161,LD1161,molar,-61.54568858857152,measured
Landolt_Para_Comp_4252,LP4252,molar,190.849883644329,measured
Landolt_Dia_Comp_4028,LD4028,molar,-38.07139217369267,measured
Landolt_Para_Comp_1265,LP1265,molar,271.8949078859851,measured
Landolt_Dia_Comp_4303,LD4303,molar,-42.60296953114729,measured
Landolt_Para_Comp_2518,LP2518,molar,41.970462212958694,measured
Landolt_Dia_Comp_4503,LD4503,molar,-62.49201573719989,measured
Landolt_Para_Comp_4251,LP4251,molar,92.10129880937788,measured
Landolt_Dia_Comp_3382,LD3382,molar,-45.71924963770762,measured
Landolt_Dia_Comp_1913,LD1913,molar,-87.70777082513325,measured
Landolt_Dia_Comp_2368,LD2368,molar,-73.95699954656229,measured
Landolt_Dia_Comp_1509,LD1509,molar,-46.363530067833544,measured
Landolt_Dia_Comp_1327,LD1327,molar,-54.37723122903539,measured
Landolt_Dia_Comp_5635,LD5635,molar,-56.86649070935144,measured
Landolt_Para_Comp_3585,LP3585,molar,227.12312145545812,measured
Landolt_Dia_Comp_5912,LD5912,molar,-26.11884453272866,measured
Landolt_Para_Comp_150,LP150,molar,61.284057682666145,measured
Landolt_Para_Comp_2378,LP2378,molar,336.26962209623986,measured
Landolt_Dia_Comp_2102,LD2102,molar,-76.89994157482339,measured
Landolt_Para_Comp_2033,LP2033,molar,47.418010941392176,measured
Landolt_Para_Comp_5510,LP5510,molar,187.61484849418036,measured
Landolt_Dia_Comp_5001,LD5001,molar,-72.00949673685133,measured
Landolt_Para_Comp_3041,LP3041,molar,93.6409379495957,measured
Landolt_Para_Comp_2848,LP2848,molar,29.81207703534791,measured
Landolt_Dia_Comp_653,LD653,molar,-35.23055460664243,measured
Landolt_Dia_Comp_4373,LD4373,molar,-75.26492650014261,measured
Landolt_Dia_Comp_5060,LD5060,molar,-95.45426815406962,measured
Landolt_Para_Comp_803,LP803,molar,632.6229444567106,measured
Landolt_Para_Comp_4810,LP4810,molar,85.09645790521829,measured
Landolt_Dia_Comp_1984,LD1984,molar,-18.361576969324833,measured
Landolt_Dia_Comp_1472,LD1472,molar,-54.32718964665346,measured
Landolt_Para_Comp_133,LP133,molar,19.776583106923407,measured
Landolt_Para_Comp_2894,LP2894,molar,380.84669434676357,measured
Landolt_Dia_Comp_890,LD890,molar,-57.641461571668344,measured
Landolt_Para_Comp_4494,LP4494,molar,152.83158642741537,measured
Landolt_Para_Comp_1766,LP1766,molar,415.96675466983913,measured
Landolt_Para_Comp_4165,LP4165,molar,18.831323827642535,measured
Landolt_Para_Comp_3866,LP3866,molar,361.4280046498038,measured
Landolt_Para_Comp_1689,LP1689,molar,311.6294824555724,measured
Landolt_Para_Comp_787,LP787,molar,175.46884773395172,measured
Landolt_Dia_Comp_411,LD411,molar,-33.87279551902247,measured
Landolt_Dia_Comp_3591,LD3591,molar,-82.71881038442217,measured
Landolt_Para_Comp_494,LP494,molar,187.02065611902293,measured
Landolt_Dia_Comp_5193,LD5193,molar,-40.34313455199423,measured
Landolt_Para_Comp_2984,LP2984,molar,381.13672607146,measured
Landolt_Para_Comp_1424,LP1424,molar,45.450254681885376,measured
Landolt_Dia_Comp_5263,LD5263,molar,-36.999887791148716,measured
Landolt_Dia_Comp_2878,LD2878,molar,-50.94752551460633,measured
Landolt_Dia_Comp_3973,LD3973,molar,-46.27962078474675,measured
Landolt_Dia_Comp_2621,LD2621,molar,-23.053998735191023,measured
Landolt_Dia_Comp_4915,LD4915,molar,-50.268149470998424,measured
Landolt_Dia_Comp_1269,LD1269,molar,-36.86462817403486,measured
Landolt_Para_Comp_3867,LP3867,molar,180.4831487130586,measured
Landolt_Para_Comp_2884,LP2884,molar,133.7457475853054,measured
Landolt_Dia_Comp_1568,LD1568,molar,-29.14612300245151,measured
Landolt_Dia_Comp_4387,LD4387,molar,-34.9494468883038,measured
Landolt_Dia_Comp_1182,LD1182,molar,-77.3743960602976,measured
Landolt_Dia_Comp_537,LD537,molar,-63.267064133387976,measured
Landolt_Dia_Comp_3133,LD3133,molar,-60.66274438264863,measured
Landolt_Dia_Comp_3369,LD3369,molar,-60.22746275636374,measured
Landolt_Para_Comp_4915,LP4915,molar,362.95114803345507,measured
Landolt_Para_Comp_5974,LP5974,molar,104.42453218493111,measured
Landolt_Para_Comp_5536,LP5536,molar,177.82725195824764,measured
Landolt_Dia_Comp_3864,LD3864,molar,-87.49537703852937,measured
Landolt_Dia_Comp_4869,LD4869,molar,-42.659177980912744,measured
Landolt_Para_Comp_3819,LP3819,molar,51.13362477020416,measured
Landolt_Dia_Comp_4008,LD4008,molar,-51.878995093781185,measured
Landolt_Dia_Comp_2201,LD2201,molar,-40.51198560363586,measured
Landolt_Para_Comp_3798,LP3798,molar,300.23091938444264,measured
Landolt_Para_Comp_4243,LP4243,molar,400.6414865556311,measured
Landolt_Dia_Comp_3108,LD3108,molar,-40.88035341882619,measured
Landolt_Para_Comp_980,LP980,molar,77.96537415853285,measured
Landolt_Para_Comp_1325,LP1325,molar,212.58262540739864,measured
Landolt_Para_Comp_78,LP78,molar,175.78212769366476,measured
Landolt_Dia_Comp_4364,LD4364,molar,-51.126601219945364,measured
Landolt_Para_Comp_5336,LP5336,molar,95.73465351993775,measured
Landolt_Dia_Comp_626,LD626,molar,-43.16806348370169,measured
Landolt_Dia_Comp_2178,LD2178,molar,-34.409655276255684,measured
Landolt_Para_Comp_3292,LP3292,molar,63.18447010340549,measured
Landolt_Dia_Comp_5727,LD5727,molar,-53.447308021771974,measured
Landolt_Para_Comp_5082,LP5082,molar,50.15229589162234,measured
Landolt_Dia_Comp_492,LD492,molar,-46.188327587032525,measured
Landolt_Dia_Comp_2531,LD2531,molar,-65.79198793562605,measured
Landolt_Para_Comp_277,LP277,molar,300.4707473818977,measured
Landolt_Dia_Comp_3500,LD3500,molar,-65.88590806534305,measured
Landolt_Para_Comp_4300,LP4300,molar,108.59726065208785,measured
Landolt_Para_Comp_1353,LP1353,molar,94.22537960189437,measured
Landolt_Para_Comp_3052,LP3052,molar,16.405078950708123,measured
Landolt_Dia_Comp_1663,LD1663,molar,-15.944069358928232,measured
Landolt_Para_Comp_3606,LP3606,molar,57.51505376846358,measured
Landolt_Dia_Comp_4319,LD4319,molar,-35.28639710615551,measured
Landolt_Para_Comp_3387,LP3387,molar,212.80913359253074,measured
Landolt_Para_Comp_2250,LP2250,molar,268.90388359416806,measured
Landolt_Dia_Comp_1791,LD1791,molar,-41.75374735540075,measured
Landolt_Para_Comp_2234,LP2234,molar,56.05017842494041,measured
Landolt_Para_Comp_1805,LP1805,molar,28.188192269878027,measured
Landolt_Para_Comp_5570,LP5570,molar,51.36244757265868,measured
Landolt_Para_Comp_5008,LP5008,molar,69.14075386288884,measured
Landolt_Para_Comp_2351,LP2351,molar,38.6223723864832,measured
Landolt_Dia_Comp_2913,LD2913,molar,-45.07261756332865,measured
Landolt_Para_Comp_1945,LP1945,molar,30.166515433146046,measured
Landolt_Para_Comp_202,LP202,molar,166.79865433226146,measured
Landolt_Dia_Comp_633,LD633,molar,-31.297990599123917,measured
Landolt_Para_Comp_3906,LP3906,molar,57.14096611291154,measured
Landolt_Dia_Comp_1329,LD1329,molar,-47.16562673710211,measured
Landolt_Para_Comp_5613,LP5613,molar,257.93773155267024,measured
Landolt_Para_Comp_267,LP267,molar,35.28331295946188,measured
Landolt_Dia_Comp_5684,LD5684,molar,-59.08314431108501,measured
Landolt_Dia_Comp_3240,LD3240,molar,-35.011731846339686,measured
Landolt_Dia_Comp_4692,LD4692,molar,-47.58224752749415,measured
Landolt_Dia_Comp_5643,LD5643,molar,-29.059161261686267,measured
Landolt_Para_Comp_3938,LP3938,molar,72.45991787660492,measured
Landolt_Dia_Comp_5810,LD5810,molar,-35.23916251904244,measured
Landolt_Para_Comp_749,LP749,molar,261.49804383239575,measured
Landolt_Dia_Comp_172,LD172,molar,-79.205296962928,measured
Landolt_Para_Comp_3623,LP3623,molar,24.692249276963985,measured
Landolt_Dia_Comp_2893,LD2893,molar,-79.20056253828312,measured
Landolt_Dia_Comp_2568,LD2568,molar,-21.823649359937384,measured
Landolt_Dia_Comp_3153,LD3153,molar,-15.477817224690412,measured
Landolt_Para_Comp_4834,LP4834,molar,54.196758285772376,measured
Landolt_Para_Comp_2768,LP2768,molar,249.6823100929727,measured
Landolt_Para_Comp_54,LP54,molar,22.263587618333805,measured
Landolt_Dia_Comp_847,LD847,molar,-63.45613778903386,measured
Landolt_Dia_Comp_1661,LD1661,molar,-50.37660471505072,measured
Landolt_Para_Comp_2219,LP2219,molar,254.48331223505713,measured
Landolt_Para_Comp_5233,LP5233,molar,36.26527315425534,measured
Landolt_Para_Comp_5363,LP5363,molar,18.683651081659505,measured
Landolt_Para_Comp_1949,LP1949,molar,110.75526920659836,measured
Landolt_Para_Comp_5449,LP5449,molar,222.1807900539348,measured
Landolt_Dia_Comp_1285,LD1285,molar,-54.16489141424004,measured
Landolt_Para_Comp_4712,LP4712,molar,92.87443440540072,measured
Landolt_Dia_Comp_4107,LD4107,molar,-31.407422553046153,measured
Landolt_Dia_Comp_22,LD22,molar,-56.524907408421086,measured
Landolt_Dia_Comp_5585,LD5585,molar,-69.60898713856014,measured
Landolt_Dia_Comp_5653,LD5653,molar,-35.88384521340964,measured
Landolt_Dia_Comp_3180,LD3180,molar,-65.66951333000381,measured
Landolt_Dia_Comp_4840,LD4840,molar,-35.02342282625282,measured
Landolt_Dia_Comp_2112,LD2112,molar,-60.290762750502694,measured
Landolt_Dia_Comp_1297,LD1297,molar,-73.38782608132728,measured
Landolt_Dia_Comp_5741,LD5741,molar,-73.37722686008725,measured
Landolt_Dia_Comp_3574,LD3574,molar,-44.10016351254513,measured
Landolt_Para_Comp_3599,LP3599,molar,148.63381827499893,measured
Landolt_Dia_Comp_679,LD679,molar,-31.828281541891364,measured
Landolt_Dia_Comp_647,LD647,molar,-78.74880719986433,measured
Landolt_Dia_Comp_3380,LD3380,molar,-66.07625512547833,measured
Landolt_Para_Comp_5559,LP5559,molar,185.98672963850476,measured
Landolt_Dia_Comp_1542,LD1542,molar,-32.63223897202663,measured
Landolt_Dia_Comp_958,LD958,molar,-18.51619383600989,measured
Landolt_Dia_Comp_468,LD468,molar,-49.786712922697006,measured
Landolt_Dia_Comp_5296,LD5296,molar,-12.082266700182274,measured
Landolt_Para_Comp_5835,LP5835,molar,73.85868230977621,measured
Landolt_Para_Comp_4305,LP4305,molar,168.34804855435627,measured
Landolt_Dia_Comp_2422,LD2422,molar,-54.802357355127896,measured
Landolt_Para_Comp_4697,LP4697,molar,204.04375187396607,measured
Landolt_Dia_Comp_4817,LD4817,molar,-63.894385796393415,measured
Landolt_Para_Comp_3410,LP3410,molar,15.860332229196162,measured
Landolt_Para_Comp_4229,LP4229,molar,298.51645698111554,measured
Landolt_Para_Comp_1978,LP1978,molar,305.1471957559896,measured
Landolt_Para_Comp_4281,LP4281,molar,182.7275258826476,measured
Landolt_Para_Comp_966,LP966,molar,41.35100543146045,measured
Landolt_Dia_Comp_1443,LD1443,molar,-49.58569916345639,measured
Landolt_Para_Comp_816,LP816,molar,36.501624633846546,measured
Landolt_Dia_Comp_4118,LD4118,molar,-88.00367541921419,measured
Landolt_Para_Comp_5851,LP5851,molar,43.86519499843901,measured
Landolt_Para_Comp_2802,LP2802,molar,186.10851511985777,measured
Landolt_Dia_Comp_4192,LD4192,molar,-72.01463641938182,measured
Landolt_Para_Comp_1665,LP1665,molar,441.0179090870897,measured
Landolt_Dia_Comp_4270,LD4270,molar,-56.274236381645444,measured
Landolt_Para_Comp_3102,LP3102,molar,271.15523563247035,measured
Landolt_Dia_Comp_2740,LD2740,molar,-60.768263139576845,measured
Landolt_Dia_Comp_109,LD109,molar,-57.897234279330775,measured
Landolt_Para_Comp_3055,LP3055,molar,64.95935004413099,measured
Landolt_Dia_Comp_4926,LD4926,molar,-70.56058340736291,measured
Landolt_Para_Comp_4258,LP4258,molar,79.38554887239009,measured
Landolt_Para_Comp_592,LP592,molar,90.69568957024535,measured
Landolt_Dia_Comp_1886,LD1886,molar,-34.43046235680019,measured
Landolt_Para_Comp_2942,LP2942,molar,38.973017494866184,measured
Landolt_Para_Comp_5166,LP5166,molar,22.48815007293198,measured
Landolt_Dia_Comp_597,LD597,molar,-29.996868405167568,measured
Landolt_Dia_Comp_5016,LD5016,molar,-30.162532609694036,measured
Landolt_Dia_Comp_1125,LD1125,molar,-84.85334768462243,measured
Landolt_Dia_Comp_2049,LD2049,molar,-30.774200104961235,measured
Landolt_Dia_Comp_2939,LD2939,molar,-22.504651713138053,measured
Landolt_Dia_Comp_5426,LD5426,molar,-33.45987123379581,measured
Landolt_Dia_Comp_5850,LD5850,molar,-42.084766117845014,measured
Landolt_Dia_Comp_2509,LD2509,molar,-37.28259770558269,measured
Landolt_Para_Comp_5842,LP5842,molar,149.00905611408092,measured
Landolt_Dia_Comp_4112,LD4112,molar,-66.12645332455939,measured
Landolt_Para_Comp_4016,LP4016,molar,402.38653912165,measured
Landolt_Para_Comp_4299,LP4299,molar,89.24135672995145,measured
Landolt_Para_Comp_1433,LP1433,molar,105.29217219610182,measured
Landolt_Dia_Comp_3090,LD3090,molar,-28.67858455231522,measured
Landolt_Dia_Comp_621,LD621,molar,-10.178011370255959,measured
Landolt_Para_Comp_5192,LP5192,molar,356.4074843798475,measured
Landolt_Dia_Comp_4712,LD4712,molar,-44.90902536681465,measured
Landolt_Dia_Comp_5732,LD5732,molar,-46.28314187748517,measured
Landolt_Para_Comp_237,LP237,molar,224.5817945747369,measured
Landolt_Para_Comp_5741,LP5741,molar,70.98326781757444,measured
Landolt_Para_Comp_288,LP288,molar,134.95318502410532,measured
Landolt_Para_Comp_4902,LP4902,molar,258.03577687807194,measured
Landolt_Dia_Comp_2143,LD2143,molar,-53.86135816386972,measured
Landolt_Dia_Comp_2150,LD2150,molar,-19.906939180264672,measured
Landolt_Para_Comp_2929,LP2929,molar,22.242474057656523,measured
Landolt_Para_Comp_1830,LP1830,molar,45.7675537035428,measured
Landolt_Dia_Comp_4912,LD4912,molar,-56.182974206522694,measured
Landolt_Dia_Comp_1922,LD1922,molar,-7.627890614811534,measured
Landolt_Dia_Comp_3279,LD3279,molar,-41.44707050405929,measured
Landolt_Dia_Comp_1958,LD1958,molar,-52.87828616003611,measured
Landolt_Para_Comp_5020,LP5020,molar,96.60905195677975,measured
Landolt_Para_Comp_1991,LP1991,molar,362.4973547273283,measured
Landolt_Dia_Comp_2573,LD2573,molar,-60.59276617104921,measured
Landolt_Para_Comp_859,LP859,molar,417.57278513140074,measured
Landolt_Para_Comp_2049,LP2049,molar,112.30543000312926,measured
Landolt_Para_Comp_2296,LP2296,molar,127.95525980410848,measured
Landolt_Para_Comp_3668,LP3668,molar,30.000552936567495,measured
Landolt_Para_Comp_5778,LP5778,molar,38.69003355168101,measured
Landolt_Para_Comp_3223,LP3223,molar,38.91066333990008,measured
Landolt_Para_Comp_2265,LP2265,molar,122.56022875155124,measured
Landolt_Para_Comp_4948,LP4948,molar,71.61294952231326,measured
Landolt_Dia_Comp_1078,LD1078,molar,-45.330147196001676,measured
Landolt_Para_Comp_4571,LP4571,molar,15.733849872770143,measured
Landolt_Dia_Comp_4513,LD4513,molar,-24.866342582252315,measured
Landolt_Dia_Comp_5682,LD5682,molar,-60.3955748973643,measured
Landolt_Dia_Comp_3127,LD3127,molar,-29.204461896087516,measured
Landolt_Dia_Comp_881,LD881,molar,-62.18996650944331,measured
Landolt_Dia_Comp_4788,LD4788,molar,-59.20835523888421,measured
Landolt_Dia_Comp_4832,LD4832,molar,-32.158855902856686,measured
Landolt_Dia_Comp_4127,LD4127,molar,-40.24913994407785,measured
Landolt_Para_Comp_5388,LP5388,molar,60.11046332816561,measured
Landolt_Dia_Comp_3567,LD3567,molar,-86.30712646713545,measured
Landolt_Para_Comp_878,LP878,molar,226.1024304787564,measured
Landolt_Para_Comp_3444,LP3444,molar,108.29932973461162,measured
Landolt_Para_Comp_2353,LP2353,molar,274.95165167250735,measured
Landolt_Dia_Comp_2478,LD2478,molar,-71.0225358421868,measured
Landolt_Para_Comp_1425,LP1425,molar,72.1789205535477,measured
Landolt_Para_Comp_4567,LP4567,molar,86.10542710801315,measured
Landolt_Para_Comp_5208,LP5208,molar,62.0331127087796,measured
Landolt_Dia_Comp_1694,LD1694,molar,-1.0,measured
Landolt_Dia_Comp_4800,LD4800,molar,-48.77271579865349,measured
Landolt_Para_Comp_3413,LP3413,molar,561.8215491472976,measured
Landolt_Dia_Comp_2630,LD2630,molar,-82.16120009446178,measured
Landolt_Dia_Comp_1373,LD1373,molar,-72.46508407332036,measured
Landolt_Dia_Comp_77,LD77,molar,-23.72888776663331,measured
Landolt_Para_Comp_59,LP59,molar,52.49783723180575,measured
Landolt_Para_Comp_5318,LP5318,molar,267.06972337544556,measured
Landolt_Para_Comp_3675,LP3675,molar,189.64365377243854,measured
Landolt_Para_Comp_4643,LP4643,molar,58.22979725697444,measured
Landolt_Para_Comp_4189,LP4189,molar,409.5041497460632,measured
Landolt_Dia_Comp_1492,LD1492,molar,-36.97699627083254,measured
Landolt_Dia_Comp_5563,LD5563,molar,-39.840758637232334,measured
Landolt_Para_Comp_5308,LP5308,molar,160.07047396584812,measured
Landolt_Para_Comp_2429,LP2429,molar,477.0633963784436,measured
Landolt_Para_Comp_5968,LP5968,molar,118.98295408235853,measured
Landolt_Para_Comp_3939,LP3939,molar,116.71834351351013,measured
Landolt_Para_Comp_1516,LP1516,molar,20.51954259678414,measured
Landolt_Para_Comp_3978,LP3978,molar,24.95589259564307,measured
Landolt_Para_Comp_5068,LP5068,molar,315.6733886710734,measured
Landolt_Para_Comp_109,LP109,molar,68.59840112203239,measured
Landolt_Para_Comp_3397,LP3397,molar,102.95684353154802,measured
Landolt_Dia_Comp_1129,LD1129,molar,-53.72347959543547,measured
Landolt_Para_Comp_48,LP48,molar,301.4066209051173,measured
Landolt_Dia_Comp_5234,LD5234,molar,-37.69548830555536,measured
Landolt_Dia_Comp_5137,LD5137,molar,-32.75008761585566,measured
Landolt_Dia_Comp_3829,LD3829,molar,-54.663990357518784,measured
Landolt_Para_Comp_4308,LP4308,molar,170.12483459469226,measured
Landolt_Dia_Comp_5837,LD5837,molar,-33.11822208522695,measured
Landolt_Dia_Comp_453,LD453,molar,-54.43508878142571,measured
Landolt_Dia_Comp_3684,LD3684,molar,-50.88755171195284,measured
Landolt_Dia_Comp_4897,LD4897,molar,-30.361271006924163,measured
Landolt_Para_Comp_2237,LP2237,molar,14.132589112596296,measured
Landolt_Dia_Comp_3008,LD3008,molar,-49.643130594786136,measured
Landolt_Para_Comp_5859,LP5859,molar,30.00582233666801,measured
Landolt_Para_Comp_1363,LP1363,molar,151.7389931634704,measured
Landolt_Dia_Comp_2863,LD2863,molar,-29.61694099641891,measured
Landolt_Para_Comp_1054,LP1054,molar,125.25566968976136,measured
Landolt_Para_Comp_3511,LP3511,molar,23.494987597614454,measured
Landolt_Para_Comp_3360,LP3360,molar,185.30248073914873,measured
Landolt_Dia_Comp_2243,LD2243,molar,-58.066258603112544,measured
Landolt_Para_Comp_2276,LP2276,molar,55.11477604506877,measured
Landolt_Para_Comp_1023,LP1023,molar,138.1308197997327,measured
Landolt_Dia_Comp_3160,LD3160,molar,-40.63069547287762,measured
Landolt_Para_Comp_629,LP629,molar,237.0842691237337,measured
Landolt_Dia_Comp_5485,LD5485,molar,-95.10110796004416,measured
Landolt_Para_Comp_3164,LP3164,molar,406.5105179741496,measured
Landolt_Dia_Comp_5494,LD5494,molar,-51.61169233920981,measured
Landolt_Para_Comp_4570,LP4570,molar,39.75479120955963,measured
Landolt_Para_Comp_1788,LP1788,molar,141.91325238886705,measured
Landolt_Para_Comp_1586,LP1586,molar,598.9787814697905,measured
Landolt_Dia_Comp_3091,LD3091,molar,-25.364707861333496,measured
Landolt_Dia_Comp_736,LD736,molar,-49.96679852120282,measured
Landolt_Dia_Comp_2809,LD2809,molar,-69.71920103944953,measured
Landolt_Para_Comp_626,LP626,molar,57.415909634864036,measured
Landolt_Para_Comp_4576,LP4576,molar,792.4573304564861,measured
Landolt_Dia_Comp_3186,LD3186,molar,-55.54250464944756,measured
Landolt_Dia_Comp_4300,LD4300,molar,-69.12873427052934,measured
Landolt_Dia_Comp_641,LD641,molar,-45.46668325095588,measured
Landolt_Dia_Comp_865,LD865,molar,-41.68863978749743,measured
Landolt_Para_Comp_3646,LP3646,molar,46.75632683369388,measured
Landolt_Para_Comp_3517,LP3517,molar,361.51451337213683,measured
Landolt_Para_Comp_2582,LP2582,molar,197.30634217867942,measured
Landolt_Dia_Comp_2758,LD2758,molar,-15.064716107956485,measured
Landolt_Dia_Comp_5419,LD5419,molar,-105.86851914529964,measured
Landolt_Para_Comp_2469,LP2469,molar,265.81771574567085,measured
Landolt_Dia_Comp_3278,LD3278,molar,-37.532597165287754,measured
Landolt_Dia_Comp_2962,LD2962,molar,-40.63970792953469,measured
Landolt_Dia_Comp_3142,LD3142,molar,-76.44229773033162,measured
Landolt_Para_Comp_2724,LP2724,molar,124.26888272468044,measured
Landolt_Para_Comp_5316,LP5316,molar,38.18701503190775,measured
Landolt_Dia_Comp_3797,LD3797,molar,-51.39067542968735,measured
Landolt_Dia_Comp_5322,LD5322,molar,-70.23080340264829,measured
Landolt_Para_Comp_5747,LP5747,molar,133.57839873908722,measured
Landolt_Dia_Comp_4554,LD4554,molar,-1.325000358747019,measured
Landolt_Dia_Comp_4104,LD4104,molar,-86.07565122348826,measured
Landolt_Para_Comp_666,LP666,molar,20.96653313344561,measured
Landolt_Para_Comp_3564,LP3564,molar,35.914797051953315,measured
Landolt_Dia_Comp_528,LD528,molar,-64.19205836564134,measured
Landolt_Dia_Comp_4248,LD4248,molar,-44.060665830183666,measured
Landolt_Dia_Comp_4773,LD4773,molar,-21.671288673492096,measured
Landolt_Dia_Comp_2780,LD2780,molar,-37.75073782066405,measured
Landolt_Dia_Comp_1724,LD1724,molar,-79.21886688574234,measured
Landolt_Dia_Comp_4435,LD4435,molar,-45.395581795655445,measured
Landolt_Dia_Comp_566,LD566,molar,-71.83326592356613,measured
Landolt_Dia_Comp_341,LD341,molar,-54.915262385488674,measured
Landolt_Dia_Comp_5966,LD5966,molar,-61.73009751145895,measured
Landolt_Para_Comp_413,LP413,molar,17.450007062444286,measured
Landolt_Para_Comp_302,LP302,molar,272.2645125430624,measured
Landolt_Dia_Comp_2519,LD2519,molar,-23.329253360091883,measured
Landolt_Dia_Comp_3290,LD3290,molar,-59.31260530500639,measured
Landolt_Dia_Comp_2804,LD2804,molar,-31.41170199563701,measured
Landolt_Dia_Comp_5490,LD5490,molar,-20.411726917371404,measured
Landolt_Dia_Comp_2180,LD2180,molar,-44.44777338499256,measured
Landolt_Para_Comp_2736,LP2736,molar,220.8303893916606,measured
Landolt_Dia_Comp_729,LD729,molar,-60.022283539642345,measured
Landolt_Para_Comp_5519,LP5519,molar,39.78253521804339,measured
Landolt_Dia_Comp_232,LD232,molar,-54.51057684964315,measured
Landolt_Dia_Comp_4071,LD4071,molar,-62.93661265528044,measured
Landolt_Dia_Comp_1011,LD1011,molar,-78.72455705753653,measured
Landolt_Para_Comp_140,LP140,molar,100.77822391373692,measured
Landolt_Dia_Comp_1519,LD1519,molar,-33.48349945442029,measured
Landolt_Dia_Comp_2733,LD2733,molar,-44.97595522379615,measured
Landolt_Para_Comp_189,LP189,molar,106.54989244965033,measured
Landolt_Dia_Comp_1867,LD1867,molar,-59.568879322896095,measured
Landolt_Para_Comp_3035,LP3035,molar,171.84651901424104,measured
Landolt_Para_Comp_5601,LP5601,molar,99.59835564206212,measured
Landolt_Para_Comp_20,LP20,molar,31.600159827720706,measured
Landolt_Para_Comp_3557,LP3557,molar,241.27856385257726,measured
Landolt_Dia_Comp_4626,LD4626,molar,-56.816016118958764,measured
Landolt_Dia_Comp_2188,LD2188,molar,-60.121535768940646,measured
Landolt_Dia_Comp_2005,LD2005,molar,-34.109526304027824,measured
Landolt_Dia_Comp_61,LD61,molar,-79.13442914567219,measured
Landolt_Dia_Comp_668,LD668,molar,-68.61987680739823,measured
Landolt_Dia_Comp_2420,LD2420,molar,-53.78311159732656,measured
Landolt_Para_Comp_184,LP184,molar,267.88011634487845,measured
Landolt_Para_Comp_2414,LP2414,molar,70.66725227415421,measured
Landolt_Para_Comp_884,LP884,molar,152.9335804645049,measured
Landolt_Para_Comp_683,LP683,molar,19.2173697801117,measured
Landolt_Dia_Comp_5094,LD5094,molar,-79.30378164693725,measured
Landolt_Dia_Comp_4098,LD4098,molar,-37.25641227179267,measured
Landolt_Dia_Comp_753,LD753,molar,-73.02494161250992,measured
Landolt_Dia_Comp_5554,LD5554,molar,-77.5006152288401,measured
Landolt_Para_Comp_1526,LP1526,molar,76.77621565715982,measured
Landolt_Dia_Comp_2415,LD2415,molar,-29.124456791876018,measured
Landolt_Para_Comp_2833,LP2833,molar,21.516075232136878,measured
Landolt_Para_Comp_2017,LP2017,molar,161.46880779039256,measured
Landolt_Para_Comp_860,LP860,molar,10.482374063541373,measured
Landolt_Dia_Comp_4259,LD4259,molar,-87.2974688157536,measured
Landolt_Para_Comp_5242,LP5242,molar,70.45920653082241,measured
Landolt_Dia_Comp_4481,LD4481,molar,-46.694269146509086,measured
Landolt_Para_Comp_3325,LP3325,molar,128.0816089227502,measured
Landolt_Para_Comp_4250,LP4250,molar,283.3207477728943,measured
Landolt_Para_Comp_1995,LP1995,molar,12.038191816726194,measured
Landolt_Para_Comp_3474,LP3474,molar,209.1211214242882,measured
Landolt_Dia_Comp_4021,LD4021,molar,-56.47202971700367,measured
Landolt_Para_Comp_1770,LP1770,molar,181.43876350268897,measured
Landolt_Dia_Comp_1751,LD1751,molar,-63.4375015714845,measured
Landolt_Para_Comp_132,LP132,molar,239.40998202287975,measured
Landolt_Dia_Comp_2022,LD2022,molar,-7.494241966524399,measured
Landolt_Dia_Comp_2994,LD2994,molar,-81.40554822802265,measured
Landolt_Para_Comp_1786,LP1786,molar,305.896210590953,measured
Landolt_Dia_Comp_4995,LD4995,molar,-48.737326471174285,measured
Landolt_Dia_Comp_547,LD547,molar,-70.7655296671321,measured
Landolt_Dia_Comp_1633,LD1633,molar,-18.85495004742466,measured
Landolt_Para_Comp_3365,LP3365,molar,38.047618196150864,measured
Landolt_Para_Comp_2539,LP2539,molar,32.87198522279395,measured
Landolt_Dia_Comp_4452,LD4452,molar,-21.750343132355894,measured
Landolt_Dia_Comp_4628,LD4628,molar,-64.21575055431853,measured
Landolt_Dia_Comp_4811,LD4811,molar,-35.055710038781285,measured
Landolt_Para_Comp_3369,LP3369,molar,87.81442399380617,measured
Landolt_Para_Comp_2203,LP2203,molar,97.55685990473621,measured
Landolt_Dia_Comp_31,LD31,molar,-58.45266953308963,measured
Landolt_Dia_Comp_339,LD339,molar,-103.8822726861543,measured
Landolt_Para_Comp_1494,LP1494,molar,412.415022665203,measured
Landolt_Para_Comp_4310,LP4310,molar,257.31689712621744,measured
Landolt_Dia_Comp_3085,LD3085,molar,-66.41016705861954,measured
Landolt_Para_Comp_5152,LP5152,molar,275.47341286446317,measured
Landolt_Para_Comp_4097,LP4097,molar,16.97148703752276,measured
Landolt_Para_Comp_451,LP451,molar,637.6602987790759,measured
Landolt_Dia_Comp_5826,LD5826,molar,-4.1172834966599865,measured
Landolt_Para_Comp_1499,LP1499,molar,18.92278045503322,measured
Landolt_Para_Comp_4427,LP4427,molar,19.004199343207745,measured
Landolt_Dia_Comp_3502,LD3502,molar,-75.04556027237989,measured
Landolt_Dia_Comp_4774,LD4774,molar,-54.38776271875692,measured
Landolt_Dia_Comp_194,LD194,molar,-53.54302067768421,measured
Landolt_Dia_Comp_471,LD471,molar,-71.41378458278609,measured
Landolt_Para_Comp_4535,LP4535,molar,98.74960135066526,measured
Landolt_Para_Comp_3049,LP3049,molar,60.78488663317767,measured
Landolt_Dia_Comp_5782,LD5782,molar,-52.97379200550168,measured
Landolt_Para_Comp_2182,LP2182,molar,160.00065602310937,measured
Landolt_Para_Comp_2366,LP2366,molar,130.38203150209551,measured
Landolt_Para_Comp_3345,LP3345,molar,136.42532537301747,measured
Landolt_Dia_Comp_2852,LD2852,molar,-59.772743416799706,measured
Landolt_Dia_Comp_4006,LD4006,molar,-37.30988402161341,measured
Landolt_Dia_Comp_770,LD770,molar,-10.165190312312504,measured
Landolt_Para_Comp_814,LP814,molar,47.91130652606564,measured
Landolt_Para_Comp_5271,LP5271,molar,132.25027844115044,measured
Landolt_Dia_Comp_3434,LD3434,molar,-76.37640309648896,measured
Landolt_Para_Comp_4265,LP4265,molar,99.98021291359113,measured
Landolt_Dia_Comp_1340,LD1340,molar,-10.734002832599373,measured
Landolt_Para_Comp_2765,LP2765,molar,99.4575258428402,measured
Landolt_Dia_Comp_3178,LD3178,molar,-58.08937910566908,measured
Landolt_Dia_Comp_2973,LD2973,molar,-40.86631823784262,measured
Landolt_Para_Comp_1763,LP1763,molar,151.96319464861494,measured
Landolt_Para_Comp_2242,LP2242,molar,12.877938624537364,measured
Landolt_Para_Comp_3751,LP3751,molar,21.320110753399064,measured
Landolt_Para_Comp_1573,LP1573,molar,429.1185703814233,measured
Landolt_Para_Comp_2363,LP2363,molar,175.525558529178,measured
Landolt_Dia_Comp_634,LD634,molar,-59.5918329324195,measured
Landolt_Dia_Comp_3817,LD3817,molar,-18.713441185677432,measured
Landolt_Para_Comp_5509,LP5509,molar,131.12383966028716,measured
Landolt_Dia_Comp_3660,LD3660,molar,-70.06059980664453,measured
Landolt_Dia_Comp_4669,LD4669,molar,-48.833734061411675,measured
Landolt_Para_Comp_903,LP903,molar,144.28361480450494,measured
Landolt_Dia_Comp_3458,LD3458,molar,-49.266612328904664,measured
Landolt_Dia_Comp_3982,LD3982,molar,-19.123943954624842,measured
Landolt_Para_Comp_1230,LP1230,molar,16.90615567045296,measured
Landolt_Para_Comp_5512,LP5512,molar,134.54464653503965,measured
Landolt_Dia_Comp_1931,LD1931,molar,-1.0,measured
Landolt_Dia_Comp_5726,LD5726,molar,-24.114995283141543,measured
Landolt_Para_Comp_5300,LP5300,molar,205.9118357528234,measured
Landolt_Dia_Comp_278,LD278,molar,-49.62908041345887,measured
Landolt_Para_Comp_4304,LP4304,molar,27.69259065566505,measured
Landolt_Para_Comp_57,LP57,molar,99.24031834258363,measured
Landolt_Para_Comp_804,LP804,molar,84.83302115232895,measured
Landolt_Para_Comp_5127,LP5127,molar,665.4369889619971,measured
Landolt_Dia_Comp_2963,LD2963,molar,-86.57350666010896,measured
Landolt_Para_Comp_464,LP464,molar,113.63490465529549,measured
Landolt_Para_Comp_3400,LP3400,molar,37.13461855733071,measured
Landolt_Dia_Comp_1955,LD1955,molar,-55.75736421238932,measured
Landolt_Para_Comp_5196,LP5196,molar,297.14629037252354,measured
Landolt_Para_Comp_3917,LP3917,molar,66.78179270331049,measured
Landolt_Para_Comp_3769,LP3769,molar,263.9043053464629,measured
Landolt_Para_Comp_3931,LP3931,molar,84.67033576745176,measured
Landolt_Para_Comp_634,LP634,molar,100.31896054101479,measured
Landolt_Dia_Comp_3260,LD3260,molar,-1.0,measured
Landolt_Para_Comp_2549,LP2549,molar,99.38998142334748,measured
Landolt_Para_Comp_1233,LP1233,molar,246.87637486101883,measured
Landolt_Para_Comp_2155,LP2155,molar,144.27500447209243,measured
Landolt_Dia_Comp_931,LD931,molar,-96.97389923345469,measured
Landolt_Para_Comp_2651,LP2651,molar,91.42826891847986,measured
Landolt_Dia_Comp_4271,LD4271,molar,-44.448271788940644,measured
Landolt_Para_Comp_3468,LP3468,molar,299.7000038097214,measured
Landolt_Dia_Comp_3036,LD3036,molar,-54.27371751449617,measured
Landolt_Dia_Comp_285,LD285,molar,-30.918863644742054,measured
Landolt_Para_Comp_5470,LP5470,molar,177.08696864488704,measured
Landolt_Para_Comp_1234,LP1234,molar,134.53495799404544,measured
Landolt_Dia_Comp_4507,LD4507,molar,-42.11686564874845,measured
Landolt_Para_Comp_2466,LP2466,molar,462.79028045945057,measured
Landolt_Para_Comp_492,LP492,molar,188.7065487860151,measured
Landolt_Dia_Comp_5456,LD5456,molar,-47.48668554788002,measured
Landolt_Dia_Comp_2908,LD2908,molar,-58.01303218742409,measured
Landolt_Dia_Comp_4996,LD4996,molar,-61.590099101580705,measured
Landolt_Dia_Comp_5215,LD5215,molar,-34.79113016812846,measured
Landolt_Dia_Comp_3666,LD3666,molar,-31.00338781436587,measured
Landolt_Para_Comp_3066,LP3066,molar,72.9540442440274,measured
Landolt_Para_Comp_4960,LP4960,molar,19.60394934455884,measured
Landolt_Dia_Comp_2601,LD2601,molar,-46.86261616011321,measured
Landolt_Dia_Comp_2467,LD2467,molar,-43.88156381788281,measured
Landolt_Para_Comp_1968,LP1968,molar,62.21686696448791,measured
Landolt_Dia_Comp_2721,LD2721,molar,-87.97813120937,measured
Landolt_Para_Comp_1658,LP1658,molar,59.3266205199017,measured
Landolt_Para_Comp_456,LP456,molar,199.4947830850711,measured
Landolt_Para_Comp_5337,LP5337,molar,257.8529069059032,measured
Landolt_Dia_Comp_2975,LD2975,molar,-66.84264029674907,measured
Landolt_Para_Comp_2998,LP2998,molar,608.2178597533772,measured
Landolt_Para_Comp_5406,LP5406,molar,105.97958847010815,measured
Landolt_Dia_Comp_4277,LD4277,molar,-25.16181996193096,measured
Landolt_Para_Comp_216,LP216,molar,879.8565477055478,measured
Landolt_Dia_Comp_56,LD56,molar,-64.60038807918578,measured
Landolt_Para_Comp_2735,LP2735,molar,592.9274415850089,measured
Landolt_Para_Comp_4876,LP4876,molar,160.5542648546647,measured
Landolt_Para_Comp_4937,LP4937,molar,108.90531376671503,measured
Landolt_Dia_Comp_4609,LD4609,molar,-40.17434955712922,measured
Landolt_Para_Comp_2624,LP2624,molar,324.6169926591134,measured
Landolt_Dia_Comp_5708,LD5708,molar,-34.684133348482014,measured
Landolt_Para_Comp_2731,LP2731,molar,308.1451356334322,measured
Landolt_Dia_Comp_4500,LD4500,molar,-46.7488728120059,measured
Landolt_Para_Comp_3087,LP3087,molar,331.05449304735106,measured
Landolt_Dia_Comp_5518,LD5518,molar,-37.95047558003132,measured
Landolt_Dia_Comp_441,LD441,molar,-30.44199343148644,measured
Landolt_Dia_Comp_4642,LD4642,molar,-62.991766017117996,measured
Landolt_Para_Comp_405,LP405,molar,84.01434306329084,measured
Landolt_Para_Comp_5421,LP5421,molar,65.23501902046223,measured
Landolt_Dia_Comp_5270,LD5270,molar,-18.023059209777898,measured
Landolt_Para_Comp_1155,LP1155,molar,110.78038332375927,measured
Landolt_Dia_Comp_3586,LD3586,molar,-58.088044607243155,measured
Landolt_Para_Comp_1737,LP1737,molar,26.236458996390056,measured
Landolt_Para_Comp_1018,LP1018,molar,47.268354737984325,measured
Landolt_Para_Comp_2992,LP2992,molar,276.94032252865367,measured
Landolt_Dia_Comp_5003,LD5003,molar,-62.30325656272467,measured
Landolt_Dia_Comp_5813,LD5813,molar,-50.56672172479816,measured
Landolt_Dia_Comp_643,LD643,molar,-1.0,measured
Landolt_Para_Comp_4090,LP4090,molar,41.80258337881358,measured
Landolt_Dia_Comp_1149,LD1149,molar,-48.29026776687298,measured
Landolt_Para_Comp_1636,LP1636,molar,60.77813321578339,measured
Landolt_Dia_Comp_5053,LD5053,molar,-66.68456999452161,measured
Landolt_Para_Comp_5401,LP5401,molar,210.3420832108249,measured
Landolt_Para_Comp_5548,LP5548,molar,264.30487419116673,measured
Landolt_Para_Comp_252,LP252,molar,562.1543412992193,measured
Landolt_Dia_Comp_3011,LD3011,molar,-48.51536515999397,measured
Landolt_Dia_Comp_2575,LD2575,molar,-68.08459277823471,measured
Landolt_Para_Comp_575,LP575,molar,150.93611445885688,measured
Landolt_Para_Comp_3184,LP3184,molar,309.37207973943305,measured
Landolt_Dia_Comp_2754,LD2754,molar,-52.37156115409981,measured
Landolt_Dia_Comp_328,LD328,molar,-55.6189272138749,measured
Landolt_Para_Comp_1913,LP1913,molar,127.16970720091332,measured
Landolt_Para_Comp_3224,LP3224,molar,45.183197257686345,measured
Landolt_Para_Comp_3097,LP3097,molar,40.203291920438986,measured
Landolt_Dia_Comp_1388,LD1388,molar,-31.19531276334435,measured
Landolt_Para_Comp_928,LP928,molar,124.74023186332353,measured
Landolt_Dia_Comp_811,LD811,molar,-77.69526444449323,measured
Landolt_Para_Comp_1809,LP1809,molar,37.966865127357224,measured
Landolt_Para_Comp_3758,LP3758,molar,126.28898847415314,measured
Landolt_Para_Comp_1518,LP1518,molar,44.283478200827744,measured
Landolt_Dia_Comp_604,LD604,molar,-63.83922126726253,measured
Landolt_Para_Comp_272,LP272,molar,21.5549244688941,measured
Landolt_Dia_Comp_4250,LD4250,molar,-47.594455069904335,measured
Landolt_Para_Comp_2012,LP2012,molar,96.4622567374003,measured
Landolt_Para_Comp_2821,LP2821,molar,76.44872744638465,measured
Landolt_Para_Comp_624,LP624,molar,45.8673338437167,measured
Landolt_Para_Comp_2559,LP2559,molar,80.62807772420655,measured
Landolt_Para_Comp_1089,LP1089,molar,372.2744847026042,measured
Landolt_Para_Comp_1659,LP1659,molar,259.7619442425828,measured
Landolt_Dia_Comp_4010,LD4010,molar,-56.25425914105899,measured
Landolt_Dia_Comp_5216,LD5216,molar,-46.0830689586597,measured
Landolt_Para_Comp_83,LP83,molar,179.4071930643448,measured
Landolt_Dia_Comp_5962,LD5962,molar,-35.147424762345054,measured
Landolt_Dia_Comp_5977,LD5977,molar,-28.147389241165847,measured
Landolt_Para_Comp_1515,LP1515,molar,67.55467141798272,measured
Landolt_Dia_Comp_1859,LD1859,molar,-51.486349970483374,measured
Landolt_Dia_Comp_3990,LD3990,molar,-65.22242787559439,measured
Landolt_Para_Comp_4547,LP4547,molar,168.05267548799296,measured
Landolt_Dia_Comp_1116,LD1116,molar,-44.650413921697464,measured
Landolt_Dia_Comp_1754,LD1754,molar,-55.26218623496251,measured
Landolt_Dia_Comp_2732,LD2732,molar,-72.79776453180656,measured
Landolt_Dia_Comp_1046,LD1046,molar,-53.08945158621807,measured
Landolt_Dia_Comp_2726,LD2726,molar,-69.34209019413107,measured
Landolt_Dia_Comp_4967,LD4967,molar,-68.82830835967633,measured
Landolt_Dia_Comp_4618,LD4618,molar,-36.97866382620719,measured
Landolt_Dia_Comp_3414,LD3414,molar,-37.937345985714714,measured
Landolt_Dia_Comp_850,LD850,molar,-63.29951735429877,measured
Landolt_Dia_Comp_93,LD93,molar,-71.91095728546215,measured
Landolt_Dia_Comp_1381,LD1381,molar,-57.52473942528009,measured
Landolt_Dia_Comp_2194,LD2194,molar,-41.36370893014576,measured
Landolt_Para_Comp_3724,LP3724,molar,145.63171545560118,measured
Landolt_Dia_Comp_2369,LD2369,molar,-69.28354801732952,measured
Landolt_Para_Comp_5887,LP5887,molar,70.22587459755607,measured
Landolt_Para_Comp_3973,LP3973,molar,230.59134272544392,measured
Landolt_Dia_Comp_442,LD442,molar,-13.234307085681039,measured
Landolt_Dia_Comp_2030,LD2030,molar,-35.58667148274025,measured
Landolt_Dia_Comp_4568,LD4568,molar,-60.247592228790005,measured
Landolt_Dia_Comp_5950,LD5950,molar,-33.38293969984019,measured
Landolt_Para_Comp_1377,LP1377,molar,128.00381010115777,measured
Landolt_Dia_Comp_4026,LD4026,molar,-116.2813169903335,measured
Landolt_Para_Comp_5188,LP5188,molar,81.47982168333306,measured
Landolt_Para_Comp_3879,LP3879,molar,115.28124298100607,measured
Landolt_Para_Comp_1063,LP1063,molar,30.169563047852673,measured
Landolt_Dia_Comp_2634,LD2634,molar,-45.60029489637792,measured
Landolt_Para_Comp_2304,LP2304,molar,140.2494731371659,measured
Landolt_Dia_Comp_2859,LD2859,molar,-63.656681233562374,measured
Landolt_Para_Comp_5501,LP5501,molar,120.92276521064365,measured
Landolt_Dia_Comp_1484,LD1484,molar,-35.47953150206878,measured
Landolt_Para_Comp_1657,LP1657,molar,73.84798804726239,measured
Landolt_Para_Comp_2201,LP2201,molar,321.3404197016421,measured
Landolt_Para_Comp_3159,LP3159,molar,256.15034131317816,measured
Landolt_Dia_Comp_1423,LD1423,molar,-83.19367204200412,measured
Landolt_Dia_Comp_4782,LD4782,molar,-58.16082265761778,measured
Landolt_Dia_Comp_4980,LD4980,molar,-56.80323871614463,measured
Landolt_Dia_Comp_1460,LD1460,molar,-60.21952836483786,measured
Landolt_Para_Comp_3954,LP3954,molar,33.25523186666827,measured
Landolt_Para_Comp_1454,LP1454,molar,40.64408289043831,measured
Landolt_Para_Comp_1784,LP1784,molar,201.71335640511094,measured
Landolt_Dia_Comp_4961,LD4961,molar,-65.34730139770745,measured
Landolt_Dia_Comp_1647,LD1647,molar,-67.19913418869866,measured
Landolt_Dia_Comp_5211,LD5211,molar,-29.133933326309112,measured
Landolt_Dia_Comp_4965,LD4965,molar,-62.97419184510308,measured
Landolt_Dia_Comp_2037,LD2037,molar,-95.67519868049322,measured
Landolt_Dia_Comp_3431,LD3431,molar,-54.137050953044294,measured
Landolt_Dia_Comp_5545,LD5545,molar,-48.74015620632057,measured
Landolt_Dia_Comp_2418,LD2418,molar,-78.70303743238017,measured
Landolt_Para_Comp_3285,LP3285,molar,15.390976169943123,measured
Landolt_Para_Comp_1914,LP1914,molar,164.75408901905905,measured
Landolt_Dia_Comp_4703,LD4703,molar,-50.24189307039396,measured
Landolt_Para_Comp_180,LP180,molar,45.56444538749209,measured
Landolt_Para_Comp_5375,LP5375,molar,66.77437169203367,measured
Landolt_Dia_Comp_897,LD897,molar,-48.16745259005829,measured
Landolt_Para_Comp_5868,LP5868,molar,215.41001421270553,measured
Landolt_Para_Comp_4003,LP4003,molar,97.94768194100095,measured
Landolt_Para_Comp_3429,LP3429,molar,292.0574981979866,measured
Landolt_Para_Comp_1442,LP1442,molar,342.1558078415729,measured
Landolt_Dia_Comp_4890,LD4890,molar,-71.86429062674674,measured
Landolt_Dia_Comp_3179,LD3179,molar,-66.81109533302774,measured
Landolt_Dia_Comp_5170,LD5170,molar,-58.45144076794852,measured
Landolt_Para_Comp_4869,LP4869,molar,331.1547587699666,measured
Landolt_Para_Comp_3078,LP3078,molar,206.83108962585632,measured
Landolt_Dia_Comp_3930,LD3930,molar,-100.02822816055439,measured
Landolt_Dia_Comp_1545,LD1545,molar,-6.706090333943962,measured
Landolt_Para_Comp_156,LP156,molar,42.975377591114054,measured
Landolt_Dia_Comp_684,LD684,molar,-70.08643485040376,measured
Landolt_Dia_Comp_5565,LD5565,molar,-34.484000338462806,measured
Landolt_Para_Comp_5966,LP5966,molar,93.28050627024139,measured
Landolt_Dia_Comp_3397,LD3397,molar,-45.325828398216984,measured
Landolt_Dia_Comp_1465,LD1465,molar,-29.057081972377063,measured
Landolt_Dia_Comp_4337,LD4337,molar,-60.296165908875395,measured
Landolt_Para_Comp_4933,LP4933,molar,99.84699671289219,measured
Landolt_Dia_Comp_1930,LD1930,molar,-28.810879658897875,measured
Landolt_Dia_Comp_508,LD508,molar,-46.21927489033092,measured
Landolt_Para_Comp_3183,LP3183,molar,124.24382249447035,measured
Landolt_Para_Comp_4361,LP4361,molar,12.683420231759387,measured
Landolt_Para_Comp_5044,LP5044,molar,472.5207650955394,measured
Landolt_Para_Comp_2233,LP2233,molar,259.46918927654735,measured
Landolt_Para_Comp_1143,LP1143,molar,400.6007324431233,measured
Landolt_Para_Comp_3137,LP3137,molar,219.68518160546853,measured
Landolt_Para_Comp_500,LP500,molar,180.33244758272585,measured
Landolt_Dia_Comp_2668,LD2668,molar,-34.125728390806856,measured
Landolt_Para_Comp_4410,LP4410,molar,175.20211966057232,measured
Landolt_Para_Comp_2083,LP2083,molar,79.82792602683064,measured
Landolt_Dia_Comp_3827,LD3827,molar,-30.695466899855667,measured
Landolt_Dia_Comp_2680,LD2680,molar,-1.0,measured
Landolt_Dia_Comp_878,LD878,molar,-45.578416362003445,measured
Landolt_Para_Comp_3901,LP3901,molar,92.9041229783157,measured
Landolt_Dia_Comp_4229,LD4229,molar,-64.75735498543497,measured
Landolt_Dia_Comp_4113,LD4113,molar,-44.840714219500704,measured
Landolt_Para_Comp_4994,LP4994,molar,51.35396701882197,measured
Landolt_Dia_Comp_3701,LD3701,molar,-12.813071568562151,measured
Landolt_Dia_Comp_3119,LD3119,molar,-59.61533319338166,measured
Landolt_Dia_Comp_4911,LD4911,molar,-37.34041191274667,measured
Landolt_Dia_Comp_3760,LD3760,molar,-38.90271368159479,measured
Landolt_Para_Comp_1569,LP1569,molar,200.9650027077437,measured
Landolt_Para_Comp_4580,LP4580,molar,126.36484330725624,measured
Landolt_Dia_Comp_361,LD361,molar,-11.237632686088396,measured
Landolt_Para_Comp_5935,LP5935,molar,238.26072578493665,measured
Landolt_Dia_Comp_5501,LD5501,molar,-26.477494377033942,measured
Landolt_Dia_Comp_888,LD888,molar,-11.085507847194293,measured
Landolt_Dia_Comp_1677,LD1677,molar,-32.60217884920975,measured
Landolt_Para_Comp_3669,LP3669,molar,229.46494998409375,measured
Landolt_Para_Comp_1542,LP1542,molar,120.65538083097704,measured
Landolt_Para_Comp_2168,LP2168,molar,85.97995300267701,measured
Landolt_Dia_Comp_4717,LD4717,molar,-65.11401085975932,measured
Landolt_Dia_Comp_5859,LD5859,molar,-57.16311747365383,measured
Landolt_Dia_Comp_1954,LD1954,molar,-77.81316689803691,measured
Landolt_Para_Comp_5517,LP5517,molar,61.90195607286836,measured
Landolt_Dia_Comp_2299,LD2299,molar,-63.66302292412271,measured
Landolt_Para_Comp_3015,LP3015,molar,18.802710696129758,measured
Landolt_Dia_Comp_5528,LD5528,molar,-65.96927277091734,measured
Landolt_Dia_Comp_3782,LD3782,molar,-53.937333297791,measured
Landolt_Dia_Comp_1434,LD1434,molar,-31.42209634920021,measured
Landolt_Para_Comp_2070,LP2070,molar,101.72167414124442,measured
Landolt_Dia_Comp_1474,LD1474,molar,-88.09911841539925,measured
Landolt_Dia_Comp_298,LD298,molar,-60.359643144029974,measured
Landolt_Dia_Comp_5266,LD5266,molar,-18.961039248832098,measured
Landolt_Para_Comp_5376,LP5376,molar,28.222435277235633,measured
Landolt_Dia_Comp_2766,LD2766,molar,-85.14308815003322,measured
Landolt_Para_Comp_4065,LP4065,molar,19.849191342046243,measured
Landolt_Dia_Comp_1842,LD1842,molar,-49.193087912686025,measured
Landolt_Dia_Comp_5358,LD5358,molar,-66.91716456851069,measured
Landolt_Dia_Comp_1096,LD1096,molar,-47.109455746964166,measured
Landolt_Dia_Comp_3379,LD3379,molar,-32.692706376879315,measured
Landolt_Para_Comp_3238,LP3238,molar,93.33779966886361,measured
Landolt_Para_Comp_300,LP300,molar,85.15714314879199,measured
Landolt_Dia_Comp_1764,LD1764,molar,-23.67402762728875,measured
Landolt_Dia_Comp_810,LD810,molar,-74.24536775340589,measured
Landolt_Para_Comp_5237,LP5237,molar,411.506815189029,measured
Landolt_Dia_Comp_2540,LD2540,molar,-71.01606633396685,measured
Landolt_Para_Comp_2260,LP2260,molar,140.6353927147835,measured
Landolt_Dia_Comp_3901,LD3901,molar,-18.57234813694251,measured
Landolt_Dia_Comp_3004,LD3004,molar,-79.17354866092982,measured
Landolt_Para_Comp_4515,LP4515,molar,170.19377946131175,measured
Landolt_Para_Comp_1863,LP1863,molar,54.30803469365661,measured
Landolt_Dia_Comp_5295,LD5295,molar,-31.00187010602105,measured
Landolt_Para_Comp_3508,LP3508,molar,257.5924121800864,measured
Landolt_Dia_Comp_885,LD885,molar,-42.75291365260162,measured
Landolt_Dia_Comp_840,LD840,molar,-31.348054846030806,measured
Landolt_Dia_Comp_4037,LD4037,molar,-24.509616978182805,measured
Landolt_Para_Comp_2925,LP2925,molar,123.10731215693006,measured
Landolt_Para_Comp_1620,LP1620,molar,63.042927468526386,measured
Landolt_Dia_Comp_3261,LD3261,molar,-49.51934355382433,measured
Landolt_Para_Comp_5907,LP5907,molar,205.92778493276512,measured
Landolt_Para_Comp_1336,LP1336,molar,49.12458478546732,measured
Landolt_Dia_Comp_2276,LD2276,molar,-45.0659128840737,measured
Landolt_Dia_Comp_2091,LD2091,molar,-34.314572201237965,measured
Landolt_Para_Comp_3989,LP3989,molar,115.52368619114132,measured
Landolt_Dia_Comp_263,LD263,molar,-1.0,measured
Landolt_Dia_Comp_5975,LD5975,molar,-73.74514919563924,measured
Landolt_Dia_Comp_1061,LD1061,molar,-31.52851119476979,measured
Landolt_Dia_Comp_5168,LD5168,molar,-75.70983465891203,measured
Landolt_Para_Comp_1646,LP1646,molar,41.599459638658985,measured
Landolt_Para_Comp_460,LP460,molar,393.7218141381314,measured
Landolt_Para_Comp_2445,LP2445,molar,181.35154475016887,measured
Landolt_Dia_Comp_1267,LD1267,molar,-42.68066275935429,measured
Landolt_Dia_Comp_4785,LD4785,molar,-59.97527262572319,measured
Landolt_Para_Comp_876,LP876,molar,175.27409290445868,measured
Landolt_Para_Comp_3759,LP3759,molar,77.92687681809488,measured
Landolt_Dia_Comp_2945,LD2945,molar,-56.64431488391649,measured
Landolt_Dia_Comp_4856,LD4856,molar,-30.612411170961934,measured
Landolt_Para_Comp_5136,LP5136,molar,115.83001546485038,measured
Landolt_Para_Comp_5578,LP5578,molar,708.5346734999747,measured
Landolt_Dia_Comp_5899,LD5899,molar,-82.50746728374037,measured
Landolt_Para_Comp_5565,LP5565,molar,374.4927990308529,measured
Landolt_Para_Comp_489,LP489,molar,366.3576808276164,measured
Landolt_Dia_Comp_5459,LD5459,molar,-11.760164747971693,measured
Landolt_Para_Comp_4517,LP4517,molar,285.75374862384774,measured
Landolt_Dia_Comp_1473,LD1473,molar,-48.947669699062594,measured
Landolt_Para_Comp_3717,LP3717,molar,264.63273595823546,measured
Landolt_Para_Comp_3404,LP3404,molar,70.09288866778967,measured
Landolt_Para_Comp_5783,LP5783,molar,61.442910571483814,measured
Landolt_Para_Comp_5039,LP5039,molar,71.41925177246512,measured
Landolt_Para_Comp_3467,LP3467,molar,36.11946693742203,measured
Landolt_Para_Comp_4239,LP4239,molar,319.674711095315,measured
Landolt_Para_Comp_5975,LP5975,molar,145.23501224549506,measured
Landolt_Dia_Comp_5104,LD5104,molar,-69.13912751668377,measured
Landolt_Para_Comp_3733,LP3733,molar,786.5584400706294,measured
Landolt_Dia_Comp_5327,LD5327,molar,-58.84459163414649,measured
Landolt_Para_Comp_3166,LP3166,molar,16.21907930727191,measured
Landolt_Para_Comp_3044,LP3044,molar,361.48409897992923,measured
Landolt_Dia_Comp_1500,LD1500,molar,-44.19024727515787,measured
Landolt_Dia_Comp_340,LD340,molar,-64.56467158053489,measured
Landolt_Para_Comp_5364,LP5364,molar,91.66304876380075,measured
Landolt_Para_Comp_1116,LP1116,molar,229.37083839086813,measured
Landolt_Para_Comp_2639,LP2639,molar,186.7764940456757,measured
Landolt_Para_Comp_1672,LP1672,molar,283.0323984015815,measured
Landolt_Para_Comp_2813,LP2813,molar,125.87332126395354,measured
Landolt_Para_Comp_4856,LP4856,molar,1184.1586220365011,measured
Landolt_Para_Comp_4722,LP4722,molar,96.53426160448586,measured
Landolt_Para_Comp_1009,LP1009,molar,59.25781531015368,measured
Landolt_Dia_Comp_4516,LD4516,molar,-46.06749742772428,measured
Landolt_Para_Comp_1029,LP1029,molar,415.2373444360583,measured
Landolt_Dia_Comp_4317,LD4317,molar,-68.88381598196645,measured
Landolt_Para_Comp_5962,LP5962,molar,64.23178315593361,measured
Landolt_Para_Comp_569,LP569,molar,76.45630703214005,measured
Landolt_Para_Comp_1308,LP1308,molar,126.7942960680288,measured
Landolt_Para_Comp_4043,LP4043,molar,104.77105893491193,measured
Landolt_Dia_Comp_4850,LD4850,molar,-51.372316672875186,measured
Landolt_Dia_Comp_5552,LD5552,molar,-73.66160391068549,measured
Landolt_Para_Comp_403,LP403,molar,76.06906392028431,measured
Landolt_Para_Comp_3324,LP3324,molar,84.5432511713091,measured
Landolt_Dia_Comp_1313,LD1313,molar,-35.36412576309252,measured
Landolt_Dia_Comp_5510,LD5510,molar,-65.78854993753714,measured
Landolt_Para_Comp_4761,LP4761,molar,120.9118591180365,measured
Landolt_Dia_Comp_299,LD299,molar,-63.30791454412605,measured
Landolt_Para_Comp_4590,LP4590,molar,41.71104313442645,measured
Landolt_Dia_Comp_3387,LD3387,molar,-52.640233010578626,measured
Landolt_Dia_Comp_3778,LD3778,molar,-35.59003919340334,measured
Landolt_Para_Comp_5909,LP5909,molar,393.3129490358739,measured
Landolt_Para_Comp_826,LP826,molar,488.52537886632643,measured
Landolt_Para_Comp_4824,LP4824,molar,104.1448060787278,measured
Landolt_Dia_Comp_3217,LD3217,molar,-64.00216448702136,measured
Landolt_Para_Comp_4514,LP4514,molar,42.7944142580919,measured
Landolt_Para_Comp_3878,LP3878,molar,18.58045086755328,measured
Landolt_Dia_Comp_4903,LD4903,molar,-62.28289318617185,measured
Landolt_Dia_Comp_705,LD705,molar,-70.75372719091561,measured
Landolt_Dia_Comp_5612,LD5612,molar,-53.60717254609735,measured
Landolt_Para_Comp_5011,LP5011,molar,263.7779959053978,measured
Landolt_Dia_Comp_1992,LD1992,molar,-67.73729895932016,measured
Landolt_Para_Comp_3462,LP3462,molar,100.35052049727467,measured
Landolt_Dia_Comp_3646,LD3646,molar,-30.120333795153005,measured
Landolt_Dia_Comp_5815,LD5815,molar,-17.886666560134962,measured
Landolt_Para_Comp_5170,LP5170,molar,722.8096983246485,measured
Landolt_Dia_Comp_4665,LD4665,molar,-47.862477382491434,measured
Landolt_Para_Comp_4292,LP4292,molar,161.11595046290432,measured
Landolt_Para_Comp_2468,LP2468,molar,78.86711449553918,measured
Landolt_Para_Comp_1998,LP1998,molar,268.7668137609643,measured
Landolt_Dia_Comp_2432,LD2432,molar,-72.71306009060993,measured
Landolt_Para_Comp_332,LP332,molar,51.653040694054276,measured
Landolt_Dia_Comp_1341,LD1341,molar,-39.77189940180907,measured
Landolt_Dia_Comp_5703,LD5703,molar,-66.13643199149492,measured
Landolt_Para_Comp_4630,LP4630,molar,101.94352985117115,measured
Landolt_Para_Comp_5734,LP5734,molar,191.57942793425303,measured
Landolt_Dia_Comp_5828,LD5828,molar,-53.251287756960835,measured
Landolt_Dia_Comp_2339,LD2339,molar,-23.785657895335966,measured
Landolt_Dia_Comp_5504,LD5504,molar,-87.92120373823855,measured
Landolt_Para_Comp_1122,LP1122,molar,421.22965111997695,measured
Landolt_Dia_Comp_4654,LD4654,molar,-48.87553641715515,measured
Landolt_Dia_Comp_2581,LD2581,molar,-54.901747701230555,measured
Landolt_Para_Comp_1702,LP1702,molar,57.50214258438524,measured
Landolt_Dia_Comp_2455,LD2455,molar,-74.49390078400883,measured
Landolt_Para_Comp_3310,LP3310,molar,36.13222063010769,measured
Landolt_Para_Comp_3679,LP3679,molar,671.9354175645096,measured
Landolt_Dia_Comp_1994,LD1994,molar,-49.97827692301684,measured
Landolt_Dia_Comp_2264,LD2264,molar,-56.63246662642806,measured
Landolt_Dia_Comp_2525,LD2525,molar,-44.46861603490049,measured
Landolt_Dia_Comp_5905,LD5905,molar,-79.07702165758207,measured
Landolt_Para_Comp_228,LP228,molar,488.95822902664355,measured
Landolt_Para_Comp_32,LP32,molar,50.021679576449365,measured
Landolt_Para_Comp_38,LP38,molar,188.53058648895407,measured
Landolt_Para_Comp_993,LP993,molar,78.63059252913806,measured
Landolt_Dia_Comp_946,LD946,molar,-46.977826890857436,measured
Landolt_Para_Comp_1803,LP1803,molar,55.94104766342305,measured
Landolt_Para_Comp_1807,LP1807,molar,53.03977122078917,measured
Landolt_Dia_Comp_4981,LD4981,molar,-62.020435894871405,measured
Landolt_Dia_Comp_572,LD572,molar,-90.14850915035106,measured
Landolt_Dia_Comp_5030,LD5030,molar,-45.97170553353151,measured
Landolt_Para_Comp_3616,LP3616,molar,208.76598578382035,measured
Landolt_Para_Comp_2239,LP2239,molar,77.43928636402867,measured
Landolt_Dia_Comp_3273,LD3273,molar,-49.45518151422955,measured
Landolt_Dia_Comp_3469,LD3469,molar,-70.36373724032028,measured
Landolt_Para_Comp_4367,LP4367,molar,16.144938243744228,measured
Landolt_Dia_Comp_5064,LD5064,molar,-75.7008522604309,measured
Landolt_Dia_Comp_5150,LD5150,molar,-32.237963250455515,measured
Landolt_Dia_Comp_4433,LD4433,molar,-54.27500555376612,measured
Landolt_Para_Comp_2185,LP2185,molar,190.96523134015834,measured
Landolt_Para_Comp_4596,LP4596,molar,48.058499171137825,measured
Landolt_Para_Comp_1671,LP1671,molar,47.32455774190547,measured
Landolt_Dia_Comp_2223,LD2223,molar,-60.59704162564633,measured
Landolt_Dia_Comp_4606,LD4606,molar,-63.96571502778264,measured
Landolt_Dia_Comp_246,LD246,molar,-68.76586845367731,measured
Landolt_Dia_Comp_2124,LD2124,molar,-48.015054531651394,measured
Landolt_Para_Comp_715,LP715,molar,58.4128159342731,measured
Landolt_Dia_Comp_2136,LD2136,molar,-45.823084612335194,measured
Landolt_Para_Comp_636,LP636,molar,38.307757586326105,measured
Landolt_Dia_Comp_2674,LD2674,molar,-65.33880198087435,measured
Landolt_Dia_Comp_3714,LD3714,molar,-48.089158135070974,measured
Landolt_Para_Comp_984,LP984,molar,121.71220650978675,measured
Landolt_Para_Comp_4118,LP4118,molar,164.0527954990096,measured
Landolt_Dia_Comp_2425,LD2425,molar,-48.61920630061014,measured
Landolt_Dia_Comp_1698,LD1698,molar,-68.23048109743222,measured
Landolt_Para_Comp_2528,LP2528,molar,37.295788957844096,measured
Landolt_Para_Comp_1818,LP1818,molar,290.9928483069329,measured
Landolt_Para_Comp_1221,LP1221,molar,156.65057439459707,measured
Landolt_Dia_Comp_1093,LD1093,molar,-69.36894059295105,measured
Landolt_Para_Comp_3670,LP3670,molar,164.8547178586078,measured
Landolt_Para_Comp_2285,LP2285,molar,172.02600746934982,measured
Landolt_Para_Comp_2052,LP2052,molar,335.69920567125416,measured
Landolt_Dia_Comp_967,LD967,molar,-48.908486394761276,measured
Landolt_Para_Comp_5516,LP5516,molar,447.8023293078161,measured
Landolt_Para_Comp_5631,LP5631,molar,322.74359867778196,measured
Landolt_Para_Comp_1246,LP1246,molar,177.96313602717396,measured
Landolt_Dia_Comp_5610,LD5610,molar,-36.959227174163615,measured
Landolt_Dia_Comp_1945,LD1945,molar,-15.645267256474312,measured
Landolt_Para_Comp_5190,LP5190,molar,45.44059481426247,measured
Landolt_Dia_Comp_4846,LD4846,molar,-20.071467094387057,measured
Landolt_Para_Comp_4537,LP4537,molar,184.85264239171462,measured
Landolt_Para_Comp_5214,LP5214,molar,264.04405180657955,measured
Landolt_Para_Comp_491,LP491,molar,142.18085577774437,measured
Landolt_Dia_Comp_2620,LD2620,molar,-41.258878997687866,measured
Landolt_Para_Comp_3332,LP3332,molar,314.24233222349824,measured
Landolt_Dia_Comp_3504,LD3504,molar,-59.46842293460446,measured
Landolt_Para_Comp_1637,LP1637,molar,136.4577761416349,measured
Landolt_Dia_Comp_603,LD603,molar,-3.0793600678544095,measured
Landolt_Dia_Comp_5951,LD5951,molar,-48.92964458697929,measured
Landolt_Dia_Comp_2586,LD2586,molar,-57.25160658248721,measured
Landolt_Para_Comp_4662,LP4662,molar,12.376633418516441,measured
Landolt_Dia_Comp_4902,LD4902,molar,-36.98069446982514,measured
Landolt_Dia_Comp_5603,LD5603,molar,-74.62045407125753,measured
Landolt_Para_Comp_3795,LP3795,molar,151.2485115507557,measured
Landolt_Para_Comp_3228,LP3228,molar,386.2935243602325,measured
Landolt_Para_Comp_5278,LP5278,molar,74.63998553682708,measured
Landolt_Dia_Comp_1000,LD1000,molar,-47.377250103539794,measured
Landolt_Dia_Comp_5711,LD5711,molar,-51.82822385866242,measured
Landolt_Para_Comp_875,LP875,molar,121.54010978891564,measured
Landolt_Dia_Comp_1084,LD1084,molar,-61.14441964142722,measured
Landolt_Dia_Comp_3356,LD3356,molar,-44.03595863917218,measured
Landolt_Dia_Comp_1034,LD1034,molar,-66.57169562990225,measured
Landolt_Para_Comp_2387,LP2387,molar,61.807450296197985,measured
Landolt_Para_Comp_3375,LP3375,molar,236.91029402098383,measured
Landolt_Dia_Comp_2684,LD2684,molar,-73.14300877621726,measured
Landolt_Para_Comp_5087,LP5087,molar,11.803247149676535,measured
Landolt_Dia_Comp_677,LD677,molar,-20.87292799660476,measured
Landolt_Para_Comp_4679,LP4679,molar,301.3977394125201,measured
Landolt_Para_Comp_5272,LP5272,molar,41.341144959069695,measured
Landolt_Dia_Comp_4119,LD4119,molar,-40.93316705432776,measured
Landolt_Para_Comp_4753,LP4753,molar,18.96166020733613,measured
Landolt_Dia_Comp_5320,LD5320,molar,-44.81109866722437,measured
Landolt_Para_Comp_1512,LP1512,molar,162.8355814039197,measured
Landolt_Dia_Comp_3368,LD3368,molar,-47.93756463653831,measured
Landolt_Para_Comp_2059,LP2059,molar,213.8537304660934,measured
Landolt_Para_Comp_3851,LP3851,molar,167.87215637281088,measured
Landolt_Dia_Comp_4307,LD4307,molar,-35.102228845481406,measured
Landolt_Dia_Comp_908,LD908,molar,-49.40905964255476,measured
Landolt_Dia_Comp_3195,LD3195,molar,-58.292406977281786,measured
Landolt_Dia_Comp_5980,LD5980,molar,-42.93291155030738,measured
Landolt_Para_Comp_5668,LP5668,molar,40.04174900769074,measured
Landolt_Para_Comp_74,LP74,molar,60.45188686385611,measured
Landolt_Para_Comp_1456,LP1456,molar,426.5460517284413,measured
Landolt_Para_Comp_2147,LP2147,molar,202.7627528779505,measured
Landolt_Para_Comp_4117,LP4117,molar,219.72918022704292,measured
Landolt_Para_Comp_2218,LP2218,molar,43.0027227740343,measured
Landolt_Dia_Comp_966,LD966,molar,-49.57529568723361,measured
Landolt_Para_Comp_4906,LP4906,molar,49.032221344536815,measured
Landolt_Para_Comp_1860,LP1860,molar,318.9360585598099,measured
Landolt_Dia_Comp_2058,LD2058,molar,-49.219633846846854,measured
Landolt_Dia_Comp_1681,LD1681,molar,-51.57861518372656,measured
Landolt_Para_Comp_468,LP468,molar,207.63955840799127,measured
Landolt_Para_Comp_565,LP565,molar,112.49778077742103,measured
Landolt_Dia_Comp_932,LD932,molar,-57.664100637905904,measured
Landolt_Dia_Comp_4197,LD4197,molar,-49.87773484840483,measured
Landolt_Para_Comp_843,LP843,molar,264.85854415167125,measured
Landolt_Para_Comp_5140,LP5140,molar,321.0120392562227,measured
Landolt_Dia_Comp_325,LD325,molar,-43.12354324480994,measured
Landolt_Dia_Comp_3571,LD3571,molar,-41.86286735496675,measured
Landolt_Dia_Comp_1136,LD1136,molar,-65.05458229096983,measured
Landolt_Para_Comp_757,LP757,molar,77.16284625263667,measured
Landolt_Dia_Comp_1020,LD1020,molar,-49.20355631128514,measured
Landolt_Dia_Comp_4650,LD4650,molar,-71.4355796673023,measured
Landolt_Para_Comp_136,LP136,molar,46.425480838806735,measured
Landolt_Para_Comp_1549,LP1549,molar,58.22871223496556,measured
Landolt_Dia_Comp_4660,LD4660,molar,-55.343691518759165,measured
Landolt_Para_Comp_2982,LP2982,molar,64.26629233553876,measured
Landolt_Para_Comp_4405,LP4405,molar,56.715196989261294,measured
Landolt_Para_Comp_745,LP745,molar,32.872298594002835,measured
Landolt_Dia_Comp_5403,LD5403,molar,-80.62586878226253,measured
Landolt_Dia_Comp_5807,LD5807,molar,-63.73114600214086,measured
Landolt_Para_Comp_2757,LP2757,molar,90.51868528906714,measured
Landolt_Dia_Comp_1196,LD1196,molar,-62.25493240144517,measured
Landolt_Para_Comp_5113,LP5113,molar,207.97718286040387,measured
Landolt_Dia_Comp_5050,LD5050,molar,-59.50257479289749,measured
Landolt_Para_Comp_1188,LP1188,molar,119.93666736538025,measured
Landolt_Dia_Comp_23,LD23,molar,-75.02396852898292,measured
Landolt_Para_Comp_2462,LP2462,molar,423.08383034545,measured
Landolt_Dia_Comp_4644,LD4644,molar,-54.893663180078356,measured
Landolt_Para_Comp_44,LP44,molar,285.87865718923325,measured
Landolt_Para_Comp_5963,LP5963,molar,83.15494468854682,measured
Landolt_Dia_Comp_3437,LD3437,molar,-43.187761075075564,measured
Landolt_Para_Comp_3396,LP3396,molar,168.5460856108011,measured
Landolt_Para_Comp_5016,LP5016,molar,369.066328316694,measured
Landolt_Para_Comp_5251,LP5251,molar,168.0187298302479,measured
Landolt_Dia_Comp_4474,LD4474,molar,-45.083828656987436,measured
Landolt_Dia_Comp_2827,LD2827,molar,-52.287045463547656,measured
Landolt_Dia_Comp_3974,LD3974,molar,-68.05094620720708,measured
Landolt_Dia_Comp_4016,LD4016,molar,-11.065002144772613,measured
Landolt_Dia_Comp_869,LD869,molar,-77.04352750545574,measured
Landolt_Para_Comp_2592,LP2592,molar,99.99743925546497,measured
Landolt_Para_Comp_2570,LP2570,molar,106.70541116810833,measured
Landolt_Dia_Comp_4633,LD4633,molar,-64.66542739409499,measured
Landolt_Dia_Comp_2905,LD2905,molar,-32.73738889521639,measured
Landolt_Para_Comp_2999,LP2999,molar,35.726211809571794,measured
Landolt_Dia_Comp_1705,LD1705,molar,-32.5607986868158,measured
Landolt_Dia_Comp_4290,LD4290,molar,-45.00807251315009,measured
Landolt_Dia_Comp_594,LD594,molar,-29.72976411866179,measured
Landolt_Dia_Comp_265,LD265,molar,-35.52895347279481,measured
Landolt_Dia_Comp_4242,LD4242,molar,-74.4137499358779,measured
Landolt_Dia_Comp_2856,LD2856,molar,-73.72585466401377,measured
Landolt_Dia_Comp_317,LD317,molar,-56.428569096845905,measured
Landolt_Dia_Comp_3339,LD3339,molar,-74.41429864153748,measured
Landolt_Para_Comp_5997,LP5997,molar,148.35053838274342,measured
Landolt_Para_Comp_4000,LP4000,molar,276.6872428181472,measured
Landolt_Dia_Comp_5205,LD5205,molar,-55.4111834216972,measured
Landolt_Para_Comp_3135,LP3135,molar,120.15329093846414,measured
Landolt_Dia_Comp_5607,LD5607,molar,-3.5877471077220875,measured
Landolt_Dia_Comp_227,LD227,molar,-40.41299929194744,measured
Landolt_Para_Comp_3613,LP3613,molar,13.82461997182531,measured
Landolt_Para_Comp_3408,LP3408,molar,131.71131632456036,measured
Landolt_Dia_Comp_2208,LD2208,molar,-59.03349547750703,measured
Landolt_Para_Comp_310,LP310,molar,47.377557124232915,measured
Landolt_Para_Comp_2160,LP2160,molar,160.72608832239928,measured
Landolt_Para_Comp_2852,LP2852,molar,44.11454807773006,measured
Landolt_Dia_Comp_1966,LD1966,molar,-56.29012210526386,measured
Landolt_Dia_Comp_5283,LD5283,molar,-38.41545942597874,measured
Landolt_Para_Comp_1326,LP1326,molar,260.08019573181787,measured
Landolt_Para_Comp_2972,LP2972,molar,47.89392801401421,measured
Landolt_Dia_Comp_2426,LD2426,molar,-80.57488561775445,measured
Landolt_Dia_Comp_3651,LD3651,molar,-41.42751404304037,measured
Landolt_Para_Comp_3847,LP3847,molar,406.5490346957432,measured
Landolt_Dia_Comp_777,LD777,molar,-50.192245177456634,measured
Landolt_Para_Comp_4564,LP4564,molar,373.7556045964373,measured
Landolt_Para_Comp_2419,LP2419,molar,996.7424545992789,measured
Landolt_Para_Comp_3058,LP3058,molar,87.7258090761777,measured
Landolt_Para_Comp_104,LP104,molar,102.08697181219887,measured
Landolt_Dia_Comp_3965,LD3965,molar,-70.2511621340346,measured
Landolt_Dia_Comp_231,LD231,molar,-61.10014469076358,measured
Landolt_Dia_Comp_1403,LD1403,molar,-48.568626692863106,measured
Landolt_Dia_Comp_3015,LD3015,molar,-53.19478600627972,measured
Landolt_Para_Comp_2550,LP2550,molar,44.8030083805631,measured
Landolt_Dia_Comp_695,LD695,molar,-42.83730207369795,measured
Landolt_Para_Comp_2074,LP2074,molar,20.794827163149442,measured
Landolt_Para_Comp_1493,LP1493,molar,100.40015806582204,measured
Landolt_Para_Comp_2295,LP2295,molar,267.7080736533911,measured
Landolt_Para_Comp_4256,LP4256,molar,49.78220779694162,measured
Landolt_Para_Comp_2153,LP2153,molar,218.028587663425,measured
Landolt_Dia_Comp_5100,LD5100,molar,-25.78660341181621,measured
Landolt_Dia_Comp_5991,LD5991,molar,-54.73544758202473,measured
Landolt_Para_Comp_5806,LP5806,molar,212.83661097605554,measured
Landolt_Para_Comp_5813,LP5813,molar,70.88873118204206,measured
Landolt_Para_Comp_2372,LP2372,molar,494.75893033319176,measured
Landolt_Dia_Comp_5411,LD5411,molar,-79.89451623543273,measured
Landolt_Para_Comp_2646,LP2646,molar,29.168628792978378,measured
Landolt_Dia_Comp_504,LD504,molar,-55.070700731910335,measured
Landolt_Dia_Comp_226,LD226,molar,-52.37134153585181,measured
Landolt_Para_Comp_3888,LP3888,molar,102.62642884700728,measured
Landolt_Dia_Comp_2315,LD2315,molar,-42.554991306611385,measured
Landolt_Dia_Comp_1526,LD1526,molar,-77.45818752061979,measured
Landolt_Dia_Comp_2129,LD2129,molar,-53.40329740818239,measured
Landolt_Dia_Comp_5367,LD5367,molar,-48.0976670527062,measured
Landolt_Para_Comp_544,LP544,molar,346.2295250972141,measured
Landolt_Dia_Comp_2376,LD2376,molar,-67.0404244451466,measured
Landolt_Para_Comp_2476,LP2476,molar,105.913535252824,measured
Landolt_Para_Comp_1386,LP1386,molar,340.74075048493654,measured
Landolt_Para_Comp_1612,LP1612,molar,40.148625027365554,measured
Landolt_Para_Comp_652,LP652,molar,301.8484324518038,measured
Landolt_Dia_Comp_423,LD423,molar,-37.844297317595064,measured
Landolt_Dia_Comp_2331,LD2331,molar,-83.94134557295975,measured
Landolt_Para_Comp_4396,LP4396,molar,53.12141941227225,measured
Landolt_Para_Comp_2913,LP2913,molar,93.84055668491919,measured
Landolt_Dia_Comp_2931,LD2931,molar,-76.75439226932818,measured
Landolt_Dia_Comp_62,LD62,molar,-32.0225414610653,measured
Landolt_Para_Comp_4652,LP4652,molar,86.40964327699236,measured
Landolt_Dia_Comp_3359,LD3359,molar,-68.27862067148288,measured
Landolt_Dia_Comp_2195,LD2195,molar,-89.60991786638911,measured
Landolt_Dia_Comp_3638,LD3638,molar,-49.773885954512245,measured
Landolt_Para_Comp_5263,LP5263,molar,342.8596214909666,measured
Landolt_Para_Comp_2678,LP2678,molar,178.19544438882676,measured
Landolt_Para_Comp_4927,LP4927,molar,112.51287552174728,measured
Landolt_Para_Comp_3636,LP3636,molar,229.89140654603105,measured
Landolt_Para_Comp_858,LP858,molar,90.99860211964486,measured
Landolt_Para_Comp_479,LP479,molar,29.032013427554038,measured
Landolt_Para_Comp_3125,LP3125,molar,25.90500520153217,measured
Landolt_Para_Comp_2022,LP2022,molar,165.972849093483,measured
Landolt_Dia_Comp_320,LD320,molar,-78.67763595650341,measured
Landolt_Dia_Comp_4510,LD4510,molar,-24.567700509845917,measured
Landolt_Dia_Comp_4546,LD4546,molar,-38.148548579582844,measured
Landolt_Para_Comp_3437,LP3437,molar,99.27849499636163,measured
Landolt_Para_Comp_5219,LP5219,molar,29.533685401525492,measured
Landolt_Dia_Comp_5849,LD5849,molar,-58.31539646661893,measured
Landolt_Dia_Comp_3824,LD3824,molar,-90.72773676541075,measured
Landolt_Dia_Comp_5066,LD5066,molar,-44.42358814578924,measured
Landolt_Para_Comp_4371,LP4371,molar,91.98351366740722,measured
Landolt_Para_Comp_1346,LP1346,molar,55.935505662255196,measured
Landolt_Dia_Comp_33,LD33,molar,-56.186383367813654,measured
Landolt_Para_Comp_3317,LP3317,molar,136.87546129858947,measured
Landolt_Para_Comp_3566,LP3566,molar,40.141226237700884,measured
Landolt_Dia_Comp_984,LD984,molar,-42.07970406369744,measured
Landolt_Para_Comp_530,LP530,molar,122.62761342424584,measured
Landolt_Para_Comp_5309,LP5309,molar,23.442974840776806,measured
Landolt_Para_Comp_3405,LP3405,molar,442.18824515663823,measured
Landolt_Para_Comp_3033,LP3033,molar,21.722183590694293,measured
Landolt_Para_Comp_2379,LP2379,molar,73.09302300067974,measured
Landolt_Para_Comp_3652,LP3652,molar,220.49895190261904,measured
Landolt_Para_Comp_2281,LP2281,molar,107.54141204485308,measured
Landolt_Para_Comp_4127,LP4127,molar,92.87795861662521,measured
Landolt_Dia_Comp_3950,LD3950,molar,-34.04450344525361,measured
Landolt_Para_Comp_2730,LP2730,molar,102.17543253541955,measured
Landolt_Para_Comp_2600,LP2600,molar,307.10343699618267,measured
Landolt_Para_Comp_3054,LP3054,molar,263.6959441954282,measured
Landolt_Para_Comp_5706,LP5706,molar,94.1654422281207,measured
Landolt_Dia_Comp_5495,LD5495,molar,-48.80395191332812,measured
Landolt_Dia_Comp_5783,LD5783,molar,-42.40430901035479,measured
Landolt_Para_Comp_1691,LP1691,molar,123.33257913133905,measured
Landolt_Dia_Comp_555,LD555,molar,-76.01781755676998,measured
Landolt_Dia_Comp_4735,LD4735,molar,-61.0681229679894,measured
Landolt_Dia_Comp_1561,LD1561,molar,-45.16931894461883,measured
Landolt_Para_Comp_5334,LP5334,molar,49.17886362569372,measured
Landolt_Para_Comp_588,LP588,molar,78.55993514242553,measured
Landolt_Dia_Comp_4823,LD4823,molar,-48.458822023933955,measured
Landolt_Para_Comp_2831,LP2831,molar,82.8165493673699,measured
Landolt_Para_Comp_2800,LP2800,molar,22.45146778658951,measured
Landolt_Dia_Comp_2718,LD2718,molar,-60.78136122937295,measured
Landolt_Dia_Comp_3350,LD3350,molar,-57.49290218820362,measured
Landolt_Dia_Comp_554,LD554,molar,-69.28384555085886,measured
Landolt_Dia_Comp_2092,LD2092,molar,-76.20093154640577,measured
Landolt_Dia_Comp_4336,LD4336,molar,-37.449226177368175,measured
Landolt_Dia_Comp_2307,LD2307,molar,-46.61977321396961,measured
Landolt_Para_Comp_4294,LP4294,molar,67.23636766471029,measured
Landolt_Para_Comp_5967,LP5967,molar,75.65614225142129,measured
Landolt_Para_Comp_71,LP71,molar,120.41214449101366,measured
Landolt_Para_Comp_2056,LP2056,molar,117.09228294526939,measured
Landolt_Para_Comp_1090,LP1090,molar,169.0493392268537,measured
Landolt_Dia_Comp_163,LD163,molar,-66.00983717510435,measured
Landolt_Dia_Comp_1637,LD1637,molar,-23.4179807853018,measured
Landolt_Dia_Comp_228,LD228,molar,-45.90555460390911,measured
Landolt_Dia_Comp_4836,LD4836,molar,-32.251081736927866,measured
Landolt_Dia_Comp_4391,LD4391,molar,-42.316864629449896,measured
Landolt_Para_Comp_894,LP894,molar,313.53361923504326,measured
Landolt_Dia_Comp_5477,LD5477,molar,-64.09590158920827,measured
Landolt_Para_Comp_5528,LP5528,molar,44.81515792232863,measured
Landolt_Dia_Comp_2008,LD2008,molar,-65.72313025986226,measured
Landolt_Para_Comp_5563,LP5563,molar,30.007542601278665,measured
Landolt_Para_Comp_2426,LP2426,molar,140.58659429623984,measured
Landolt_Dia_Comp_243,LD243,molar,-39.62928784532717,measured
Landolt_Dia_Comp_5269,LD5269,molar,-47.479816221573195,measured
Landolt_Para_Comp_4269,LP4269,molar,141.01909188584628,measured
Landolt_Dia_Comp_3117,LD3117,molar,-33.90043813905916,measured
Landolt_Dia_Comp_3526,LD3526,molar,-39.12301965544077,measured
Landolt_Dia_Comp_648,LD648,molar,-64.82499661866504,measured
Landolt_Para_Comp_3372,LP3372,molar,13.388522913299461,measured
Landolt_Para_Comp_5432,LP5432,molar,311.15262646781866,measured
Landolt_Para_Comp_3275,LP3275,molar,59.562712373969475,measured
Landolt_Dia_Comp_2553,LD2553,molar,-70.27852456037957,measured
Landolt_Dia_Comp_326,LD326,molar,-39.47862208746973,measured
Landolt_Para_Comp_5530,LP5530,molar,132.60544633265698,measured
Landolt_Dia_Comp_3686,LD3686,molar,-49.93576110903253,measured
Landolt_Para_Comp_490,LP490,molar,205.49082368874662,measured
Landolt_Dia_Comp_692,LD692,molar,-35.01236578054333,measured
Landolt_Para_Comp_3323,LP3323,molar,52.77793421496286,measured
Landolt_Dia_Comp_1634,LD1634,molar,-61.18466849052298,measured
Landolt_Dia_Comp_2445,LD2445,molar,-50.954481068972804,measured
Landolt_Dia_Comp_3139,LD3139,molar,-48.50845622156095,measured
Landolt_Dia_Comp_4888,LD4888,molar,-30.199220388384596,measured
Landolt_Dia_Comp_793,LD793,molar,-73.89039165166413,measured
Landolt_Dia_Comp_3079,LD3079,molar,-16.093627377467442,measured
Landolt_Dia_Comp_78,LD78,molar,-76.46980576111399,measured
Landolt_Dia_Comp_1983,LD1983,molar,-52.53039833823059,measured
Landolt_Para_Comp_3144,LP3144,molar,474.74549389554204,measured
Landolt_Dia_Comp_5978,LD5978,molar,-49.52693005250234,measured
Landolt_Para_Comp_1826,LP1826,molar,25.211038576097486,measured
Landolt_Para_Comp_3926,LP3926,molar,82.68384004203459,measured
Landolt_Dia_Comp_4771,LD4771,molar,-54.749522085645175,measured
Landolt_Para_Comp_3953,LP3953,molar,55.36616689027937,measured
Landolt_Para_Comp_2714,LP2714,molar,265.67197436940506,measured
Landolt_Para_Comp_3264,LP3264,molar,76.40692590072132,measured
Landolt_Para_Comp_217,LP217,molar,244.32071254420765,measured
Landolt_Para_Comp_3199,LP3199,molar,21.700355149796664,measured
Landolt_Dia_Comp_2157,LD2157,molar,-28.57451352145055,measured
Landolt_Dia_Comp_2179,LD2179,molar,-72.30500221980162,measured
Landolt_Dia_Comp_140,LD140,molar,-77.62667080149672,measured
Landolt_Para_Comp_3146,LP3146,molar,42.1306933884981,measured
Landolt_Para_Comp_2857,LP2857,molar,130.17742433524478,measured
Landolt_Dia_Comp_257,LD257,molar,-54.723973864066096,measured
Landolt_Dia_Comp_136,LD136,molar,-41.380368513806616,measured
Landolt_Dia_Comp_1230,LD1230,molar,-32.54982537629461,measured
Landolt_Dia_Comp_1042,LD1042,molar,-57.18116824472913,measured
Landolt_Dia_Comp_3600,LD3600,molar,-45.75289441257621,measured
Landolt_Dia_Comp_2043,LD2043,molar,-56.890972069065725,measured
Landolt_Dia_Comp_2050,LD2050,molar,-83.53911461610326,measured
Landolt_Dia_Comp_3390,LD3390,molar,-12.035768119483457,measured
Landolt_Dia_Comp_638,LD638,molar,-52.32606854731033,measured
Landolt_Para_Comp_5626,LP5626,molar,53.00599218580947,measured
Landolt_Dia_Comp_1376,LD1376,molar,-61.86488150318134,measured
Landolt_Para_Comp_1545,LP1545,molar,49.70310131693993,measured
Landolt_Para_Comp_2003,LP2003,molar,326.6769718140505,measured
Landolt_Dia_Comp_4267,LD4267,molar,-66.84319721182499,measured
Landolt_Dia_Comp_2342,LD2342,molar,-58.202005467510205,measured
Landolt_Dia_Comp_5879,LD5879,molar,-52.24155378416933,measured
Landolt_Dia_Comp_973,LD973,molar,-28.641843313016114,measured
Landolt_Dia_Comp_5311,LD5311,molar,-98.77887556570151,measured
Landolt_Dia_Comp_4342,LD4342,molar,-71.39500744989415,measured
Landolt_Para_Comp_5904,LP5904,molar,45.77606946178341,measured
Landolt_Para_Comp_1521,LP1521,molar,442.48353593467715,measured
Landolt_Para_Comp_5993,LP5993,molar,319.3489288168076,measured
Landolt_Dia_Comp_782,LD782,molar,-70.73680398126027,measured
Landolt_Para_Comp_2734,LP2734,molar,238.11329333020868,measured
Landolt_Para_Comp_2474,LP2474,molar,48.305920644160885,measured
Landolt_Para_Comp_2077,LP2077,molar,601.6127633591284,measured
Landolt_Dia_Comp_3836,LD3836,molar,-40.526354908762,measured
Landolt_Para_Comp_5172,LP5172,molar,17.39944498681547,measured
Landolt_Para_Comp_314,LP314,molar,22.580369575966646,measured
Landolt_Para_Comp_4526,LP4526,molar,126.43878363409493,measured
Landolt_Dia_Comp_5026,LD5026,molar,-26.317069773969962,measured
Landolt_Para_Comp_1229,LP1229,molar,114.93014133346455,measured
Landolt_Para_Comp_4620,LP4620,molar,140.30334920997532,measured
Landolt_Dia_Comp_49,LD49,molar,-46.63831664771848,measured
Landolt_Para_Comp_2544,LP2544,molar,48.626547745644366,measured
Landolt_Para_Comp_5269,LP5269,molar,410.5616457428732,measured
Landolt_Dia_Comp_2665,LD2665,molar,-64.92199439722683,measured
Landolt_Dia_Comp_4894,LD4894,molar,-53.116477474940126,measured
Landolt_Para_Comp_3563,LP3563,molar,164.64617663757065,measured
Landolt_Para_Comp_3817,LP3817,molar,34.77137328070452,measured
Landolt_Dia_Comp_2421,LD2421,molar,-4.320044678779141,measured
Landolt_Dia_Comp_1933,LD1933,molar,-61.36288521093598,measured
Landolt_Dia_Comp_1687,LD1687,molar,-66.59083005387694,measured
Landolt_Dia_Comp_1630,LD1630,molar,-41.90476120443931,measured
Landolt_Dia_Comp_3912,LD3912,molar,-63.38924998590689,measured
Landolt_Para_Comp_2152,LP2152,molar,181.99349750505078,measured
Landolt_Para_Comp_1698,LP1698,molar,65.03756113059077,measured
Landolt_Para_Comp_5340,LP5340,molar,41.12723550047218,measured
Landolt_Para_Comp_5845,LP5845,molar,76.1241345168256,measured
Landolt_Para_Comp_784,LP784,molar,20.78648131806563,measured
Landolt_Para_Comp_1340,LP1340,molar,132.71079032928395,measured
Landolt_Para_Comp_2854,LP2854,molar,45.774315475974035,measured
Landolt_Dia_Comp_2577,LD2577,molar,-27.295816353756504,measured
Landolt_Dia_Comp_745,LD745,molar,-47.245980251901614,measured
Landolt_Dia_Comp_5492,LD5492,molar,-32.13528930782081,measured
Landolt_Dia_Comp_1119,LD1119,molar,-62.823793288483444,measured
Landolt_Dia_Comp_624,LD624,molar,-46.05639331811732,measured
Landolt_Para_Comp_4447,LP4447,molar,926.2471326268242,measured
Landolt_Dia_Comp_1861,LD1861,molar,-61.435735555561216,measured
Landolt_Dia_Comp_3060,LD3060,molar,-32.68830910557847,measured
Landolt_Para_Comp_2166,LP2166,molar,144.36922178266823,measured
Landolt_Dia_Comp_2373,LD2373,molar,-44.175154108369156,measured
Landolt_Dia_Comp_1348,LD1348,molar,-57.11963848689698,measured
Landolt_Para_Comp_2430,LP2430,molar,27.0146251464045,measured
Landolt_Dia_Comp_767,LD767,molar,-76.46029115615843,measured
Landolt_Dia_Comp_1216,LD1216,molar,-74.40598204674362,measured
Landolt_Dia_Comp_5443,LD5443,molar,-32.65871997701227,measured
Landolt_Dia_Comp_3794,LD3794,molar,-33.2085582523285,measured
Landolt_Para_Comp_5322,LP5322,molar,392.0610808560083,measured
Landolt_Dia_Comp_3544,LD3544,molar,-58.15986159174621,measured
Landolt_Dia_Comp_755,LD755,molar,-73.11611702182651,measured
Landolt_Para_Comp_3810,LP3810,molar,74.32040692435152,measured
Landolt_Dia_Comp_3105,LD3105,molar,-50.28935684897259,measured
Landolt_Dia_Comp_2323,LD2323,molar,-71.25918836116325,measured
Landolt_Dia_Comp_3480,LD3480,molar,-42.372873736878915,measured
Landolt_Dia_Comp_2013,LD2013,molar,-80.507782106283,measured
Landolt_Dia_Comp_2624,LD2624,molar,-69.26264787469017,measured
Landolt_Para_Comp_783,LP783,molar,632.8611411393048,measured
Landolt_Para_Comp_5531,LP5531,molar,111.86541110098185,measured
Landolt_Dia_Comp_2107,LD2107,molar,-57.92440045703409,measured
Landolt_Dia_Comp_4766,LD4766,molar,-73.60996028163564,measured
Landolt_Dia_Comp_2642,LD2642,molar,-51.75425460785543,measured
Landolt_Dia_Comp_2874,LD2874,molar,-55.66756467592345,measured
Landolt_Para_Comp_5472,LP5472,molar,229.9811364870269,measured
Landolt_Dia_Comp_1709,LD1709,molar,-52.79129119202584,measured
Landolt_Para_Comp_2315,LP2315,molar,161.7648701124855,measured
Landolt_Para_Comp_1388,LP1388,molar,54.1537779883997,measured
Landolt_Para_Comp_2626,LP2626,molar,144.06182003527238,measured
Landolt_Para_Comp_1668,LP1668,molar,80.55437771612945,measured
Landolt_Dia_Comp_4173,LD4173,molar,-58.25311533431014,measured
Landolt_Dia_Comp_3088,LD3088,molar,-47.785014035588354,measured
Landolt_Para_Comp_5181,LP5181,molar,38.145086958993815,measured
Landolt_Para_Comp_2131,LP2131,molar,55.54499952370268,measured
Landolt_Dia_Comp_1311,LD1311,molar,-75.76758700807837,measured
Landolt_Dia_Comp_887,LD887,molar,-59.490993223594344,measured
Landolt_Dia_Comp_4574,LD4574,molar,-57.730143510446176,measured
Landolt_Para_Comp_2110,LP2110,molar,461.5020237081942,measured
Landolt_Dia_Comp_5594,LD5594,molar,-85.74410408068562,measured
Landolt_Para_Comp_1380,LP1380,molar,383.3570891347546,measured
Landolt_Dia_Comp_4339,LD4339,molar,-37.83781586017906,measured
Landolt_Dia_Comp_1609,LD1609,molar,-33.77760860487063,measured
Landolt_Dia_Comp_2954,LD2954,molar,-26.04139082991881,measured
Landolt_Para_Comp_1087,LP1087,molar,25.957699680444005,measured
Landolt_Para_Comp_5169,LP5169,molar,191.68008485719523,measured
Landolt_Para_Comp_5860,LP5860,molar,299.7664437544963,measured
Landolt_Dia_Comp_3837,LD3837,molar,-8.994021695747222,measured
Landolt_Para_Comp_1267,LP1267,molar,24.021042771362556,measured
Landolt_Para_Comp_4026,LP4026,molar,73.22813064632456,measured
Landolt_Dia_Comp_2930,LD2930,molar,-57.500386770687186,measured
Landolt_Dia_Comp_3076,LD3076,molar,-110.10782431122436,measured
Landolt_Para_Comp_3092,LP3092,molar,163.74772026996024,measured
Landolt_Para_Comp_234,LP234,molar,17.940647152218272,measured
Landolt_Para_Comp_2795,LP2795,molar,98.07879194584612,measured
Landolt_Para_Comp_4276,LP4276,molar,17.437283751411258,measured
Landolt_Para_Comp_2032,LP2032,molar,247.55724376448188,measured
Landolt_Para_Comp_5434,LP5434,molar,322.5437655224081,measured
Landolt_Dia_Comp_2378,LD2378,molar,-35.538239115870994,measured
Landolt_Para_Comp_2240,LP2240,molar,145.47534541284455,measured
Landolt_Dia_Comp_5369,LD5369,molar,-57.33702227830284,measured
Landolt_Para_Comp_1048,LP1048,molar,430.6138393313203,measured
Landolt_Dia_Comp_599,LD599,molar,-50.38165642405653,measured
Landolt_Para_Comp_165,LP165,molar,211.24165606522655,measured
Landolt_Para_Comp_1673,LP1673,molar,48.43211267742346,measured
Landolt_Para_Comp_4472,LP4472,molar,401.40262086557675,measured
Landolt_Para_Comp_4849,LP4849,molar,243.3681551984432,measured
Landolt_Para_Comp_2313,LP2313,molar,89.16682086525022,measured
Landolt_Dia_Comp_2493,LD2493,molar,-70.20278186382164,measured
Landolt_Dia_Comp_5913,LD5913,molar,-75.0499090574399,measured
Landolt_Para_Comp_3963,LP3963,molar,119.82291264323021,measured
Landolt_Dia_Comp_5078,LD5078,molar,-61.382156748383366,measured
Landolt_Para_Comp_4507,LP4507,molar,322.42175647577966,measured
Landolt_Para_Comp_4116,LP4116,molar,20.263427621178103,measured
Landolt_Para_Comp_1447,LP1447,molar,376.66130770518936,measured
Landolt_Para_Comp_1485,LP1485,molar,427.08280839087587,measured
Landolt_Para_Comp_4617,LP4617,molar,215.68040437873958,measured
Landolt_Para_Comp_3875,LP3875,molar,142.30195394149752,measured
Landolt_Dia_Comp_1209,LD1209,molar,-67.35494976605248,measured
Landolt_Dia_Comp_4630,LD4630,molar,-38.658573708806614,measured
Landolt_Para_Comp_5393,LP5393,molar,109.29755593428916,measured
Landolt_Para_Comp_5369,LP5369,molar,97.74556136529257,measured
Landolt_Dia_Comp_514,LD514,molar,-35.8776729674097,measured
Landolt_Para_Comp_3067,LP3067,molar,187.36863204411554,measured
Landolt_Dia_Comp_1226,LD1226,molar,-89.70285288557073,measured
Landolt_Dia_Comp_4635,LD4635,molar,-32.6587015842438,measured
Landolt_Dia_Comp_1617,LD1617,molar,-58.86197557293787,measured
Landolt_Para_Comp_4794,LP4794,molar,146.27248679160948,measured
Landolt_Para_Comp_429,LP429,molar,44.569658256383946,measured
Landolt_Para_Comp_6,LP6,molar,271.98170692258714,measured
Landolt_Para_Comp_670,LP670,molar,291.6739504515147,measured
Landolt_Para_Comp_2444,LP2444,molar,49.60064129901322,measured
Landolt_Para_Comp_1443,LP1443,molar,56.46857067376851,measured
Landolt_Dia_Comp_1478,LD1478,molar,-1.0,measured
Landolt_Para_Comp_4743,LP4743,molar,100.23445508371897,measured
Landolt_Dia_Comp_1204,LD1204,molar,-53.164688679214585,measured
Landolt_Para_Comp_347,LP347,molar,35.1417146309339,measured
Landolt_Dia_Comp_5402,LD5402,molar,-65.25864753203729,measured
Landolt_Para_Comp_2964,LP2964,molar,265.5017200031536,measured
Landolt_Para_Comp_2097,LP2097,molar,605.9123929412514,measured
Landolt_Para_Comp_2169,LP2169,molar,143.37632845607155,measured
Landolt_Dia_Comp_3007,LD3007,molar,-41.178369470675136,measured
Landolt_Dia_Comp_3347,LD3347,molar,-79.15728624966896,measured
Landolt_Para_Comp_4805,LP4805,molar,37.83406597224435,measured
Landolt_Dia_Comp_4199,LD4199,molar,-55.230474391753965,measured
Landolt_Para_Comp_3417,LP3417,molar,26.035616752948787,measured
Landolt_Dia_Comp_919,LD919,molar,-53.556230603136704,measured
Landolt_Dia_Comp_293,LD293,molar,-50.8788342518518,measured
Landolt_Dia_Comp_1652,LD1652,molar,-58.39320395029431,measured
Landolt_Para_Comp_3748,LP3748,molar,367.03855734210043,measured
Landolt_Para_Comp_1022,LP1022,molar,37.35180335114184,measured
Landolt_Para_Comp_197,LP197,molar,71.22725115490974,measured
Landolt_Para_Comp_2489,LP2489,molar,166.61056865318784,measured
Landolt_Dia_Comp_4476,LD4476,molar,-35.46078638288939,measured
Landolt_Para_Comp_940,LP940,molar,240.13204150733543,measured
Landolt_Dia_Comp_484,LD484,molar,-48.7314327258416,measured
Landolt_Dia_Comp_1025,LD1025,molar,-60.94808839306228,measured
Landolt_Dia_Comp_2867,LD2867,molar,-50.281358378745956,measured
Landolt_Para_Comp_4545,LP4545,molar,122.19700948812171,measured
Landolt_Para_Comp_1438,LP1438,molar,451.9911801385587,measured
Landolt_Dia_Comp_4688,LD4688,molar,-63.26248596334841,measured
Landolt_Para_Comp_206,LP206,molar,173.00927867321215,measured
Landolt_Para_Comp_4659,LP4659,molar,234.31690435307982,measured
Landolt_Para_Comp_3858,LP3858,molar,101.70374022600149,measured
Landolt_Para_Comp_4860,LP4860,molar,22.349566720371065,measured
Landolt_Para_Comp_2191,LP2191,molar,501.5995943115715,measured
Landolt_Dia_Comp_3408,LD3408,molar,-42.97023997158488,measured
Landolt_Para_Comp_1745,LP1745,molar,119.77729027614575,measured
Landolt_Para_Comp_3633,LP3633,molar,97.28500689518806,measured
Landolt_Dia_Comp_2231,LD2231,molar,-30.024409183782087,measured
Landolt_Dia_Comp_5520,LD5520,molar,-69.96954066790747,measured
Landolt_Dia_Comp_5788,LD5788,molar,-83.64377055344119,measured
Landolt_Para_Comp_3588,LP3588,molar,588.8413225395254,measured
Landolt_Dia_Comp_2117,LD2117,molar,-46.652484867947344,measured
Landolt_Para_Comp_331,LP331,molar,161.54910409788172,measured
Landolt_Dia_Comp_1108,LD1108,molar,-33.06108696414202,measured
Landolt_Dia_Comp_1830,LD1830,molar,-54.95181747551873,measured
Landolt_Dia_Comp_1549,LD1549,molar,-73.65335477232213,measured
Landolt_Dia_Comp_1111,LD1111,molar,-33.31521317223384,measured
Landolt_Para_Comp_467,LP467,molar,253.85022147400605,measured
Landolt_Dia_Comp_3158,LD3158,molar,-49.73648514892697,measured
Landolt_Dia_Comp_3171,LD3171,molar,-49.46775981703035,measured
Landolt_Para_Comp_4187,LP4187,molar,111.91160245761284,measured
Landolt_Para_Comp_3064,LP3064,molar,90.1782955520772,measured
Landolt_Para_Comp_971,LP971,molar,219.3598034956929,measured
Landolt_Dia_Comp_86,LD86,molar,-53.59762123990231,measured
Landolt_Para_Comp_4114,LP4114,molar,35.14542171783998,measured
Landolt_Dia_Comp_4116,LD4116,molar,-35.44214372150698,measured
Landolt_Para_Comp_4,LP4,molar,54.34014446751977,measured
Landolt_Para_Comp_5186,LP5186,molar,42.214557258080575,measured
Landolt_Dia_Comp_5873,LD5873,molar,-73.77546156301807,measured
Landolt_Para_Comp_3171,LP3171,molar,307.7500053241718,measured
Landolt_Dia_Comp_2451,LD2451,molar,-55.83744947930897,measured
Landolt_Dia_Comp_3710,LD3710,molar,-42.45806401649682,measured
Landolt_Para_Comp_3209,LP3209,molar,128.75094816171512,measured
Landolt_Dia_Comp_3747,LD3747,molar,-34.2162577675138,measured
Landolt_Para_Comp_3341,LP3341,molar,128.02382886134993,measured
Landolt_Para_Comp_543,LP543,molar,32.15373241732276,measured
Landolt_Dia_Comp_5710,LD5710,molar,-56.501793729857276,measured
Landolt_Para_Comp_1046,LP1046,molar,13.510232899729154,measured
Landolt_Para_Comp_3364,LP3364,molar,24.113185152326558,measured
Landolt_Para_Comp_616,LP616,molar,205.3805934649519,measured
Landolt_Para_Comp_4399,LP4399,molar,126.40825811235402,measured
Landolt_Para_Comp_1831,LP1831,molar,65.10246916909384,measured
Landolt_Para_Comp_2096,LP2096,molar,40.944965347720974,measured
Landolt_Para_Comp_3416,LP3416,molar,19.28307439947258,measured
Landolt_Dia_Comp_5292,LD5292,molar,-47.33418205002375,measured
Landolt_Dia_Comp_2253,LD2253,molar,-68.38561968073876,measured
Landolt_Para_Comp_4736,LP4736,molar,134.4521100771458,measured
Landolt_Dia_Comp_3531,LD3531,molar,-39.47251320658265,measured
Landolt_Dia_Comp_3759,LD3759,molar,-53.52828081758775,measured
Landolt_Dia_Comp_583,LD583,molar,-71.0312977703208,measured
Landolt_Para_Comp_2880,LP2880,molar,289.8433574140994,measured
Landolt_Dia_Comp_1971,LD1971,molar,-30.874787472397283,measured
Landolt_Para_Comp_2470,LP2470,molar,55.144254014355134,measured
Landolt_Dia_Comp_4504,LD4504,molar,-46.65876975182284,measured
Landolt_Dia_Comp_129,LD129,molar,-67.20861631388314,measured
Landolt_Dia_Comp_786,LD786,molar,-71.29781846831199,measured
Landolt_Dia_Comp_4034,LD4034,molar,-87.73284377450094,measured
Landolt_Para_Comp_3962,LP3962,molar,250.39489086260193,measured
Landolt_Dia_Comp_37,LD37,molar,-27.311955618118642,measured
Landolt_Para_Comp_5284,LP5284,molar,649.2660415855504,measured
Landolt_Para_Comp_2174,LP2174,molar,92.60756780994569,measured
Landolt_Dia_Comp_1103,LD1103,molar,-53.23938884250776,measured
Landolt_Para_Comp_902,LP902,molar,51.10672161198881,measured
Landolt_Dia_Comp_1155,LD1155,molar,-41.94967057815676,measured
Landolt_Para_Comp_1333,LP1333,molar,37.99083860125428,measured
Landolt_Para_Comp_1409,LP1409,molar,20.548017692799576,measured
Landolt_Dia_Comp_1949,LD1949,molar,-74.85341068736767,measured
Landolt_Dia_Comp_3626,LD3626,molar,-47.93151028661645,measured
Landolt_Para_Comp_1047,LP1047,molar,52.975929622794006,measured
Landolt_Dia_Comp_1174,LD1174,molar,-84.11971718618202,measured
Landolt_Dia_Comp_357,LD357,molar,-56.97260492278398,measured
Landolt_Para_Comp_4201,LP4201,molar,342.7383907259507,measured
Landolt_Dia_Comp_1950,LD1950,molar,-72.54188757513006,measured
Landolt_Dia_Comp_5746,LD5746,molar,-101.42193613168797,measured
Landolt_Dia_Comp_5838,LD5838,molar,-49.22679241238997,measured
Landolt_Para_Comp_5667,LP5667,molar,55.03805278870989,measured
Landolt_Dia_Comp_1036,LD1036,molar,-24.61631477416956,measured
Landolt_Dia_Comp_2084,LD2084,molar,-31.50268814206934,measured
Landolt_Para_Comp_4072,LP4072,molar,218.19952301523128,measured
Landolt_Dia_Comp_5399,LD5399,molar,-15.84273793873001,measured
Landolt_Para_Comp_1986,LP1986,molar,114.93493086126617,measured
Landolt_Para_Comp_2367,LP2367,molar,155.86702457171813,measured
Landolt_Dia_Comp_4477,LD4477,molar,-28.132910438778286,measured
Landolt_Dia_Comp_4616,LD4616,molar,-35.61493378175665,measured
Landolt_Dia_Comp_3595,LD3595,molar,-72.12737394962048,measured
Landolt_Para_Comp_3905,LP3905,molar,53.68268550177658,measured
Landolt_Dia_Comp_1366,LD1366,molar,-34.46997995038886,measured
Landolt_Para_Comp_2717,LP2717,molar,123.35984456379501,measured
Landolt_Dia_Comp_1256,LD1256,molar,-30.673229637537396,measured
Landolt_Dia_Comp_3524,LD3524,molar,-75.93147057191818,measured
Landolt_Dia_Comp_4418,LD4418,molar,-65.85671522429485,measured
Landolt_Dia_Comp_1211,LD1211,molar,-66.22075406855366,measured
Landolt_Para_Comp_1907,LP1907,molar,246.125301895644,measured
Landolt_Para_Comp_3100,LP3100,molar,321.2873808953052,measured
Landolt_Para_Comp_3764,LP3764,molar,105.11258665108495,measured
Landolt_Dia_Comp_5551,LD5551,molar,-18.04991043347559,measured
Landolt_Dia_Comp_5779,LD5779,molar,-64.91733030370858,measured
Landolt_Para_Comp_4446,LP4446,molar,74.72214076831341,measured
Landolt_Dia_Comp_426,LD426,molar,-82.63047719526715,measured
Landolt_Para_Comp_1587,LP1587,molar,448.52296768955574,measured
Landolt_Dia_Comp_5866,LD5866,molar,-55.91665653773671,measured
Landolt_Dia_Comp_2897,LD2897,molar,-7.135770284042778,measured
Landolt_Para_Comp_465,LP465,molar,248.43305173234847,measured
Landolt_Para_Comp_3516,LP3516,molar,37.41234142470664,measured
Landolt_Para_Comp_3726,LP3726,molar,128.1413930686419,measured
Landolt_Para_Comp_1100,LP1100,molar,195.375387997598,measured
Landolt_Para_Comp_3266,LP3266,molar,38.96356916152826,measured
Landolt_Para_Comp_1354,LP1354,molar,59.8357449252417,measured
Landolt_Para_Comp_5022,LP5022,molar,261.9680733534551,measured
Landolt_Para_Comp_5395,LP5395,molar,315.72716476824127,measured
Landolt_Dia_Comp_4185,LD4185,molar,-15.639986332577479,measured
Landolt_Para_Comp_721,LP721,molar,54.276974483478874,measured
Landolt_Para_Comp_3520,LP3520,molar,180.82902624718568,measured
Landolt_Dia_Comp_573,LD573,molar,-46.53352206481823,measured
Landolt_Para_Comp_5462,LP5462,molar,309.01233924748715,measured
Landolt_Para_Comp_3030,LP3030,molar,13.765250490487686,measured
Landolt_Dia_Comp_418,LD418,molar,-38.17677849796867,measured
Landolt_Dia_Comp_3037,LD3037,molar,-62.288161700471065,measured
Landolt_Dia_Comp_1445,LD1445,molar,-79.88881586793488,measured
Landolt_Para_Comp_5018,LP5018,molar,10.100340383865275,measured
Landolt_Para_Comp_3127,LP3127,molar,102.7978192196279,measured
Landolt_Para_Comp_4273,LP4273,molar,274.5209450035378,measured
Landolt_Para_Comp_293,LP293,molar,24.649234874815527,measured
Landolt_Para_Comp_1909,LP1909,molar,135.48097142886314,measured
Landolt_Dia_Comp_969,LD969,molar,-75.16061834179624,measured
Landolt_Dia_Comp_5765,LD5765,molar,-45.592599099935796,measured
Landolt_Para_Comp_996,LP996,molar,200.50272698566488,measured
Landolt_Para_Comp_2989,LP2989,molar,101.79399099308186,measured
Landolt_Para_Comp_0,LP0,molar,13.995916594566454,measured
Landolt_Dia_Comp_3828,LD3828,molar,-40.68556697075582,measured
Landolt_Para_Comp_2433,LP2433,molar,17.753745991637622,measured
Landolt_Dia_Comp_1837,LD1837,molar,-59.36498972362998,measured
Landolt_Para_Comp_1132,LP1132,molar,89.27718919653884,measured
Landolt_Dia_Comp_962,LD962,molar,-49.47236352113429,measured
Landolt_Dia_Comp_1214,LD1214,molar,-67.98347823916289,measured
Landolt_Dia_Comp_4154,LD4154,molar,-41.714986139811685,measured
Landolt_Dia_Comp_465,LD465,molar,-38.13357639419702,measured
Landolt_Dia_Comp_5479,LD5479,molar,-51.61608712013451,measured
Landolt_Dia_Comp_18,LD18,molar,-34.1097345689185,measured
Landolt_Para_Comp_3656,LP3656,molar,156.44828953377157,measured
Landolt_Dia_Comp_4416,LD4416,molar,-49.63894142976151,measured
Landolt_Para_Comp_2938,LP2938,molar,408.79222188172946,measured
Landolt_Dia_Comp_3103,LD3103,molar,-72.84028698444166,measured
Landolt_Dia_Comp_2483,LD2483,molar,-60.50027802224061,measured
Landolt_Para_Comp_3459,LP3459,molar,217.56589238011054,measured
Landolt_Para_Comp_707,LP707,molar,162.80201324901643,measured
Landolt_Para_Comp_4984,LP4984,molar,193.25213735867825,measured
Landolt_Para_Comp_3111,LP3111,molar,374.95744218588777,measured
Landolt_Dia_Comp_664,LD664,molar,-47.84455262993446,measured
Landolt_Para_Comp_3909,LP3909,molar,517.0222801972134,measured
Landolt_Para_Comp_3212,LP3212,molar,205.35604104428526,measured
Landolt_Para_Comp_2010,LP2010,molar,24.28080508864997,measured
Landolt_Para_Comp_2043,LP2043,molar,73.7759149742896,measured
Landolt_Para_Comp_1085,LP1085,molar,82.94604339353273,measured
Landolt_Para_Comp_1937,LP1937,molar,122.90425140527617,measured
Landolt_Para_Comp_5118,LP5118,molar,202.0502259088891,measured
Landolt_Para_Comp_5761,LP5761,molar,166.27887262629673,measured
Landolt_Para_Comp_4259,LP4259,molar,81.37253117941562,measured
Landolt_Dia_Comp_353,LD353,molar,-11.547798588429579,measured
Landolt_Para_Comp_2722,LP2722,molar,189.3433771336295,measured
Landolt_Dia_Comp_3485,LD3485,molar,-46.10985833260156,measured
Landolt_Dia_Comp_376,LD376,molar,-48.18297946339218,measured
Landolt_Para_Comp_2279,LP2279,molar,90.33136910535967,measured
Landolt_Dia_Comp_5738,LD5738,molar,-43.02365650875914,measured
Landolt_Dia_Comp_5776,LD5776,molar,-52.551850675977725,measured
Landolt_Dia_Comp_5964,LD5964,molar,-51.4277883945125,measured
Landolt_Dia_Comp_2396,LD2396,molar,-1.0,measured
Landolt_Dia_Comp_3236,LD3236,molar,-62.35862153249714,measured
Landolt_Para_Comp_1510,LP1510,molar,400.92350961703846,measured
Landolt_Para_Comp_5352,LP5352,molar,122.1950901038156,measured
Landolt_Para_Comp_2510,LP2510,molar,254.7342254914457,measured
Landolt_Para_Comp_4553,LP4553,molar,82.94070783934691,measured
Landolt_Dia_Comp_280,LD280,molar,-50.611791136570616,measured
Landolt_Dia_Comp_3375,LD3375,molar,-74.76811760680714,measured
Landolt_Dia_Comp_1044,LD1044,molar,-47.24712817958008,measured
Landolt_Para_Comp_3226,LP3226,molar,165.66908263904398,measured
Landolt_Para_Comp_4658,LP4658,molar,154.65746299324323,measured
Landolt_Dia_Comp_1272,LD1272,molar,-59.80430339048455,measured
Landolt_Para_Comp_5226,LP5226,molar,166.35051382030488,measured
Landolt_Dia_Comp_5121,LD5121,molar,-61.74478082731087,measured
Landolt_Para_Comp_3741,LP3741,molar,48.27819830162786,measured
Landolt_Para_Comp_4715,LP4715,molar,31.675360157833136,measured
Landolt_Para_Comp_4543,LP4543,molar,104.69242833014397,measured
Landolt_Dia_Comp_4566,LD4566,molar,-44.250132674185565,measured
Landolt_Dia_Comp_3698,LD3698,molar,-41.08344118018045,measured
Landolt_Para_Comp_2918,LP2918,molar,72.22966194779212,measured
Landolt_Para_Comp_3244,LP3244,molar,30.042439501445152,measured
Landolt_Dia_Comp_4562,LD4562,molar,-42.399454841333686,measured
Landolt_Dia_Comp_1483,LD1483,molar,-40.94155654506386,measured
Landolt_Dia_Comp_3766,LD3766,molar,-62.46153541909588,measured
Landolt_Para_Comp_3659,LP3659,molar,10.34862362847729,measured
Landolt_Dia_Comp_2972,LD2972,molar,-36.584015962067625,measured
Landolt_Dia_Comp_2746,LD2746,molar,-65.08389937870406,measured
Landolt_Dia_Comp_2673,LD2673,molar,-56.95365792164944,measured
Landolt_Dia_Comp_5374,LD5374,molar,-70.35900399468109,measured
Landolt_Para_Comp_2436,LP2436,molar,79.05906108338047,measured
Landolt_Dia_Comp_2330,LD2330,molar,-59.99092011936127,measured
Landolt_Para_Comp_238,LP238,molar,242.56144939608177,measured
Landolt_Para_Comp_4183,LP4183,molar,79.27406097881425,measured
Landolt_Dia_Comp_4459,LD4459,molar,-44.877264483616734,measured
Landolt_Para_Comp_4950,LP4950,molar,26.47922109552385,measured
Landolt_Dia_Comp_3306,LD3306,molar,-57.13917597101825,measured
Landolt_Para_Comp_989,LP989,molar,22.6649121291262,measured
Landolt_Para_Comp_2380,LP2380,molar,144.04212765257645,measured
Landolt_Dia_Comp_1879,LD1879,molar,-56.97275193207831,measured
Landolt_Dia_Comp_2889,LD2889,molar,-49.57452560255453,measured
Landolt_Para_Comp_4533,LP4533,molar,217.13015888643537,measured
Landolt_Para_Comp_3216,LP3216,molar,103.1915285150138,measured
Landolt_Dia_Comp_276,LD276,molar,-46.89275900579313,measured
Landolt_Dia_Comp_1239,LD1239,molar,-19.60965162696869,measured
Landolt_Dia_Comp_2134,LD2134,molar,-55.35261688411771,measured
Landolt_Para_Comp_759,LP759,molar,169.53670232875677,measured
Landolt_Dia_Comp_4560,LD4560,molar,-51.64471544560444,measured
Landolt_Dia_Comp_2354,LD2354,molar,-44.03233099889593,measured
Landolt_Para_Comp_4565,LP4565,molar,89.16251750245884,measured
Landolt_Para_Comp_4363,LP4363,molar,69.07623681149116,measured
Landolt_Dia_Comp_696,LD696,molar,-36.20574220732267,measured
Landolt_Para_Comp_3915,LP3915,molar,211.94664594394706,measured
Landolt_Para_Comp_3487,LP3487,molar,706.4776785338021,measured
Landolt_Dia_Comp_3986,LD3986,molar,-32.602527789510994,measured
Landolt_Para_Comp_3934,LP3934,molar,253.71090993300948,measured
Landolt_Para_Comp_3732,LP3732,molar,131.23747649882796,measured
Landolt_Dia_Comp_1533,LD1533,molar,-58.34135547531743,measured
Landolt_Para_Comp_3504,LP3504,molar,200.37400499770519,measured
Landolt_Dia_Comp_439,LD439,molar,-28.956161285826152,measured
Landolt_Para_Comp_2568,LP2568,molar,225.84772234362427,measured
Landolt_Dia_Comp_985,LD985,molar,-66.73882886264481,measured
Landolt_Para_Comp_4440,LP4440,molar,45.978046682470755,measured
Landolt_Para_Comp_5031,LP5031,molar,58.75005637209217,measured
Landolt_Para_Comp_84,LP84,molar,107.79835011117859,measured
Landolt_Dia_Comp_752,LD752,molar,-48.30347403066135,measured
Landolt_Dia_Comp_977,LD977,molar,-32.084937301727884,measured
Landolt_Dia_Comp_485,LD485,molar,-70.56714818653649,measured
Landolt_Para_Comp_3986,LP3986,molar,74.29851134394497,measured
Landolt_Para_Comp_457,LP457,molar,115.8258099375072,measured
Landolt_Para_Comp_1152,LP1152,molar,143.01874909183906,measured
Landolt_Dia_Comp_260,LD260,molar,-21.016337713223372,measured
Landolt_Dia_Comp_2547,LD2547,molar,-99.44100020827364,measured
Landolt_Para_Comp_4979,LP4979,molar,173.3199491021362,measured
Landolt_Dia_Comp_5827,LD5827,molar,-61.97770250047278,measured
Landolt_Para_Comp_1606,LP1606,molar,141.52563461451635,measured
Landolt_Para_Comp_511,LP511,molar,42.04292971445308,measured
Landolt_Dia_Comp_5466,LD5466,molar,-40.655379995157425,measured
Landolt_Dia_Comp_1758,LD1758,molar,-63.4461414259128,measured
Landolt_Para_Comp_4159,LP4159,molar,23.46463444218289,measured
Landolt_Para_Comp_4786,LP4786,molar,487.3462753391507,measured
Landolt_Para_Comp_1243,LP1243,molar,146.59512683328228,measured
Landolt_Para_Comp_4284,LP4284,molar,31.256002328669446,measured
Landolt_Dia_Comp_1334,LD1334,molar,-55.13165861188242,measured
Landolt_Para_Comp_1790,LP1790,molar,10.345368415193262,measured
Landolt_Dia_Comp_2163,LD2163,molar,-35.05438895179712,measured
Landolt_Dia_Comp_2520,LD2520,molar,-44.66615264150903,measured
Landolt_Para_Comp_4297,LP4297,molar,222.4979569461634,measured
Landolt_Dia_Comp_2127,LD2127,molar,-89.40000807367196,measured
Landolt_Para_Comp_1778,LP1778,molar,76.50053495168054,measured
Landolt_Para_Comp_2878,LP2878,molar,72.55109826362275,measured
Landolt_Dia_Comp_3170,LD3170,molar,-48.30896703568708,measured
Landolt_Para_Comp_625,LP625,molar,100.32650594274494,measured
Landolt_Dia_Comp_2064,LD2064,molar,-64.24419941471626,measured
Landolt_Para_Comp_2788,LP2788,molar,377.25674037096695,measured
Landolt_Para_Comp_3912,LP3912,molar,234.02638808113863,measured
Landolt_Dia_Comp_1411,LD1411,molar,-54.912051071069314,measured
Landolt_Para_Comp_5259,LP5259,molar,107.67322119167555,measured
Landolt_Dia_Comp_725,LD725,molar,-34.995529913279825,measured
Landolt_Para_Comp_354,LP354,molar,248.4206315203469,measured
Landolt_Dia_Comp_440,LD440,molar,-54.02636619698262,measured
Landolt_Dia_Comp_2810,LD2810,molar,-72.80395836453255,measured
Landolt_Dia_Comp_4352,LD4352,molar,-56.32174669935565,measured
Landolt_Para_Comp_4336,LP4336,molar,21.207042426454016,measured
Landolt_Para_Comp_4155,LP4155,molar,60.351388067891044,measured
Landolt_Dia_Comp_1564,LD1564,molar,-47.07654391675264,measured
Landolt_Para_Comp_811,LP811,molar,138.14705114866254,measured
Landolt_Dia_Comp_4975,LD4975,molar,-57.4340763046858,measured
Landolt_Para_Comp_2400,LP2400,molar,255.6402039522434,measured
Landolt_Dia_Comp_5473,LD5473,molar,-34.76106526208252,measured
Landolt_Para_Comp_2644,LP2644,molar,232.41463346713272,measured
Landolt_Dia_Comp_1024,LD1024,molar,-14.240277963344226,measured
Landolt_Dia_Comp_4340,LD4340,molar,-36.12492234438069,measured
Landolt_Para_Comp_3377,LP3377,molar,316.02195034454286,measured
Landolt_Para_Comp_1126,LP1126,molar,125.74852167818742,measured
Landolt_Para_Comp_5098,LP5098,molar,293.0607846210795,measured
Landolt_Dia_Comp_5240,LD5240,molar,-1.0,measured
Landolt_Dia_Comp_2564,LD2564,molar,-60.20166531953424,measured
Landolt_Para_Comp_586,LP586,molar,62.29407158756676,measured
Landolt_Dia_Comp_3381,LD3381,molar,-42.118294567761886,measured
Landolt_Dia_Comp_618,LD618,molar,-58.61589553689748,measured
Landolt_Para_Comp_4393,LP4393,molar,276.3954258347844,measured
Landolt_Dia_Comp_1536,LD1536,molar,-46.33647314128286,measured
Landolt_Dia_Comp_4697,LD4697,molar,-79.7222918194012,measured
Landolt_Dia_Comp_1565,LD1565,molar,-49.3610040373782,measured
Landolt_Dia_Comp_3508,LD3508,molar,-63.18787517524469,measured
Landolt_Para_Comp_5912,LP5912,molar,148.63021033112227,measured
Landolt_Para_Comp_2180,LP2180,molar,18.611139712016914,measured
Landolt_Para_Comp_2810,LP2810,molar,87.16574457370858,measured
Landolt_Para_Comp_5323,LP5323,molar,892.5382946887926,measured
Landolt_Para_Comp_4377,LP4377,molar,78.79326248881443,measured
Landolt_Para_Comp_1779,LP1779,molar,39.364333026883784,measured
Landolt_Dia_Comp_5073,LD5073,molar,-2.852794851652206,measured
Landolt_Para_Comp_856,LP856,molar,77.85932149690137,measured
Landolt_Dia_Comp_4530,LD4530,molar,-83.64970066594307,measured
Landolt_Para_Comp_2956,LP2956,molar,68.29315301955421,measured
Landolt_Para_Comp_3602,LP3602,molar,315.49718375473793,measured
Landolt_Dia_Comp_5949,LD5949,molar,-85.34754616216402,measured
Landolt_Para_Comp_4307,LP4307,molar,24.627442378457566,measured
Landolt_Dia_Comp_3309,LD3309,molar,-27.50198549276023,measured
Landolt_Para_Comp_5506,LP5506,molar,168.04538247915522,measured
Landolt_Para_Comp_1223,LP1223,molar,51.35459759081708,measured
Landolt_Dia_Comp_783,LD783,molar,-37.95957447225322,measured
Landolt_Para_Comp_513,LP513,molar,13.621082293157261,measured
Landolt_Para_Comp_3785,LP3785,molar,155.3965851986944,measured
Landolt_Para_Comp_5703,LP5703,molar,108.5215917094277,measured
Landolt_Para_Comp_5896,LP5896,molar,47.20819421670531,measured
Landolt_Dia_Comp_4176,LD4176,molar,-68.09775013202236,measured
Landolt_Para_Comp_3469,LP3469,molar,34.33878820346001,measured
Landolt_Para_Comp_3538,LP3538,molar,53.96256838879935,measured
Landolt_Dia_Comp_4693,LD4693,molar,-61.297684968207506,measured
Landolt_Dia_Comp_1424,LD1424,molar,-47.185569111870585,measured
Landolt_Para_Comp_2404,LP2404,molar,26.682586403673504,measured
Landolt_Para_Comp_1311,LP1311,molar,264.3522262321553,measured
Landolt_Dia_Comp_4310,LD4310,molar,-60.67894779422102,measured
Landolt_Dia_Comp_735,LD735,molar,-46.739154635053865,measured
Landolt_Dia_Comp_3822,LD3822,molar,-31.572856600848894,measured
Landolt_Dia_Comp_1583,LD1583,molar,-67.14115454718116,measured
Landolt_Para_Comp_2040,LP2040,molar,198.27406988524433,measured
Landolt_Dia_Comp_3383,LD3383,molar,-67.28870274089034,measured
Landolt_Dia_Comp_5691,LD5691,molar,-23.58779296018546,measured
Landolt_Para_Comp_3305,LP3305,molar,16.99440395578129,measured
Landolt_Para_Comp_2729,LP2729,molar,55.84253611251737,measured
Landolt_Dia_Comp_3111,LD3111,molar,-53.89151418253766,measured
Landolt_Para_Comp_1123,LP1123,molar,91.39053252833622,measured
Landolt_Para_Comp_250,LP250,molar,297.7451580823077,measured
Landolt_Para_Comp_4829,LP4829,molar,87.24140163172159,measured
Landolt_Dia_Comp_1051,LD1051,molar,-51.31394960704168,measured
Landolt_Para_Comp_2472,LP2472,molar,396.98097662883885,measured
Landolt_Para_Comp_1282,LP1282,molar,439.1438945750287,measured
Landolt_Dia_Comp_458,LD458,molar,-53.276504363996004,measured
Landolt_Para_Comp_2614,LP2614,molar,33.26182972601528,measured
Landolt_Para_Comp_724,LP724,molar,57.48782297556263,measured
Landolt_Dia_Comp_2167,LD2167,molar,-28.45479043820704,measured
Landolt_Para_Comp_2534,LP2534,molar,127.6598693897881,measured
Landolt_Para_Comp_5930,LP5930,molar,169.288931537167,measured
Landolt_Dia_Comp_2198,LD2198,molar,-30.442671205840433,measured
Landolt_Dia_Comp_1987,LD1987,molar,-39.130368611708555,measured
Landolt_Para_Comp_2778,LP2778,molar,301.78499317564876,measured
Landolt_Para_Comp_3546,LP3546,molar,211.06801133901683,measured
Landolt_Para_Comp_4355,LP4355,molar,97.14731597131963,measured
Landolt_Dia_Comp_2902,LD2902,molar,-67.64024801115264,measured
Landolt_Para_Comp_4108,LP4108,molar,505.9140737947406,measured
Landolt_Dia_Comp_65,LD65,molar,-50.83980919020165,measured
Landolt_Dia_Comp_3070,LD3070,molar,-37.0361469242108,measured
Landolt_Dia_Comp_5489,LD5489,molar,-79.03468117222161,measured
Landolt_Para_Comp_340,LP340,molar,411.9106091486417,measured
Landolt_Dia_Comp_1338,LD1338,molar,-55.93015955265707,measured
Landolt_Dia_Comp_5707,LD5707,molar,-35.33435672671063,measured
Landolt_Dia_Comp_3514,LD3514,molar,-17.89412965749498,measured
Landolt_Dia_Comp_4146,LD4146,molar,-21.551662625514805,measured
Landolt_Dia_Comp_1832,LD1832,molar,-78.05960942509812,measured
Landolt_Para_Comp_2261,LP2261,molar,316.4216314239508,measured
Landolt_Dia_Comp_2556,LD2556,molar,-43.78874878029168,measured
Landolt_Dia_Comp_247,LD247,molar,-55.59468875125494,measured
Landolt_Dia_Comp_2628,LD2628,molar,-65.04003322897123,measured
Landolt_Dia_Comp_709,LD709,molar,-26.793986778051988,measured
Landolt_Dia_Comp_3919,LD3919,molar,-77.33768159951755,measured
Landolt_Dia_Comp_3029,LD3029,molar,-51.83135647779792,measured
Landolt_Dia_Comp_1628,LD1628,molar,-41.37691225418554,measured
Landolt_Dia_Comp_5002,LD5002,molar,-59.509901908710845,measured
Landolt_Dia_Comp_4395,LD4395,molar,-51.45526558970084,measured
Landolt_Dia_Comp_5514,LD5514,molar,-64.8724641002084,measured
Landolt_Para_Comp_4956,LP4956,molar,63.8924499819122,measured
Landolt_Para_Comp_5229,LP5229,molar,104.29177594767597,measured
Landolt_Dia_Comp_5312,LD5312,molar,-64.87295726396613,measured
Landolt_Dia_Comp_5772,LD5772,molar,-29.22562850967266,measured
Landolt_Dia_Comp_4077,LD4077,molar,-40.16502749148288,measured
Landolt_Para_Comp_1142,LP1142,molar,83.68287918221907,measured
Landolt_Para_Comp_1957,LP1957,molar,285.54603143589316,measured
Landolt_Para_Comp_4574,LP4574,molar,289.71555793913956,measured
Landolt_Para_Comp_5587,LP5587,molar,194.84779138582002,measured
Landolt_Dia_Comp_3977,LD3977,molar,-53.09712732584684,measured
Landolt_Para_Comp_4121,LP4121,molar,67.41925567235032,measured
Landolt_Para_Comp_4486,LP4486,molar,236.59813515838562,measured
Landolt_Para_Comp_142,LP142,molar,118.89181463414779,measured
Landolt_Dia_Comp_3905,LD3905,molar,-58.39879188342318,measured
Landolt_Para_Comp_3837,LP3837,molar,107.15779414919339,measured
Landolt_Para_Comp_424,LP424,molar,95.05586884438713,measured
Landolt_Para_Comp_5715,LP5715,molar,78.58393359736979,measured
Landolt_Para_Comp_5396,LP5396,molar,99.59231062110621,measured
Landolt_Para_Comp_2684,LP2684,molar,98.60330346894698,measured
Landolt_Dia_Comp_2795,LD2795,molar,-2.758808567862104,measured
Landolt_Dia_Comp_371,LD371,molar,-31.170782090223682,measured
Landolt_Para_Comp_1678,LP1678,molar,482.06466622207705,measured
Landolt_Para_Comp_4667,LP4667,molar,118.97352772909952,measured
Landolt_Para_Comp_2098,LP2098,molar,257.6151783826805,measured
Landolt_Para_Comp_907,LP907,molar,50.34484372535931,measured
Landolt_Para_Comp_2221,LP2221,molar,103.8815216241185,measured
Landolt_Para_Comp_50,LP50,molar,138.53984191281464,measured
Landolt_Para_Comp_2395,LP2395,molar,81.35035832846623,measured
Landolt_Dia_Comp_3978,LD3978,molar,-53.221673336838386,measured
Landolt_Para_Comp_1643,LP1643,molar,252.51957932059102,measured
Landolt_Para_Comp_4709,LP4709,molar,52.60101220981633,measured
Landolt_Para_Comp_80,LP80,molar,38.723366096889265,measured
Landolt_Para_Comp_3261,LP3261,molar,54.93174200482451,measured
Landolt_Para_Comp_2961,LP2961,molar,148.00933965310543,measured
Landolt_Dia_Comp_3826,LD3826,molar,-32.4215427338427,measured
Landolt_Para_Comp_4014,LP4014,molar,297.25784309097526,measured
Landolt_Para_Comp_5404,LP5404,molar,25.73729532997122,measured
Landolt_Para_Comp_5770,LP5770,molar,63.2819449803929,measured
Landolt_Para_Comp_3681,LP3681,molar,80.38292056174602,measured
Landolt_Dia_Comp_2257,LD2257,molar,-64.42823626990938,measured
Landolt_Para_Comp_1121,LP1121,molar,245.7680713154137,measured
Landolt_Para_Comp_2877,LP2877,molar,616.4564378494584,measured
Landolt_Dia_Comp_936,LD936,molar,-23.274343535649745,measured
Landolt_Dia_Comp_2802,LD2802,molar,-64.36599431533294,measured
Landolt_Dia_Comp_4752,LD4752,molar,-13.068951176770199,measured
Landolt_Para_Comp_556,LP556,molar,287.99749004506174,measured
Landolt_Para_Comp_3371,LP3371,molar,18.31782266841502,measured
Landolt_Dia_Comp_2238,LD2238,molar,-47.95502077999764,measured
Landolt_Para_Comp_284,LP284,molar,303.1390716469512,measured
Landolt_Para_Comp_2907,LP2907,molar,264.44743335981576,measured
Landolt_Dia_Comp_2651,LD2651,molar,-37.71322339318014,measured
Landolt_Para_Comp_2573,LP2573,molar,190.59193881382365,measured
Landolt_Para_Comp_107,LP107,molar,77.72169409986972,measured
Landolt_Dia_Comp_2777,LD2777,molar,-61.8614103331027,measured
Landolt_Para_Comp_2945,LP2945,molar,12.819986589773027,measured
Landolt_Para_Comp_708,LP708,molar,468.0373587225674,measured
Landolt_Dia_Comp_1749,LD1749,molar,-67.83141642419449,measured
Landolt_Dia_Comp_4000,LD4000,molar,-45.52659339257664,measured
Landolt_Dia_Comp_389,LD389,molar,-31.376330511116322,measured
Landolt_Para_Comp_275,LP275,molar,102.29600029011566,measured
Landolt_Dia_Comp_5214,LD5214,molar,-52.526222726149925,measured
Landolt_Para_Comp_3941,LP3941,molar,103.79843658665102,measured
Landolt_Para_Comp_4109,LP4109,molar,138.91321552782432,measured
Landolt_Dia_Comp_3461,LD3461,molar,-57.287685326451,measured
Landolt_Para_Comp_2257,LP2257,molar,80.04182198216793,measured
Landolt_Para_Comp_3982,LP3982,molar,80.62059553969723,measured
Landolt_Para_Comp_5948,LP5948,molar,509.6570818258411,measured
Landolt_Para_Comp_4364,LP4364,molar,139.04997531199876,measured
Landolt_Para_Comp_4821,LP4821,molar,72.59781661155114,measured
Landolt_Dia_Comp_1462,LD1462,molar,-68.733105290413,measured
Landolt_Dia_Comp_5927,LD5927,molar,-74.53768672815085,measured
Landolt_Para_Comp_5021,LP5021,molar,270.3641878409628,measured
Landolt_Para_Comp_5301,LP5301,molar,80.92527200824458,measured
Landolt_Dia_Comp_2947,LD2947,molar,-100.5907292531425,measured
Landolt_Dia_Comp_882,LD882,molar,-57.06175416314238,measured
Landolt_Dia_Comp_1227,LD1227,molar,-27.413192235825186,measured
Landolt_Dia_Comp_3096,LD3096,molar,-53.04570839328434,measured
Landolt_Para_Comp_1814,LP1814,molar,443.6833050780289,measured
Landolt_Dia_Comp_1707,LD1707,molar,-49.9153557005998,measured
Landolt_Dia_Comp_4171,LD4171,molar,-89.65324334386287,measured
Landolt_Para_Comp_5937,LP5937,molar,17.75600957697293,measured
Landolt_Dia_Comp_4881,LD4881,molar,-60.06393246318708,measured
Landolt_Dia_Comp_698,LD698,molar,-58.96022441576427,measured
Landolt_Dia_Comp_2514,LD2514,molar,-24.373460055583465,measured
Landolt_Para_Comp_5043,LP5043,molar,97.66362803307219,measured
Landolt_Dia_Comp_5770,LD5770,molar,-34.87941852017316,measured
Landolt_Para_Comp_4791,LP4791,molar,122.79358407212206,measured
Landolt_Para_Comp_2029,LP2029,molar,164.26651880645656,measured
Landolt_Para_Comp_3167,LP3167,molar,137.36603786640185,measured
Landolt_Para_Comp_2417,LP2417,molar,109.45885281641283,measured
Landolt_Para_Comp_679,LP679,molar,287.5008696356019,measured
Landolt_Dia_Comp_4392,LD4392,molar,-38.299545312032194,measured
Landolt_Dia_Comp_3,LD3,molar,-57.92190924931737,measured
Landolt_Dia_Comp_4338,LD4338,molar,-1.0,measured
Landolt_Para_Comp_223,LP223,molar,220.77698031920983,measured
Landolt_Dia_Comp_1217,LD1217,molar,-68.75198559910848,measured
Landolt_Dia_Comp_5062,LD5062,molar,-57.8987562464518,measured
Landolt_Para_Comp_923,LP923,molar,213.71041844018202,measured
Landolt_Para_Comp_621,LP621,molar,164.3681958015789,measured
Landolt_Dia_Comp_273,LD273,molar,-59.70147868380842,measured
Landolt_Para_Comp_5854,LP5854,molar,131.4160399818373,measured
Landolt_Dia_Comp_2470,LD2470,molar,-69.32471876574812,measured
Landolt_Para_Comp_1190,LP1190,molar,91.85434601488437,measured
Landolt_Dia_Comp_4207,LD4207,molar,-93.86266022838214,measured
Landolt_Para_Comp_86,LP86,molar,67.19667432586306,measured
Landolt_Dia_Comp_3906,LD3906,molar,-36.642756022259626,measured
Landolt_Dia_Comp_1328,LD1328,molar,-49.396327062780365,measured
Landolt_Para_Comp_2548,LP2548,molar,71.05710750877827,measured
Landolt_Dia_Comp_3609,LD3609,molar,-57.20855132476472,measured
Landolt_Para_Comp_3902,LP3902,molar,104.26861550161877,measured
Landolt_Dia_Comp_5353,LD5353,molar,-37.76983553461383,measured
Landolt_Dia_Comp_1233,LD1233,molar,-20.70190154521962,measured
Landolt_Dia_Comp_4413,LD4413,molar,-84.46567537144995,measured
Landolt_Para_Comp_1418,LP1418,molar,11.75403424361185,measured
Landolt_Para_Comp_967,LP967,molar,58.83105230107468,measured
Landolt_Dia_Comp_4110,LD4110,molar,-43.980876407932044,measured
Landolt_Para_Comp_5603,LP5603,molar,96.09558904473388,measured
Landolt_Para_Comp_2565,LP2565,molar,218.07567492474004,measured
Landolt_Dia_Comp_1827,LD1827,molar,-45.12135644888386,measured
Landolt_Para_Comp_1464,LP1464,molar,172.1547820621594,measured
Landolt_Dia_Comp_1168,LD1168,molar,-48.18979855591479,measured
Landolt_Para_Comp_5013,LP5013,molar,114.18337979604891,measured
Landolt_Dia_Comp_1170,LD1170,molar,-30.698131416322102,measured
Landolt_Para_Comp_2535,LP2535,molar,17.04882295096262,measured
Landolt_Dia_Comp_3172,LD3172,molar,-28.302470745015185,measured
Landolt_Dia_Comp_3587,LD3587,molar,-30.842734161518973,measured
Landolt_Dia_Comp_179,LD179,molar,-47.12181053187615,measured
Landolt_Para_Comp_1885,LP1885,molar,109.58935455663071,measured
Landolt_Para_Comp_1076,LP1076,molar,171.93628857414058,measured
Landolt_Para_Comp_181,LP181,molar,154.556196056417,measured
Landolt_Para_Comp_4468,LP4468,molar,55.74995284528143,measured
Landolt_Para_Comp_5897,LP5897,molar,19.465942311711615,measured
Landolt_Dia_Comp_1248,LD1248,molar,-42.238281559708554,measured
Landolt_Dia_Comp_3808,LD3808,molar,-35.905856377568455,measured
Landolt_Dia_Comp_2461,LD2461,molar,-73.30895876309106,measured
Landolt_Para_Comp_482,LP482,molar,42.02756680308644,measured
Landolt_Para_Comp_1764,LP1764,molar,35.68025288104321,measured
Landolt_Para_Comp_656,LP656,molar,18.979377287986992,measured
Landolt_Dia_Comp_2916,LD2916,molar,-58.412296505982226,measured
Landolt_Dia_Comp_2926,LD2926,molar,-30.512266713600123,measured
Landolt_Dia_Comp_809,LD809,molar,-31.875810690402854,measured
Landolt_Dia_Comp_159,LD159,molar,-39.185091275419865,measured
Landolt_Para_Comp_442,LP442,molar,51.27355527556827,measured
Landolt_Para_Comp_5310,LP5310,molar,11.375536777207541,measured
Landolt_Para_Comp_799,LP799,molar,231.05455772869877,measured
Landolt_Para_Comp_3781,LP3781,molar,130.81826705385743,measured
Landolt_Para_Comp_725,LP725,molar,263.51130677322453,measured
Landolt_Para_Comp_2316,LP2316,molar,24.534964184687702,measured
Landolt_Para_Comp_3300,LP3300,molar,139.72305144575586,measured
Landolt_Dia_Comp_4930,LD4930,molar,-51.47743061665246,measured
Landolt_Dia_Comp_2831,LD2831,molar,-51.21966254691427,measured
Landolt_Para_Comp_4912,LP4912,molar,15.422275598138476,measured
Landolt_Para_Comp_4555,LP4555,molar,470.4823291424277,measured
Landolt_Para_Comp_638,LP638,molar,103.47725378461331,measured
Landolt_Dia_Comp_2530,LD2530,molar,-20.46151496608172,measured
Landolt_Para_Comp_4666,LP4666,molar,30.452414253166502,measured
Landolt_Para_Comp_5111,LP5111,molar,32.13765977774359,measured
Landolt_Dia_Comp_2476,LD2476,molar,-20.434891426229413,measured
Landolt_Dia_Comp_591,LD591,molar,-54.990633413175416,measured
Landolt_Dia_Comp_3483,LD3483,molar,-68.42931856326817,measured
Landolt_Dia_Comp_4049,LD4049,molar,-47.8917397923845,measured
Landolt_Dia_Comp_4658,LD4658,molar,-59.801382193386004,measured
Landolt_Dia_Comp_4256,LD4256,molar,-46.583565593566654,measured
Landolt_Dia_Comp_2496,LD2496,molar,-22.73936384385888,measured
Landolt_Para_Comp_4929,LP4929,molar,81.26951062662377,measured
Landolt_Para_Comp_5957,LP5957,molar,77.49453215355173,measured
Landolt_Dia_Comp_5519,LD5519,molar,-57.89149671478857,measured
Landolt_Para_Comp_96,LP96,molar,84.73279211584376,measured
Landolt_Para_Comp_4577,LP4577,molar,94.60013012063528,measured
Landolt_Dia_Comp_2955,LD2955,molar,-30.54020095717543,measured
Landolt_Dia_Comp_3349,LD3349,molar,-16.29968787401208,measured
Landolt_Dia_Comp_5409,LD5409,molar,-46.75302650052601,measured
Landolt_Dia_Comp_5285,LD5285,molar,-54.012721375523995,measured
Landolt_Dia_Comp_5181,LD5181,molar,-24.889701674356154,measured
Landolt_Dia_Comp_2234,LD2234,molar,-81.30530202429598,measured
Landolt_Dia_Comp_1581,LD1581,molar,-45.41518473989768,measured
Landolt_Para_Comp_3617,LP3617,molar,302.94022486342567,measured
Landolt_Para_Comp_5674,LP5674,molar,25.366067225743528,measured
Landolt_Para_Comp_4691,LP4691,molar,211.2181685457344,measured
Landolt_Para_Comp_3260,LP3260,molar,60.79497737170216,measured
Landolt_Para_Comp_762,LP762,molar,29.230313429107763,measured
Landolt_Para_Comp_4783,LP4783,molar,139.75338369984337,measured
Landolt_Dia_Comp_302,LD302,molar,-59.00857550194895,measured
Landolt_Para_Comp_5296,LP5296,molar,33.56910701044566,measured
Landolt_Dia_Comp_669,LD669,molar,-54.281209667533936,measured
Landolt_Para_Comp_4890,LP4890,molar,378.8684089500705,measured
Landolt_Dia_Comp_5736,LD5736,molar,-51.16528132248364,measured
Landolt_Para_Comp_5938,LP5938,molar,230.66086810848248,measured
Landolt_Para_Comp_4523,LP4523,molar,1118.858534520188,measured
Landolt_Dia_Comp_815,LD815,molar,-33.80320404734521,measured
Landolt_Para_Comp_2014,LP2014,molar,98.3645445866963,measured
Landolt_Para_Comp_1286,LP1286,molar,36.77703088342898,measured
Landolt_Para_Comp_1361,LP1361,molar,402.6687153959503,measured
Landolt_Dia_Comp_1941,LD1941,molar,-42.34602524914106,measured
Landolt_Dia_Comp_4521,LD4521,molar,-43.484721056475294,measured
Landolt_Para_Comp_4443,LP4443,molar,376.22681428576266,measured
Landolt_Dia_Comp_4895,LD4895,molar,-14.996669909017477,measured
Landolt_Para_Comp_2142,LP2142,molar,339.23630710320396,measured
Landolt_Para_Comp_2330,LP2330,molar,58.41181686521231,measured
Landolt_Dia_Comp_1281,LD1281,molar,-57.6460132108676,measured
Landolt_Dia_Comp_5900,LD5900,molar,-36.51639234701969,measured
Landolt_Dia_Comp_3635,LD3635,molar,-66.23354005219085,measured
Landolt_Para_Comp_2563,LP2563,molar,316.8369927499873,measured
Landolt_Dia_Comp_5478,LD5478,molar,-71.78951681140747,measured
Landolt_Para_Comp_4616,LP4616,molar,110.84540330741058,measured
Landolt_Para_Comp_1185,LP1185,molar,143.8444505658908,measured
Landolt_Para_Comp_5203,LP5203,molar,638.7878595396705,measured
Landolt_Para_Comp_3446,LP3446,molar,19.686601991851035,measured
Landolt_Dia_Comp_2407,LD2407,molar,-22.103447894716982,measured
Landolt_Dia_Comp_833,LD833,molar,-31.18883530839701,measured
Landolt_Dia_Comp_141,LD141,molar,-44.851879839731666,measured
Landolt_Dia_Comp_1908,LD1908,molar,-55.56040079034579,measured
Landolt_Para_Comp_4775,LP4775,molar,102.42460663549284,measured
Landolt_Dia_Comp_1358,LD1358,molar,-91.09904364242621,measured
Landolt_Dia_Comp_2113,LD2113,molar,-59.483919382553324,measured
Landolt_Para_Comp_327,LP327,molar,30.21659120679804,measured
Landolt_Dia_Comp_3748,LD3748,molar,-56.74487985102445,measured
Landolt_Para_Comp_3177,LP3177,molar,124.90662746576211,measured
Landolt_Para_Comp_4370,LP4370,molar,372.6435146621173,measured
Landolt_Dia_Comp_3712,LD3712,molar,-76.08614683032302,measured
Landolt_Para_Comp_115,LP115,molar,20.90254678606332,measured
Landolt_Para_Comp_417,LP417,molar,82.00411757021102,measured
Landolt_Para_Comp_4298,LP4298,molar,434.7326695450847,measured
Landolt_Dia_Comp_1845,LD1845,molar,-62.93964168423826,measured
Landolt_Para_Comp_1952,LP1952,molar,230.86184766246447,measured
Landolt_Para_Comp_3584,LP3584,molar,125.24503961810177,measured
Landolt_Dia_Comp_1105,LD1105,molar,-4.970117971311652,measured
Landolt_Dia_Comp_5958,LD5958,molar,-96.55243861163325,measured
Landolt_Para_Comp_693,LP693,molar,223.51698493424593,measured
Landolt_Para_Comp_207,LP207,molar,413.1542173456938,measured
Landolt_Dia_Comp_1518,LD1518,molar,-46.050754472246936,measured
Landolt_Para_Comp_4729,LP4729,molar,346.31571715776533,measured
Landolt_Dia_Comp_3948,LD3948,molar,-36.3037673322536,measured
Landolt_Dia_Comp_3740,LD3740,molar,-46.9343216952476,measured
Landolt_Dia_Comp_1880,LD1880,molar,-32.36299492885991,measured
Landolt_Para_Comp_2421,LP2421,molar,269.5173287452412,measured
Landolt_Para_Comp_73,LP73,molar,534.5137830987524,measured
Landolt_Para_Comp_5436,LP5436,molar,397.47977589568075,measured
Landolt_Para_Comp_3319,LP3319,molar,134.94125452699285,measured
Landolt_Dia_Comp_5081,LD5081,molar,-78.1536066321972,measured
Landolt_Para_Comp_5687,LP5687,molar,263.4520273280849,measured
Landolt_Para_Comp_1065,LP1065,molar,41.154864705560996,measured
Landolt_Para_Comp_5589,LP5589,molar,40.72944118507738,measured
Landolt_Para_Comp_5827,LP5827,molar,54.728288080427426,measured
Landolt_Para_Comp_5131,LP5131,molar,46.83686033135036,measured
Landolt_Dia_Comp_3462,LD3462,molar,-63.939473028929115,measured
Landolt_Para_Comp_3115,LP3115,molar,18.99042675281158,measured
Landolt_Dia_Comp_570,LD570,molar,-54.058275047536796,measured
Landolt_Para_Comp_951,LP951,molar,69.79752329326487,measured
Landolt_Dia_Comp_998,LD998,molar,-34.28036695012443,measured
Landolt_Para_Comp_4209,LP4209,molar,371.0012761948237,measured
Landolt_Para_Comp_4274,LP4274,molar,22.29018453962355,measured
Landolt_Dia_Comp_5005,LD5005,molar,-31.69828659030269,measured
Landolt_Dia_Comp_432,LD432,molar,-70.66356492495103,measured
Landolt_Dia_Comp_529,LD529,molar,-69.364533057478,measured
Landolt_Dia_Comp_3415,LD3415,molar,-60.35627604656986,measured
Landolt_Para_Comp_5987,LP5987,molar,57.82285886758242,measured
Landolt_Dia_Comp_2239,LD2239,molar,-56.848559763510565,measured
Landolt_Para_Comp_248,LP248,molar,343.71455615798527,measured
Landolt_Dia_Comp_494,LD494,molar,-75.47958526652525,measured
Landolt_Dia_Comp_2806,LD2806,molar,-61.84353148075488,measured
Landolt_Dia_Comp_4763,LD4763,molar,-4.685182670966569,measured
Landolt_Dia_Comp_3855,LD3855,molar,-45.3354964682809,measured
Landolt_Para_Comp_4816,LP4816,molar,133.44465876997867,measured
Landolt_Dia_Comp_4979,LD4979,molar,-41.32505953129839,measured
Landolt_Para_Comp_5175,LP5175,molar,534.397480123166,measured
Landolt_Para_Comp_1225,LP1225,molar,118.13385416869993,measured
Landolt_Para_Comp_5454,LP5454,molar,58.41278326632258,measured
Landolt_Para_Comp_3813,LP3813,molar,97.16921107650086,measured
Landolt_Para_Comp_1693,LP1693,molar,27.07818238959544,measured
Landolt_Dia_Comp_4225,LD4225,molar,-80.91389962797163,measured
Landolt_Para_Comp_1103,LP1103,molar,358.70271467779514,measured
Landolt_Para_Comp_2167,LP2167,molar,33.64932190445103,measured
Landolt_Dia_Comp_3412,LD3412,molar,-48.28419608105453,measured
Landolt_Para_Comp_2062,LP2062,molar,208.9960242884371,measured
Landolt_Para_Comp_2069,LP2069,molar,107.47863991685729,measured
Landolt_Para_Comp_2170,LP2170,molar,88.86461255049582,measured
Landolt_Dia_Comp_2004,LD2004,molar,-69.48689416055845,measured
Landolt_Dia_Comp_5288,LD5288,molar,-42.280766734808324,measured
Landolt_Para_Comp_1795,LP1795,molar,185.5497168606698,measured
Landolt_Para_Comp_1537,LP1537,molar,304.47347731641486,measured
Landolt_Dia_Comp_5464,LD5464,molar,-84.82128933175696,measured
Landolt_Dia_Comp_959,LD959,molar,-32.67733532798052,measured
Landolt_Dia_Comp_1847,LD1847,molar,-40.62857519807554,measured
Landolt_Dia_Comp_4963,LD4963,molar,-75.44670562830461,measured
Landolt_Para_Comp_868,LP868,molar,100.16009906784623,measured
Landolt_Dia_Comp_5251,LD5251,molar,-57.3301290906399,measured
Landolt_Dia_Comp_4025,LD4025,molar,-76.50048202249307,measured
Landolt_Para_Comp_3833,LP3833,molar,142.03962024610613,measured
Landolt_Dia_Comp_5656,LD5656,molar,-69.17227983081789,measured
Landolt_Para_Comp_4506,LP4506,molar,126.7593627564698,measured
Landolt_Para_Comp_1769,LP1769,molar,149.14638676632825,measured
Landolt_Dia_Comp_4060,LD4060,molar,-98.9128426131865,measured
Landolt_Dia_Comp_3844,LD3844,molar,-8.186701360283983,measured
Landolt_Para_Comp_182,LP182,molar,117.29116686733165,measured
Landolt_Dia_Comp_5198,LD5198,molar,-69.64171186435559,measured
Landolt_Para_Comp_1093,LP1093,molar,15.53997577121627,measured
Landolt_Dia_Comp_5433,LD5433,molar,-68.09737993304539,measured
Landolt_Para_Comp_2575,LP2575,molar,60.50082086805353,measured
Landolt_Dia_Comp_4878,LD4878,molar,-89.21390376353335,measured
Landolt_Para_Comp_3173,LP3173,molar,84.88490541783501,measured
Landolt_Dia_Comp_5566,LD5566,molar,-88.42544017514382,measured
Landolt_Para_Comp_19,LP19,molar,22.281237121253675,measured
Landolt_Para_Comp_2784,LP2784,molar,106.21265682887223,measured
Landolt_Dia_Comp_711,LD711,molar,-71.54651473763693,measured
Landolt_Dia_Comp_5671,LD5671,molar,-41.950261202153484,measured
Landolt_Para_Comp_1429,LP1429,molar,98.93506485872724,measured
Landolt_Dia_Comp_5750,LD5750,molar,-42.60717816832761,measured
Landolt_Para_Comp_5707,LP5707,molar,235.39752807129187,measured
Landolt_Dia_Comp_152,LD152,molar,-45.17908508256197,measured
Landolt_Dia_Comp_983,LD983,molar,-47.656898453219114,measured
Landolt_Dia_Comp_5287,LD5287,molar,-32.76283179291823,measured
Landolt_Para_Comp_1392,LP1392,molar,267.3566481273706,measured
Landolt_Para_Comp_929,LP929,molar,82.50991990454331,measured
Landolt_Dia_Comp_79,LD79,molar,-64.09582286290146,measured
Landolt_Dia_Comp_2623,LD2623,molar,-40.46056331928136,measured
Landolt_Para_Comp_4502,LP4502,molar,23.290997307438964,measured
Landolt_Para_Comp_3689,LP3689,molar,26.092589847869892,measured
Landolt_Dia_Comp_3401,LD3401,molar,-62.08935233207849,measured
Landolt_Para_Comp_2793,LP2793,molar,27.485721183962564,measured
Landolt_Para_Comp_5767,LP5767,molar,123.34122919780462,measured
Landolt_Dia_Comp_2206,LD2206,molar,-39.47856493083939,measured
Landolt_Dia_Comp_1101,LD1101,molar,-41.49360350816687,measured
Landolt_Dia_Comp_5579,LD5579,molar,-16.207559625396584,measured
Landolt_Para_Comp_2895,LP2895,molar,92.96489089933455,measured
Landolt_Dia_Comp_1873,LD1873,molar,-19.359509893729893,measured
Landolt_Para_Comp_2370,LP2370,molar,17.677810765797936,measured
Landolt_Para_Comp_5886,LP5886,molar,148.90768284572866,measured
Landolt_Para_Comp_1366,LP1366,molar,123.94998216619,measured
Landolt_Dia_Comp_5025,LD5025,molar,-49.86535548801174,measured
Landolt_Dia_Comp_828,LD828,molar,-47.406124793243976,measured
Landolt_Dia_Comp_539,LD539,molar,-56.672123702955176,measured
Landolt_Para_Comp_5386,LP5386,molar,10.776226697813826,measured
Landolt_Dia_Comp_1806,LD1806,molar,-40.879294539898325,measured
Landolt_Dia_Comp_3467,LD3467,molar,-89.70781768271398,measured
Landolt_Dia_Comp_4286,LD4286,molar,-11.002134620563872,measured
Landolt_Dia_Comp_5723,LD5723,molar,-50.916778958556954,measured
Landolt_Para_Comp_5532,LP5532,molar,171.5845047570236,measured
Landolt_Dia_Comp_5447,LD5447,molar,-63.051173128936114,measured
Landolt_Para_Comp_2220,LP2220,molar,34.253942436468904,measured
Landolt_Dia_Comp_4955,LD4955,molar,-93.16879223527044,measured
Landolt_Dia_Comp_5946,LD5946,molar,-44.678000978036444,measured
Landolt_Dia_Comp_5934,LD5934,molar,-67.40669706521032,measured
Landolt_Dia_Comp_4482,LD4482,molar,-44.45143167671431,measured
Landolt_Dia_Comp_761,LD761,molar,-53.02469234354763,measured
Landolt_Dia_Comp_1471,LD1471,molar,-29.857819298084966,measured
Landolt_Para_Comp_5066,LP5066,molar,136.29927590053177,measured
Landolt_Dia_Comp_2738,LD2738,molar,-44.57806019945406,measured
Landolt_Dia_Comp_3384,LD3384,molar,-50.4233707895279,measured
Landolt_Para_Comp_2146,LP2146,molar,37.908442038891295,measured
Landolt_Para_Comp_5037,LP5037,molar,352.03120483431934,measured
Landolt_Dia_Comp_2447,LD2447,molar,-11.721964532826476,measured
Landolt_Dia_Comp_1544,LD1544,molar,-44.97333503117606,measured
Landolt_Dia_Comp_5798,LD5798,molar,-68.73829255363108,measured
Landolt_Para_Comp_2944,LP2944,molar,58.83332748166733,measured
Landolt_Dia_Comp_1920,LD1920,molar,-56.8968397763973,measured
Landolt_Dia_Comp_1655,LD1655,molar,-59.59291353960685,measured
Landolt_Para_Comp_3389,LP3389,molar,36.13416209542166,measured
Landolt_Para_Comp_2206,LP2206,molar,56.954536928766224,measured
Landolt_Para_Comp_1491,LP1491,molar,264.2390328086492,measured
Landolt_Dia_Comp_4972,LD4972,molar,-79.99716012355148,measured
Landolt_Para_Comp_2270,LP2270,molar,235.43463653469092,measured
Landolt_Dia_Comp_4950,LD4950,molar,-54.41083809698688,measured
Landolt_Para_Comp_3653,LP3653,molar,140.00089990374957,measured
Landolt_Para_Comp_678,LP678,molar,668.6653264504342,measured
Landolt_Para_Comp_852,LP852,molar,610.5298359820489,measured
Landolt_Para_Comp_3201,LP3201,molar,219.87318787769786,measured
Landolt_Dia_Comp_5886,LD5886,molar,-44.226424495528875,measured
Landolt_Dia_Comp_3013,LD3013,molar,-35.84678039346313,measured
Landolt_Dia_Comp_4236,LD4236,molar,-44.816022480314686,measured
Landolt_Para_Comp_4905,LP4905,molar,92.86811822136096,measured
Landolt_Dia_Comp_791,LD791,molar,-41.829810057653425,measured
Landolt_Dia_Comp_749,LD749,molar,-30.34082404938112,measured
Landolt_Dia_Comp_3270,LD3270,molar,-74.41811043077261,measured
Landolt_Dia_Comp_3025,LD3025,molar,-36.39687784916222,measured
Landolt_Para_Comp_386,LP386,molar,282.8659917468636,measured
Landolt_Dia_Comp_5767,LD5767,molar,-24.49741642713723,measured
Landolt_Dia_Comp_3416,LD3416,molar,-36.300185485626635,measured
Landolt_Para_Comp_5800,LP5800,molar,191.76068982856472,measured
Landolt_Dia_Comp_795,LD795,molar,-62.369178470264224,measured
Landolt_Dia_Comp_2727,LD2727,molar,-16.08978236467466,measured
Landolt_Dia_Comp_5271,LD5271,molar,-16.039236495136272,measured
Landolt_Para_Comp_3723,LP3723,molar,301.3753940540969,measured
Landolt_Para_Comp_4328,LP4328,molar,118.47608751502062,measured
Landolt_Dia_Comp_5717,LD5717,molar,-18.761326052215793,measured
Landolt_Para_Comp_5946,LP5946,molar,53.818224112139184,measured
Landolt_Para_Comp_158,LP158,molar,512.2703841566859,measured
Landolt_Dia_Comp_2374,LD2374,molar,-7.6097916162558406,measured
Landolt_Para_Comp_1460,LP1460,molar,56.300652919184344,measured
Landolt_Dia_Comp_329,LD329,molar,-102.18578248370511,measured
Landolt_Para_Comp_3910,LP3910,molar,174.50461067799262,measured
Landolt_Dia_Comp_5533,LD5533,molar,-14.516927410880406,measured
Landolt_Para_Comp_1368,LP1368,molar,233.1175685337446,measured
Landolt_Dia_Comp_1213,LD1213,molar,-43.96842875495985,measured
Landolt_Dia_Comp_1186,LD1186,molar,-82.29481792399162,measured
Landolt_Dia_Comp_1031,LD1031,molar,-65.89197080628462,measured
Landolt_Dia_Comp_4054,LD4054,molar,-44.741488865684815,measured
Landolt_Para_Comp_5412,LP5412,molar,95.55733597021916,measured
Landolt_Para_Comp_1423,LP1423,molar,296.28708626285015,measured
Landolt_Para_Comp_2954,LP2954,molar,66.62185490924708,measured
Landolt_Dia_Comp_5172,LD5172,molar,-41.928651460573505,measured
Landolt_Para_Comp_2228,LP2228,molar,16.633882843149035,measured
Landolt_Dia_Comp_4682,LD4682,molar,-37.326866811074645,measured
Landolt_Para_Comp_2622,LP2622,molar,144.01127006943736,measured
Landolt_Dia_Comp_630,LD630,molar,-73.80764227929774,measured
Landolt_Para_Comp_2376,LP2376,molar,19.816173531962114,measured
Landolt_Dia_Comp_1097,LD1097,molar,-57.51822130937196,measured
Landolt_Para_Comp_829,LP829,molar,244.5593569026264,measured
Landolt_Para_Comp_620,LP620,molar,124.90192429938598,measured
Landolt_Para_Comp_5771,LP5771,molar,188.75648865054268,measured
Landolt_Para_Comp_1979,LP1979,molar,24.57410912123604,measured
Landolt_Dia_Comp_1817,LD1817,molar,-41.683329439228515,measured
Landolt_Para_Comp_3621,LP3621,molar,70.63147647160199,measured
Landolt_Para_Comp_3276,LP3276,molar,284.95698322551294,measured
Landolt_Dia_Comp_5043,LD5043,molar,-20.100587082195847,measured
Landolt_Para_Comp_4467,LP4467,molar,23.57704831643872,measured
Landolt_Para_Comp_4930,LP4930,molar,530.1009950832073,measured
Landolt_Para_Comp_5609,LP5609,molar,210.20745674018335,measured
Landolt_Para_Comp_2978,LP2978,molar,146.41013888805435,measured
Landolt_Dia_Comp_2268,LD2268,molar,-45.77439672348512,measured
Landolt_Para_Comp_5370,LP5370,molar,306.31757956353135,measured
Landolt_Para_Comp_3040,LP3040,molar,69.45334812955349,measured
Landolt_Dia_Comp_4190,LD4190,molar,-48.09831047762318,measured
Landolt_Para_Comp_4764,LP4764,molar,238.92004154186478,measured
Landolt_Para_Comp_2268,LP2268,molar,167.09186196732196,measured
Landolt_Para_Comp_4615,LP4615,molar,86.73614981069086,measured
Landolt_Para_Comp_3307,LP3307,molar,160.0579466456549,measured
Landolt_Para_Comp_3103,LP3103,molar,153.0652663301843,measured
Landolt_Dia_Comp_937,LD937,molar,-90.91265944119004,measured
Landolt_Dia_Comp_1605,LD1605,molar,-29.922971202834386,measured
Landolt_Dia_Comp_3338,LD3338,molar,-47.06275434585197,measured
Landolt_Para_Comp_4846,LP4846,molar,41.92343371616222,measured
Landolt_Dia_Comp_5854,LD5854,molar,-56.04718901589038,measured
Landolt_Para_Comp_2277,LP2277,molar,166.64815730538226,measured
Landolt_Para_Comp_2515,LP2515,molar,24.044603958859383,measured
Landolt_Dia_Comp_3066,LD3066,molar,-40.097638563555485,measured
Landolt_Dia_Comp_5208,LD5208,molar,-51.64758870406201,measured
Landolt_Para_Comp_4884,LP4884,molar,46.891579576441686,measured
Landolt_Para_Comp_1343,LP1343,molar,386.00083416258644,measured
Landolt_Dia_Comp_4122,LD4122,molar,-71.3817890363325,measured
Landolt_Dia_Comp_461,LD461,molar,-26.3645218954194,measured
Landolt_Para_Comp_605,LP605,molar,713.5181786712837,measured
Landolt_Dia_Comp_3610,LD3610,molar,-52.1244109085297,measured
Landolt_Para_Comp_4511,LP4511,molar,214.7089636784616,measured
Landolt_Para_Comp_3197,LP3197,molar,30.672158573001425,measured
Landolt_Dia_Comp_3285,LD3285,molar,-93.90367772547478,measured
Landolt_Para_Comp_5198,LP5198,molar,48.766784776828686,measured
Landolt_Dia_Comp_307,LD307,molar,-34.701302275783874,measured
Landolt_Para_Comp_668,LP668,molar,227.75632953282647,measured
Landolt_Dia_Comp_1623,LD1623,molar,-73.39994993485172,measured
Landolt_Dia_Comp_5350,LD5350,molar,-12.406576924778769,measured
Landolt_Dia_Comp_4704,LD4704,molar,-51.38852909437691,measured
Landolt_Dia_Comp_4017,LD4017,molar,-69.98174188236702,measured
Landolt_Para_Comp_41,LP41,molar,32.531650856411815,measured
Landolt_Para_Comp_3085,LP3085,molar,244.86253688336964,measured
Landolt_Para_Comp_2340,LP2340,molar,126.73045177556452,measured
Landolt_Para_Comp_518,LP518,molar,38.29275165411582,measured
Landolt_Dia_Comp_2826,LD2826,molar,-51.49793259396184,measured
Landolt_Dia_Comp_3725,LD3725,molar,-67.48917769067334,measured
Landolt_Dia_Comp_2155,LD2155,molar,-47.153757622559084,measured
Landolt_Para_Comp_112,LP112,molar,121.49499867968319,measured
Landolt_Para_Comp_1571,LP1571,molar,123.63057523475344,measured
Landolt_Dia_Comp_3157,LD3157,molar,-43.80684145657294,measured
Landolt_Dia_Comp_4332,LD4332,molar,-44.20291291013424,measured
Landolt_Dia_Comp_1586,LD1586,molar,-41.273419294389754,measured
Landolt_Para_Comp_2460,LP2460,molar,334.54574027829415,measured
Landolt_Para_Comp_3590,LP3590,molar,71.08171989053781,measured
Landolt_Para_Comp_2016,LP2016,molar,25.698706579499905,measured
Landolt_Para_Comp_527,LP527,molar,114.24458431278893,measured
Landolt_Para_Comp_5801,LP5801,molar,63.64180474170828,measured
Landolt_Para_Comp_3640,LP3640,molar,125.73764038619792,measured
Landolt_Para_Comp_4257,LP4257,molar,86.82508284531974,measured
Landolt_Para_Comp_1610,LP1610,molar,123.12178971189192,measured
Landolt_Para_Comp_1235,LP1235,molar,124.74348572678929,measured
Landolt_Dia_Comp_4130,LD4130,molar,-62.4520052101592,measured
Landolt_Para_Comp_1073,LP1073,molar,131.4316717777337,measured
Landolt_Para_Comp_4208,LP4208,molar,247.9567261412,measured
Landolt_Para_Comp_1398,LP1398,molar,20.079874393141097,measured
Landolt_Dia_Comp_3122,LD3122,molar,-83.10593630411086,measured
Landolt_Para_Comp_242,LP242,molar,154.16226999147963,measured
Landolt_Dia_Comp_2690,LD2690,molar,-39.41683732818067,measured
Landolt_Para_Comp_2163,LP2163,molar,31.716472663197802,measured
Landolt_Para_Comp_3453,LP3453,molar,23.22145335111987,measured
Landolt_Dia_Comp_2720,LD2720,molar,-13.581981247202584,measured
Landolt_Dia_Comp_2787,LD2787,molar,-48.890319396413155,measured
Landolt_Dia_Comp_1466,LD1466,molar,-30.76016823537949,measured
Landolt_Para_Comp_2465,LP2465,molar,48.902970670140135,measured
Landolt_Dia_Comp_450,LD450,molar,-40.558535743675236,measured
Landolt_Dia_Comp_2142,LD2142,molar,-61.897315455437464,measured
Landolt_Para_Comp_654,LP654,molar,120.58560766915781,measured
Landolt_Para_Comp_129,LP129,molar,32.80501449870452,measured
Landolt_Para_Comp_3298,LP3298,molar,17.46736506070917,measured
Landolt_Para_Comp_2195,LP2195,molar,734.9257346873862,measured
Landolt_Dia_Comp_5597,LD5597,molar,-91.64770575928657,measured
Landolt_Para_Comp_1322,LP1322,molar,108.62803069850047,measured
Landolt_Para_Comp_4314,LP4314,molar,75.96984995051805,measured
Landolt_Para_Comp_239,LP239,molar,139.54738409667334,measured
Landolt_Dia_Comp_419,LD419,molar,-1.0,measured
Landolt_Dia_Comp_5789,LD5789,molar,-41.84518261536136,measured
Landolt_Dia_Comp_4001,LD4001,molar,-20.259689325056122,measured
Landolt_Dia_Comp_1357,LD1357,molar,-82.10961191690976,measured
Landolt_Para_Comp_4079,LP4079,molar,235.78359127648721,measured
Landolt_Dia_Comp_792,LD792,molar,-82.15651273277066,measured
Landolt_Para_Comp_5200,LP5200,molar,33.30368150976266,measured
Landolt_Dia_Comp_879,LD879,molar,-29.463221358935478,measured
Landolt_Dia_Comp_2087,LD2087,molar,-53.374709081085726,measured
Landolt_Para_Comp_844,LP844,molar,315.1813588262819,measured
Landolt_Dia_Comp_4347,LD4347,molar,-54.93612826628288,measured
Landolt_Para_Comp_3743,LP3743,molar,313.7889893583768,measured
Landolt_Para_Comp_5010,LP5010,molar,12.088775947505804,measured
Landolt_Dia_Comp_3317,LD3317,molar,-62.68533395365415,measured
Landolt_Para_Comp_33,LP33,molar,308.0937813390796,measured
Landolt_Dia_Comp_1482,LD1482,molar,-46.78609826762077,measured
Landolt_Dia_Comp_3649,LD3649,molar,-40.24426661484231,measured
Landolt_Para_Comp_2772,LP2772,molar,122.45669922491308,measured
Landolt_Dia_Comp_266,LD266,molar,-83.56050750623923,measured
Landolt_Dia_Comp_4082,LD4082,molar,-57.53620346976944,measured
Landolt_Para_Comp_5381,LP5381,molar,691.7830401453375,measured
Landolt_Dia_Comp_305,LD305,molar,-85.87548282972514,measured
Landolt_Para_Comp_2026,LP2026,molar,463.51395907599016,measured
Landolt_Para_Comp_1558,LP1558,molar,230.83978928852446,measured
Landolt_Dia_Comp_726,LD726,molar,-17.100554085372778,measured
Landolt_Para_Comp_1794,LP1794,molar,743.2615734645049,measured
Landolt_Para_Comp_3712,LP3712,molar,79.90378033418529,measured
Landolt_Para_Comp_4897,LP4897,molar,270.28129506870124,measured
Landolt_Para_Comp_4318,LP4318,molar,124.5545189851066,measured
Landolt_Para_Comp_1878,LP1878,molar,327.2647767322926,measured
Landolt_Dia_Comp_1557,LD1557,molar,-54.423818955904174,measured
Landolt_Dia_Comp_5457,LD5457,molar,-1.0,measured
Landolt_Para_Comp_1932,LP1932,molar,121.3481140378849,measured
Landolt_Dia_Comp_4354,LD4354,molar,-73.55705698358989,measured
Landolt_Para_Comp_1039,LP1039,molar,107.3896591136624,measured
Landolt_Dia_Comp_5444,LD5444,molar,-36.56606589115498,measured
Landolt_Para_Comp_5990,LP5990,molar,21.892188078877084,measured
Landolt_Dia_Comp_721,LD721,molar,-24.886955611753837,measured
Landolt_Dia_Comp_609,LD609,molar,-29.049155390741696,measured
Landolt_Para_Comp_5338,LP5338,molar,255.78678248992406,measured
Landolt_Dia_Comp_2071,LD2071,molar,-74.61469950483745,measured
Landolt_Para_Comp_5281,LP5281,molar,157.35631980943788,measured
Landolt_Dia_Comp_2251,LD2251,molar,-55.14705075110384,measured
Landolt_Dia_Comp_291,LD291,molar,-32.627428122505954,measured
Landolt_Dia_Comp_5785,LD5785,molar,-31.838896813566937,measured
Landolt_Para_Comp_1919,LP1919,molar,137.14922413039568,measured
Landolt_Dia_Comp_4289,LD4289,molar,-49.873247171393025,measured
Landolt_Para_Comp_5205,LP5205,molar,77.14833861555998,measured
Landolt_Dia_Comp_3716,LD3716,molar,-59.40220246129178,measured
Landolt_Dia_Comp_3289,LD3289,molar,-86.77966467965277,measured
Landolt_Para_Comp_1415,LP1415,molar,146.3546494334272,measured
Landolt_Dia_Comp_5993,LD5993,molar,-72.63935896297193,measured
Landolt_Para_Comp_2986,LP2986,molar,154.14092865233593,measured
Landolt_Dia_Comp_2932,LD2932,molar,-42.83812756234708,measured
Landolt_Dia_Comp_4070,LD4070,molar,-67.15827586257862,measured
Landolt_Para_Comp_4707,LP4707,molar,81.70829133462227,measured
Landolt_Para_Comp_960,LP960,molar,273.4345988440998,measured
Landolt_Dia_Comp_1995,LD1995,molar,-62.52278258057237,measured
Landolt_Dia_Comp_5352,LD5352,molar,-39.72887578766668,measured
Landolt_Dia_Comp_3017,LD3017,molar,-31.89881927669598,measured
Landolt_Dia_Comp_4412,LD4412,molar,-36.02551642512371,measured
Landolt_Para_Comp_2035,LP2035,molar,90.28978577723929,measured
Landolt_Para_Comp_3080,LP3080,molar,643.4836143783637,measured
Landolt_Para_Comp_1108,LP1108,molar,153.14191074925495,measured
Landolt_Dia_Comp_2220,LD2220,molar,-67.25209626400947,measured
Landolt_Dia_Comp_4743,LD4743,molar,-32.91797969659474,measured
Landolt_Dia_Comp_5890,LD5890,molar,-64.75956958664415,measured
Landolt_Dia_Comp_3128,LD3128,molar,-61.75307234690297,measured
Landolt_Para_Comp_2743,LP2743,molar,20.93894896806307,measured
Landolt_Para_Comp_3634,LP3634,molar,260.1261107209395,measured
Landolt_Dia_Comp_1550,LD1550,molar,-60.05085940271715,measured
Landolt_Para_Comp_4907,LP4907,molar,203.12785317809934,measured
Landolt_Para_Comp_393,LP393,molar,60.69952688797461,measured
Landolt_Para_Comp_1589,LP1589,molar,219.51627501837268,measured
Landolt_Para_Comp_5167,LP5167,molar,80.36030844038028,measured
Landolt_Dia_Comp_2999,LD2999,molar,-26.638537382128973,measured
Landolt_Dia_Comp_2835,LD2835,molar,-59.448528251562614,measured
Landolt_Para_Comp_5661,LP5661,molar,52.55705902734469,measured
Landolt_Dia_Comp_3174,LD3174,molar,-50.872307133911605,measured
Landolt_Para_Comp_1375,LP1375,molar,125.35668785971772,measured
Landolt_Para_Comp_2711,LP2711,molar,116.4362186247825,measured
Landolt_Para_Comp_2423,LP2423,molar,129.9965770009323,measured
Landolt_Dia_Comp_4852,LD4852,molar,-48.99863329198461,measured
Landolt_Para_Comp_1329,LP1329,molar,233.54663687831203,measured
Landolt_Dia_Comp_1432,LD1432,molar,-55.71619763390218,measured
Landolt_Dia_Comp_4681,LD4681,molar,-10.582201254215711,measured
Landolt_Dia_Comp_2844,LD2844,molar,-66.27515853940442,measured
Landolt_Para_Comp_4376,LP4376,molar,190.40811042323054,measured
Landolt_Para_Comp_4123,LP4123,molar,111.14803129558955,measured
Landolt_Para_Comp_2776,LP2776,molar,224.66533243273156,measured
Landolt_Para_Comp_553,LP553,molar,159.16757638837026,measured
Landolt_Dia_Comp_816,LD816,molar,-67.3221077517448,measured
Landolt_Dia_Comp_275,LD275,molar,-52.06378960290382,measured
Landolt_Para_Comp_4633,LP4633,molar,124.78026819577741,measured
Landolt_Para_Comp_4802,LP4802,molar,17.558050771183936,measured
Landolt_Para_Comp_4618,LP4618,molar,101.46254085177098,measured
Landolt_Para_Comp_975,LP975,molar,50.79040429827315,measured
Landolt_Para_Comp_3225,LP3225,molar,339.46391128299115,measured
Landolt_Para_Comp_3013,LP3013,molar,186.88412180992802,measured
Landolt_Dia_Comp_1503,LD1503,molar,-38.86236365984233,measured
Landolt_Para_Comp_2843,LP2843,molar,33.95965379904719,measured
Landolt_Dia_Comp_3937,LD3937,molar,-34.386272863291296,measured
Landolt_Para_Comp_3607,LP3607,molar,25.696270213369573,measured
Landolt_Dia_Comp_5557,LD5557,molar,-32.06507320467315,measured
Landolt_Para_Comp_5215,LP5215,molar,505.2414103735435,measured
Landolt_Dia_Comp_525,LD525,molar,-42.38548092973808,measured
Landolt_Para_Comp_3271,LP3271,molar,51.4148777254098,measured
Landolt_Para_Comp_2616,LP2616,molar,158.8361129212103,measured
Landolt_Dia_Comp_5529,LD5529,molar,-67.92492994182183,measured
Landolt_Para_Comp_1624,LP1624,molar,252.73010855774655,measured
Landolt_Para_Comp_2377,LP2377,molar,166.04621373827615,measured
Landolt_Dia_Comp_4916,LD4916,molar,-39.01822669444595,measured
Landolt_Para_Comp_3494,LP3494,molar,22.550106789872302,measured
Landolt_Dia_Comp_1458,LD1458,molar,-16.337323808628398,measured
Landolt_Para_Comp_1696,LP1696,molar,155.5133547208308,measured
Landolt_Dia_Comp_5248,LD5248,molar,-75.61263302834561,measured
Landolt_Para_Comp_4966,LP4966,molar,56.58585475614556,measured
Landolt_Dia_Comp_3709,LD3709,molar,-32.120426363905665,measured
Landolt_Dia_Comp_4285,LD4285,molar,-48.531173419052024,measured
Landolt_Para_Comp_2865,LP2865,molar,172.45366051957043,measured
Landolt_Dia_Comp_1801,LD1801,molar,-30.75686042774005,measured
Landolt_Dia_Comp_3620,LD3620,molar,-57.10922944240161,measured
Landolt_Para_Comp_2658,LP2658,molar,256.08730554667284,measured
Landolt_Para_Comp_1210,LP1210,molar,47.34223579074126,measured
Landolt_Dia_Comp_3404,LD3404,molar,-48.50206202639182,measured
Landolt_Dia_Comp_116,LD116,molar,-87.7024938039709,measured
Landolt_Para_Comp_3442,LP3442,molar,168.86371371864473,measured
Landolt_Dia_Comp_3883,LD3883,molar,-11.56438710861395,measured
Landolt_Para_Comp_2653,LP2653,molar,95.49811534816342,measured
Landolt_Para_Comp_3233,LP3233,molar,42.68846000383178,measured
Landolt_Dia_Comp_2040,LD2040,molar,-45.32958040164273,measured
Landolt_Dia_Comp_5095,LD5095,molar,-34.60346152904552,measured
Landolt_Para_Comp_5978,LP5978,molar,19.360469997698015,measured
Landolt_Para_Comp_737,LP737,molar,229.00648348388992,measured
Landolt_Para_Comp_1732,LP1732,molar,254.69342805306033,measured
Landolt_Dia_Comp_773,LD773,molar,-30.076085057846118,measured
Landolt_Para_Comp_5810,LP5810,molar,78.86982184464841,measured
Landolt_Para_Comp_4911,LP4911,molar,63.91853256759811,measured
Landolt_Para_Comp_5465,LP5465,molar,76.03564582006146,measured
Landolt_Dia_Comp_1555,LD1555,molar,-79.74552716926965,measured
Landolt_Dia_Comp_5832,LD5832,molar,-83.87221483195007,measured
Landolt_Dia_Comp_3851,LD3851,molar,-17.28236797177783,measured
Landolt_Dia_Comp_1318,LD1318,molar,-92.98799219871724,measured
Landolt_Dia_Comp_2929,LD2929,molar,-47.17458074298773,measured
Landolt_Dia_Comp_5539,LD5539,molar,-10.402541647701398,measured
Landolt_Para_Comp_2680,LP2680,molar,412.2630086423846,measured
Landolt_Dia_Comp_3230,LD3230,molar,-43.853224633612435,measured
Landolt_Dia_Comp_2660,LD2660,molar,-48.472783761093524,measured
Landolt_Para_Comp_3053,LP3053,molar,238.94499982799243,measured
Landolt_Para_Comp_4195,LP4195,molar,139.2908961770337,measured
Landolt_Dia_Comp_4219,LD4219,molar,-81.82216330383515,measured
Landolt_Para_Comp_4104,LP4104,molar,13.472391487572368,measured
Landolt_Dia_Comp_3229,LD3229,molar,-41.4204988701338,measured
Landolt_Dia_Comp_164,LD164,molar,-56.6735631203594,measured
Landolt_Dia_Comp_1809,LD1809,molar,-11.07012907854876,measured
Landolt_Para_Comp_766,LP766,molar,180.5700528080579,measured
Landolt_Dia_Comp_4531,LD4531,molar,-54.92342693872426,measured
Landolt_Para_Comp_691,LP691,molar,198.39446086694662,measured
Landolt_Para_Comp_2828,LP2828,molar,466.3158748720393,measured
Landolt_Para_Comp_2914,LP2914,molar,267.1584548744895,measured
Landolt_Para_Comp_5212,LP5212,molar,164.46216531092003,measured
Landolt_Para_Comp_5360,LP5360,molar,60.05265601044912,measured
Landolt_Para_Comp_4107,LP4107,molar,109.54490388890221,measured
Landolt_Para_Comp_4847,LP4847,molar,342.1320096768772,measured
Landolt_Dia_Comp_1392,LD1392,molar,-60.5165379860977,measured
Landolt_Para_Comp_3586,LP3586,molar,168.6715639643754,measured
Landolt_Dia_Comp_980,LD980,molar,-81.26393900893567,measured
Landolt_Para_Comp_259,LP259,molar,177.0922665439445,measured
Landolt_Dia_Comp_4998,LD4998,molar,-41.05172935944232,measured
Landolt_Dia_Comp_5268,LD5268,molar,-86.8625383532866,measured
Landolt_Dia_Comp_778,LD778,molar,-71.27474379818082,measured
Landolt_Dia_Comp_5537,LD5537,molar,-123.89406807160556,measured
Landolt_Dia_Comp_1402,LD1402,molar,-28.23276970670613,measured
Landolt_Dia_Comp_968,LD968,molar,-73.52891123873232,measured
Landolt_Dia_Comp_2517,LD2517,molar,-51.74784211896668,measured
Landolt_Dia_Comp_3999,LD3999,molar,-41.994223984777705,measured
Landolt_Para_Comp_5522,LP5522,molar,47.92609650417661,measured
Landolt_Para_Comp_318,LP318,molar,44.643111086695164,measured
Landolt_Para_Comp_753,LP753,molar,108.95336085257543,measured
Landolt_Para_Comp_2484,LP2484,molar,45.49080494821319,measured
Landolt_Para_Comp_5958,LP5958,molar,92.05691509152385,measured
Landolt_Dia_Comp_4231,LD4231,molar,-6.423195451917714,measured
Landolt_Dia_Comp_3047,LD3047,molar,-81.71641583998944,measured
Landolt_Dia_Comp_5290,LD5290,molar,-1.0,measured
Landolt_Dia_Comp_4576,LD4576,molar,-48.174387896782726,measured
Landolt_Para_Comp_363,LP363,molar,37.45670059903712,measured
Landolt_Dia_Comp_5841,LD5841,molar,-47.88492361547253,measured
Landolt_Dia_Comp_853,LD853,molar,-67.4832610584266,measured
Landolt_Para_Comp_3903,LP3903,molar,191.1417080332416,measured
Landolt_Dia_Comp_1589,LD1589,molar,-68.76210919266829,measured
Landolt_Dia_Comp_2640,LD2640,molar,-43.79736305943429,measured
Landolt_Dia_Comp_3598,LD3598,molar,-55.424284566227485,measured
Landolt_Para_Comp_2983,LP2983,molar,277.5449913151836,measured
Landolt_Dia_Comp_35,LD35,molar,-109.13746048431942,measured
Landolt_Dia_Comp_3198,LD3198,molar,-82.09500043694884,measured
Landolt_Para_Comp_1880,LP1880,molar,49.10290148281012,measured
Landolt_Para_Comp_3229,LP3229,molar,172.9221505095526,measured
Landolt_Dia_Comp_1070,LD1070,molar,-62.35997276829464,measured
Landolt_Para_Comp_5812,LP5812,molar,154.3425468289044,measured
Landolt_Dia_Comp_3596,LD3596,molar,-45.760914748534525,measured
Landolt_Para_Comp_3336,LP3336,molar,13.866844222899775,measured
Landolt_Dia_Comp_903,LD903,molar,-50.259456157280134,measured
Landolt_Dia_Comp_2951,LD2951,molar,-35.22221034448718,measured
Landolt_Para_Comp_549,LP549,molar,142.34713327270077,measured
Landolt_Para_Comp_4390,LP4390,molar,56.613600980972656,measured
Landolt_Para_Comp_137,LP137,molar,283.7861316515011,measured
Landolt_Dia_Comp_2165,LD2165,molar,-77.70114878295483,measured
Landolt_Para_Comp_4345,LP4345,molar,346.1558846614127,measured
Landolt_Dia_Comp_5576,LD5576,molar,-49.627261929766476,measured
Landolt_Para_Comp_4489,LP4489,molar,76.0551705070268,measured
Landolt_Para_Comp_2648,LP2648,molar,34.16522776384653,measured
Landolt_Dia_Comp_3018,LD3018,molar,-15.505321806944096,measured
Landolt_Para_Comp_5961,LP5961,molar,100.52523975512061,measured
Landolt_Dia_Comp_2763,LD2763,molar,-53.63117071884212,measured
Landolt_Dia_Comp_13,LD13,molar,-45.47823412673887,measured
Landolt_Dia_Comp_5511,LD5511,molar,-54.042686146183016,measured
Landolt_Dia_Comp_29,LD29,molar,-58.1159399637318,measured
Landolt_Dia_Comp_1349,LD1349,molar,-37.78952973086282,measured
Landolt_Para_Comp_5149,LP5149,molar,18.46212321954043,measured
Landolt_Dia_Comp_451,LD451,molar,-41.5237759659548,measured
Landolt_Dia_Comp_4804,LD4804,molar,-59.99927296911992,measured
Landolt_Dia_Comp_4138,LD4138,molar,-9.032297331257453,measured
Landolt_Dia_Comp_2619,LD2619,molar,-51.353262769750735,measured
Landolt_Dia_Comp_4838,LD4838,molar,-23.31745866384952,measured
Landolt_Para_Comp_3620,LP3620,molar,566.3376273648597,measured
Landolt_Dia_Comp_3169,LD3169,molar,-55.45291915539004,measured
Landolt_Para_Comp_3589,LP3589,molar,111.11426153642431,measured
Landolt_Dia_Comp_2441,LD2441,molar,-37.26013297592386,measured
Landolt_Para_Comp_4503,LP4503,molar,482.02782004106524,measured
Landolt_Para_Comp_1730,LP1730,molar,38.93543540893795,measured
Landolt_Para_Comp_3407,LP3407,molar,90.92204975509668,measured
Landolt_Para_Comp_3289,LP3289,molar,441.1510249959456,measured
Landolt_Dia_Comp_4428,LD4428,molar,-84.29437601623894,measured
Landolt_Para_Comp_2882,LP2882,molar,77.49265674049883,measured
Landolt_Para_Comp_2302,LP2302,molar,41.653082538621476,measured
Landolt_Dia_Comp_3314,LD3314,molar,-52.250450009579794,measured
Landolt_Dia_Comp_3371,LD3371,molar,-44.307111396386645,measured
Landolt_Dia_Comp_496,LD496,molar,-66.74086360933332,measured
Landolt_Para_Comp_2038,LP2038,molar,335.9842812639966,measured
Landolt_Dia_Comp_2948,LD2948,molar,-51.08087291653445,measured
Landolt_Dia_Comp_5578,LD5578,molar,-82.20695185023985,measured
Landolt_Dia_Comp_3205,LD3205,molar,-59.68743079927538,measured
Landolt_Dia_Comp_2734,LD2734,molar,-78.04669819350737,measured
Landolt_Dia_Comp_126,LD126,molar,-45.45770362090346,measured
Landolt_Dia_Comp_4430,LD4430,molar,-33.18193043757288,measured
Landolt_Dia_Comp_1553,LD1553,molar,-73.10750128423541,measured
Landolt_Dia_Comp_1786,LD1786,molar,-87.10010366490123,measured
Landolt_Para_Comp_1335,LP1335,molar,128.0032670479003,measured
Landolt_Para_Comp_659,LP659,molar,200.88754880840344,measured
Landolt_Para_Comp_3460,LP3460,molar,175.5241901652548,measured
Landolt_Dia_Comp_74,LD74,molar,-20.317874480248648,measured
Landolt_Para_Comp_831,LP831,molar,198.54777665429629,measured
Landolt_Para_Comp_2981,LP2981,molar,99.38452997176489,measured
Landolt_Para_Comp_1630,LP1630,molar,227.10948885152064,measured
Landolt_Dia_Comp_3440,LD3440,molar,-56.99872550181942,measured
Landolt_Para_Comp_3000,LP3000,molar,123.19778311940527,measured
Landolt_Para_Comp_633,LP633,molar,16.157775942366293,measured
Landolt_Para_Comp_5075,LP5075,molar,156.97087358509853,measured
Landolt_Para_Comp_1912,LP1912,molar,135.36685541994655,measured
Landolt_Dia_Comp_2405,LD2405,molar,-61.54011825814332,measured
Landolt_Dia_Comp_4893,LD4893,molar,-34.075794225618594,measured
Landolt_Para_Comp_1171,LP1171,molar,101.08955522326943,measured
Landolt_Dia_Comp_5009,LD5009,molar,-39.552157339994444,measured
Landolt_Dia_Comp_1028,LD1028,molar,-74.65024710213379,measured
Landolt_Para_Comp_1954,LP1954,molar,55.161013434548714,measured
Landolt_Para_Comp_1212,LP1212,molar,70.73527186416868,measured
Landolt_Dia_Comp_2021,LD2021,molar,-84.34254037135682,measured
Landolt_Para_Comp_675,LP675,molar,20.365597633874724,measured
Landolt_Dia_Comp_5400,LD5400,molar,-40.31754094025115,measured
Landolt_Para_Comp_159,LP159,molar,16.38228784396913,measured
Landolt_Dia_Comp_1302,LD1302,molar,-65.6653892698917,measured
Landolt_Dia_Comp_5660,LD5660,molar,-35.99759634927132,measured
Landolt_Para_Comp_3753,LP3753,molar,102.15314948151855,measured
Landolt_Para_Comp_1502,LP1502,molar,43.97499480318658,measured
Landolt_Dia_Comp_4797,LD4797,molar,-20.863348384219695,measured
Landolt_Para_Comp_3168,LP3168,molar,29.207677805443087,measured
Landolt_Dia_Comp_3400,LD3400,molar,-36.38864581826877,measured
Landolt_Dia_Comp_1100,LD1100,molar,-22.21078043834136,measured
Landolt_Para_Comp_5405,LP5405,molar,272.75707017908945,measured
Landolt_Para_Comp_5289,LP5289,molar,572.3067839841954,measured
Landolt_Para_Comp_1187,LP1187,molar,67.84950894184902,measured
Landolt_Dia_Comp_1300,LD1300,molar,-6.254387084036814,measured
Landolt_Para_Comp_4978,LP4978,molar,14.977574286949466,measured
Landolt_Para_Comp_2324,LP2324,molar,30.275045222543906,measured
Landolt_Dia_Comp_1439,LD1439,molar,-64.03830287271853,measured
Landolt_Dia_Comp_288,LD288,molar,-69.76725387817837,measured
Landolt_Para_Comp_4445,LP4445,molar,133.44024457683798,measured
Landolt_Dia_Comp_4159,LD4159,molar,-75.51255956668416,measured
Landolt_Para_Comp_3662,LP3662,molar,175.36824124889887,measured
Landolt_Dia_Comp_3084,LD3084,molar,-37.36724981906433,measured
Landolt_Para_Comp_282,LP282,molar,136.4503121568149,measured
Landolt_Dia_Comp_2437,LD2437,molar,-8.882015698086427,measured
Landolt_Dia_Comp_4398,LD4398,molar,-19.720219607163685,measured
Landolt_Dia_Comp_2285,LD2285,molar,-54.46701895610426,measured
Landolt_Dia_Comp_234,LD234,molar,-59.19188064934606,measured
Landolt_Dia_Comp_5622,LD5622,molar,-17.415840938907785,measured
Landolt_Para_Comp_2371,LP2371,molar,327.43659356032003,measured
Landolt_Para_Comp_1058,LP1058,molar,30.692047370181363,measured
Landolt_Para_Comp_2991,LP2991,molar,43.205392572243994,measured
Landolt_Dia_Comp_1991,LD1991,molar,-47.2185916784717,measured
Landolt_Para_Comp_5048,LP5048,molar,19.478999672849604,measured
Landolt_Para_Comp_2084,LP2084,molar,27.008814526094028,measured
Landolt_Dia_Comp_4065,LD4065,molar,-49.30264685247925,measured
Landolt_Para_Comp_193,LP193,molar,122.89252428662468,measured
Landolt_Para_Comp_3479,LP3479,molar,346.2224148540914,measured
Landolt_Para_Comp_3793,LP3793,molar,196.74308185709683,measured
Landolt_Dia_Comp_3378,LD3378,molar,-55.905266343952974,measured
Landolt_Para_Comp_5004,LP5004,molar,61.943860039353176,measured
Landolt_Dia_Comp_3394,LD3394,molar,-17.876691830144075,measured
Landolt_Dia_Comp_1319,LD1319,molar,-74.34788604178928,measured
Landolt_Para_Comp_574,LP574,molar,319.5823163078056,measured
Landolt_Dia_Comp_3678,LD3678,molar,-39.75570610690688,measured
Landolt_Dia_Comp_4036,LD4036,molar,-30.31283325602943,measured
Landolt_Dia_Comp_4973,LD4973,molar,-70.01552790732862,measured
Landolt_Dia_Comp_4638,LD4638,molar,-26.355195189646714,measured
Landolt_Dia_Comp_3131,LD3131,molar,-51.125818008914884,measured
Landolt_Dia_Comp_3618,LD3618,molar,-47.088448187677216,measured
Landolt_Para_Comp_105,LP105,molar,187.42951163496258,measured
Landolt_Dia_Comp_4063,LD4063,molar,-102.82293132332937,measured
Landolt_Dia_Comp_743,LD743,molar,-42.95612008404652,measured
Landolt_Para_Comp_1208,LP1208,molar,207.04539551923926,measured
Landolt_Para_Comp_709,LP709,molar,15.906257957393214,measured
Landolt_Dia_Comp_4213,LD4213,molar,-80.17922952949455,measured
Landolt_Dia_Comp_153,LD153,molar,-40.72305530071536,measured
Landolt_Para_Comp_5639,LP5639,molar,423.48665643485435,measured
Landolt_Para_Comp_1157,LP1157,molar,146.52098751581616,measured
Landolt_Dia_Comp_103,LD103,molar,-38.44113590299041,measured
Landolt_Para_Comp_505,LP505,molar,83.74488337386104,measured
Landolt_Para_Comp_3965,LP3965,molar,138.35104976687975,measured
Landolt_Para_Comp_2434,LP2434,molar,42.97399256200102,measured
Landolt_Para_Comp_120,LP120,molar,77.77837516142213,measured
Landolt_Para_Comp_5067,LP5067,molar,353.0404092845779,measured
Landolt_Para_Comp_3565,LP3565,molar,21.689634796857266,measured
Landolt_Para_Comp_5945,LP5945,molar,126.50685565584851,measured
Landolt_Para_Comp_2512,LP2512,molar,153.54014217827628,measured
Landolt_Dia_Comp_4094,LD4094,molar,-41.19081559626723,measured
Landolt_Dia_Comp_2708,LD2708,molar,-82.64099794162365,measured
Landolt_Dia_Comp_556,LD556,molar,-54.82448162163968,measured
Landolt_Para_Comp_845,LP845,molar,167.8146162956646,measured
Landolt_Para_Comp_1467,LP1467,molar,16.518475006941493,measured
Landolt_Dia_Comp_1893,LD1893,molar,-84.87367003479984,measured
Landolt_Dia_Comp_120,LD120,molar,-39.45084867286272,measured
Landolt_Para_Comp_4924,LP4924,molar,25.43098403689284,measured
Landolt_Dia_Comp_2146,LD2146,molar,-61.28821391991852,measured
Landolt_Dia_Comp_1745,LD1745,molar,-35.55039542862717,measured
Landolt_Para_Comp_2425,LP2425,molar,133.05694617629678,measured
Landolt_Para_Comp_4317,LP4317,molar,130.38103817301518,measured
Landolt_Dia_Comp_462,LD462,molar,-42.83750729391639,measured
Landolt_Para_Comp_5202,LP5202,molar,116.37275075123215,measured
Landolt_Dia_Comp_5567,LD5567,molar,-51.66397737661759,measured
Landolt_Para_Comp_2320,LP2320,molar,21.541103118704093,measured
Landolt_Para_Comp_1588,LP1588,molar,290.15335414392894,measured
Landolt_Dia_Comp_2173,LD2173,molar,-28.563532729676275,measured
Landolt_Dia_Comp_1397,LD1397,molar,-9.409944329551578,measured
Landolt_Para_Comp_1712,LP1712,molar,102.76861647806655,measured
Landolt_Dia_Comp_2498,LD2498,molar,-73.35618362309475,measured
Landolt_Dia_Comp_2184,LD2184,molar,-39.795508745294384,measured
Landolt_Dia_Comp_5063,LD5063,molar,-32.80568384912195,measured
Landolt_Para_Comp_702,LP702,molar,361.6302404405384,measured
Landolt_Para_Comp_154,LP154,molar,508.16251199535054,measured
Landolt_Para_Comp_2120,LP2120,molar,666.5306113820908,measured
Landolt_Para_Comp_4458,LP4458,molar,408.390698009177,measured
Landolt_Para_Comp_1719,LP1719,molar,88.82299799317603,measured
Landolt_Para_Comp_3148,LP3148,molar,28.805926456367114,measured
Landolt_Dia_Comp_4591,LD4591,molar,-51.66994658716117,measured
Landolt_Para_Comp_2089,LP2089,molar,286.7157109525146,measured
Landolt_Para_Comp_5179,LP5179,molar,21.5685043756591,measured
Landolt_Para_Comp_5799,LP5799,molar,127.21822815223796,measured
Landolt_Dia_Comp_4099,LD4099,molar,-78.01292426447982,measured
Landolt_Dia_Comp_5012,LD5012,molar,-32.48121862651711,measured
Landolt_Para_Comp_2864,LP2864,molar,17.45768871309695,measured
Landolt_Dia_Comp_2976,LD2976,molar,-70.62311105849673,measured
Landolt_Dia_Comp_2424,LD2424,molar,-53.97576394977419,measured
Landolt_Dia_Comp_1675,LD1675,molar,-44.435518564310506,measured
Landolt_Para_Comp_1767,LP1767,molar,97.93266804186212,measured
Landolt_Para_Comp_1716,LP1716,molar,147.07211926896375,measured
Landolt_Dia_Comp_2070,LD2070,molar,-19.60921326706184,measured
Landolt_Dia_Comp_1336,LD1336,molar,-68.72159779588503,measured
Landolt_Para_Comp_4920,LP4920,molar,399.0680343371839,measured
Landolt_Dia_Comp_657,LD657,molar,-34.861269975776196,measured
Landolt_Dia_Comp_3255,LD3255,molar,-88.01967689348496,measured
Landolt_Para_Comp_4768,LP4768,molar,70.63745162652522,measured
Landolt_Dia_Comp_4344,LD4344,molar,-57.928996565828164,measured
Landolt_Dia_Comp_1058,LD1058,molar,-79.23063314402005,measured
Landolt_Dia_Comp_4096,LD4096,molar,-54.55977447372086,measured
Landolt_Dia_Comp_2397,LD2397,molar,-41.692153752061984,measured
Landolt_Dia_Comp_3129,LD3129,molar,-55.095960152853024,measured
Landolt_Para_Comp_4075,LP4075,molar,76.18001674062697,measured
Landolt_Dia_Comp_667,LD667,molar,-47.235981673698916,measured
Landolt_Para_Comp_3175,LP3175,molar,31.589762502423152,measured
Landolt_Para_Comp_3892,LP3892,molar,214.7762202470124,measured
Landolt_Para_Comp_901,LP901,molar,273.59985316274265,measured
Landolt_Dia_Comp_1734,LD1734,molar,-44.17910035418252,measured
Landolt_Para_Comp_4196,LP4196,molar,170.25509170553673,measured
Landolt_Para_Comp_4146,LP4146,molar,79.87612561972833,measured
Landolt_Dia_Comp_4595,LD4595,molar,-66.02645268654031,measured
Landolt_Para_Comp_1488,LP1488,molar,174.92162307651267,measured
Landolt_Dia_Comp_3877,LD3877,molar,-60.92059253926165,measured
Landolt_Para_Comp_3072,LP3072,molar,195.2765706774631,measured
Landolt_Para_Comp_5479,LP5479,molar,180.25552686255475,measured
Landolt_Dia_Comp_654,LD654,molar,-54.91475223536618,measured
Landolt_Dia_Comp_4622,LD4622,molar,-47.74893223791999,measured
Landolt_Para_Comp_4015,LP4015,molar,13.065023918164664,measured
Landolt_Para_Comp_4315,LP4315,molar,173.80982526330607,measured
Landolt_Para_Comp_3841,LP3841,molar,140.85633394874807,measured
Landolt_Para_Comp_5855,LP5855,molar,43.983462549968486,measured
Landolt_Para_Comp_4969,LP4969,molar,85.9080984812813,measured
Landolt_Para_Comp_1218,LP1218,molar,46.731254867284775,measured
Landolt_Para_Comp_1924,LP1924,molar,109.90235909330026,measured
Landolt_Para_Comp_3890,LP3890,molar,32.56515924269586,measured
Landolt_Dia_Comp_3125,LD3125,molar,-56.366641753243336,measured
Landolt_Para_Comp_2428,LP2428,molar,184.33771263933957,measured
Landolt_Para_Comp_2030,LP2030,molar,73.40323342896409,measured
Landolt_Dia_Comp_3466,LD3466,molar,-23.80273721105601,measured
Landolt_Para_Comp_2308,LP2308,molar,130.09149264239136,measured
Landolt_Para_Comp_5314,LP5314,molar,64.02784560170385,measured
Landolt_Dia_Comp_5902,LD5902,molar,-37.02757557760439,measured
Landolt_Dia_Comp_2275,LD2275,molar,-83.0029997728039,measured
Landolt_Para_Comp_4190,LP4190,molar,132.0088983616199,measured
Landolt_Dia_Comp_1988,LD1988,molar,-63.34536909092867,measured
Landolt_Dia_Comp_2316,LD2316,molar,-36.746967447871164,measured
Landolt_Para_Comp_1974,LP1974,molar,45.15904724591027,measured
Landolt_Dia_Comp_5158,LD5158,molar,-32.87748462723327,measured
Landolt_Dia_Comp_2885,LD2885,molar,-45.145689047240694,measured
Landolt_Para_Comp_2254,LP2254,molar,110.9565043069888,measured
Landolt_Para_Comp_5353,LP5353,molar,284.84911813851255,measured
Landolt_Para_Comp_5139,LP5139,molar,154.73862791384528,measured
Landolt_Dia_Comp_2617,LD2617,molar,-51.97876099326067,measured
Landolt_Para_Comp_2446,LP2446,molar,129.69694955139715,measured
Landolt_Para_Comp_1910,LP1910,molar,44.959203411920605,measured
Landolt_Dia_Comp_4410,LD4410,molar,-46.63155739570962,measured
Landolt_Para_Comp_4561,LP4561,molar,327.7039124831431,measured
Landolt_Para_Comp_2373,LP2373,molar,22.600996515458178,measured
Landolt_Para_Comp_981,LP981,molar,278.7750608151179,measured
Landolt_Para_Comp_4534,LP4534,molar,12.688551184253363,measured
Landolt_Dia_Comp_5572,LD5572,molar,-86.19623580422765,measured
Landolt_Dia_Comp_549,LD549,molar,-59.63904628676435,measured
Landolt_Dia_Comp_1686,LD1686,molar,-41.904253996970546,measured
Landolt_Dia_Comp_5226,LD5226,molar,-72.11697951544224,measured
Landolt_Dia_Comp_4841,LD4841,molar,-34.80312428970883,measured
Landolt_Para_Comp_1973,LP1973,molar,232.69610158786216,measured
Landolt_Dia_Comp_5265,LD5265,molar,-29.302830793676446,measured
Landolt_Dia_Comp_433,LD433,molar,-56.04352908594308,measured
Landolt_Para_Comp_5765,LP5765,molar,293.5185810509334,measured
Landolt_Para_Comp_2385,LP2385,molar,64.30307764734113,measured
Landolt_Dia_Comp_2728,LD2728,molar,-46.74190770961062,measured
Landolt_Dia_Comp_3853,LD3853,molar,-54.37397451316051,measured
Landolt_Para_Comp_1611,LP1611,molar,113.4371413844097,measured
Landolt_Dia_Comp_367,LD367,molar,-32.635228331020286,measured
Landolt_Dia_Comp_2216,LD2216,molar,-44.93687292383949,measured
Landolt_Dia_Comp_3074,LD3074,molar,-29.961751337206408,measured
Landolt_Dia_Comp_5027,LD5027,molar,-13.596368767300987,measured
Landolt_Dia_Comp_2078,LD2078,molar,-70.46793574099578,measured
Landolt_Dia_Comp_2832,LD2832,molar,-44.0630665335213,measured
Landolt_Dia_Comp_4918,LD4918,molar,-39.39863327943158,measured
Landolt_Para_Comp_3687,LP3687,molar,59.78145992962459,measured
Landolt_Para_Comp_3493,LP3493,molar,348.30344692468526,measured
Landolt_Dia_Comp_3843,LD3843,molar,-62.84723389642903,measured
Landolt_Para_Comp_3025,LP3025,molar,47.496732506976365,measured
Landolt_Dia_Comp_3658,LD3658,molar,-62.51715477882414,measured
Landolt_Dia_Comp_2215,LD2215,molar,-82.23698802374284,measured
Landolt_Para_Comp_2905,LP2905,molar,114.1298581115184,measured
Landolt_Dia_Comp_2391,LD2391,molar,-75.04090100528593,measured
Landolt_Para_Comp_4608,LP4608,molar,54.449293811648275,measured
Landolt_Para_Comp_690,LP690,molar,96.05228255201004,measured
Landolt_Dia_Comp_1602,LD1602,molar,-60.33206444647838,measured
Landolt_Dia_Comp_2229,LD2229,molar,-56.00320134055121,measured
Landolt_Dia_Comp_3604,LD3604,molar,-10.790708118132137,measured
Landolt_Dia_Comp_3184,LD3184,molar,-30.027715979569212,measured
Landolt_Para_Comp_5450,LP5450,molar,125.13621498943449,measured
Landolt_Dia_Comp_2402,LD2402,molar,-82.31533915498491,measured
Landolt_Dia_Comp_728,LD728,molar,-68.12030234469688,measured
Landolt_Dia_Comp_2465,LD2465,molar,-24.045984209280988,measured
Landolt_Para_Comp_3236,LP3236,molar,223.26664963928033,measured
Landolt_Para_Comp_3549,LP3549,molar,254.43257780811646,measured
Landolt_Dia_Comp_4075,LD4075,molar,-42.208631555708884,measured
Landolt_Para_Comp_781,LP781,molar,183.9370068997403,measured
Landolt_Para_Comp_5265,LP5265,molar,11.835929931369268,measured
Landolt_Para_Comp_5713,LP5713,molar,18.26343404517889,measured
Landolt_Para_Comp_2763,LP2763,molar,199.53884588131544,measured
Landolt_Para_Comp_4612,LP4612,molar,56.09727500066403,measured
Landolt_Dia_Comp_3632,LD3632,molar,-28.520489792028943,measured
Landolt_Para_Comp_4154,LP4154,molar,200.6267930881509,measured
Landolt_Dia_Comp_1666,LD1666,molar,-25.750609176508625,measured
Landolt_Para_Comp_2490,LP2490,molar,173.16040269675432,measured
Landolt_Para_Comp_5883,LP5883,molar,46.268651019542475,measured
Landolt_Para_Comp_5448,LP5448,molar,163.34375187198685,measured
Landolt_Para_Comp_3294,LP3294,molar,42.208359488984804,measured
Landolt_Dia_Comp_4148,LD4148,molar,-52.90152725336964,measured
Landolt_Dia_Comp_5515,LD5515,molar,-1.0,measured
Landolt_Dia_Comp_350,LD350,molar,-41.26868275970723,measured
Landolt_Dia_Comp_3718,LD3718,molar,-18.096297110196275,measured
Landolt_Dia_Comp_1271,LD1271,molar,-36.000541210265624,measured
Landolt_Para_Comp_3913,LP3913,molar,246.49417113642775,measured
Landolt_Dia_Comp_1726,LD1726,molar,-45.12683735678175,measured
Landolt_Para_Comp_1440,LP1440,molar,16.82814340959321,measured
Landolt_Dia_Comp_4931,LD4931,molar,-39.34095788354421,measured
Landolt_Para_Comp_4479,LP4479,molar,289.6071456433788,measured
Landolt_Para_Comp_1550,LP1550,molar,135.36170968853423,measured
Landolt_Para_Comp_2681,LP2681,molar,279.61872719945177,measured
Landolt_Dia_Comp_2360,LD2360,molar,-80.10955942126921,measured
Landolt_Dia_Comp_1826,LD1826,molar,-32.6212256398846,measured
Landolt_Dia_Comp_2055,LD2055,molar,-49.94629476166963,measured
Landolt_Dia_Comp_4805,LD4805,molar,-32.64591851565609,measured
Landolt_Dia_Comp_1522,LD1522,molar,-41.52367415768302,measured
Landolt_Para_Comp_29,LP29,molar,288.12761176095654,measured
Landolt_Dia_Comp_3830,LD3830,molar,-45.477989130032476,measured
Landolt_Para_Comp_5345,LP5345,molar,386.1119944109791,measured
Landolt_Dia_Comp_5694,LD5694,molar,-1.0,measured
Landolt_Para_Comp_3592,LP3592,molar,101.12717527182795,measured
Landolt_Dia_Comp_3477,LD3477,molar,-58.80153135207824,measured
Landolt_Para_Comp_1321,LP1321,molar,55.30164416806672,measured
Landolt_Para_Comp_2979,LP2979,molar,41.52003239995233,measured
Landolt_Para_Comp_4698,LP4698,molar,206.96785755252859,measured
Landolt_Para_Comp_1331,LP1331,molar,293.3441395456114,measured
Landolt_Para_Comp_3060,LP3060,molar,264.06856938540346,measured
Landolt_Dia_Comp_2427,LD2427,molar,-71.69540855109369,measured
Landolt_Para_Comp_2225,LP2225,molar,31.855225899068184,measured
Landolt_Para_Comp_821,LP821,molar,179.34053974772897,measured
Landolt_Dia_Comp_2328,LD2328,molar,-32.87779245774989,measured
Landolt_Dia_Comp_2269,LD2269,molar,-74.84296649460151,measured
Landolt_Dia_Comp_1166,LD1166,molar,-66.27942196443935,measured
Landolt_Dia_Comp_3057,LD3057,molar,-32.00873487960774,measured
Landolt_Dia_Comp_489,LD489,molar,-48.52017574795114,measured
Landolt_Dia_Comp_5313,LD5313,molar,-41.06103579800575,measured
Landolt_Dia_Comp_1728,LD1728,molar,-67.45460000999151,measured
Landolt_Dia_Comp_5623,LD5623,molar,-39.30853880554621,measured
Landolt_Para_Comp_2533,LP2533,molar,17.30684587635093,measured
Landolt_Dia_Comp_1520,LD1520,molar,-55.68812534866811,measured
Landolt_Dia_Comp_863,LD863,molar,-74.7026449687816,measured
Landolt_Dia_Comp_315,LD315,molar,-67.12184885813677,measured
Landolt_Para_Comp_5490,LP5490,molar,89.4727391344555,measured
Landolt_Dia_Comp_2796,LD2796,molar,-91.72345568116643,measured
Landolt_Para_Comp_917,LP917,molar,64.5090681225796,measured
Landolt_Dia_Comp_4691,LD4691,molar,-53.3905213199642,measured
Landolt_Para_Comp_4704,LP4704,molar,84.06955153761915,measured
Landolt_Para_Comp_77,LP77,molar,348.6648560937729,measured
Landolt_Dia_Comp_2056,LD2056,molar,-57.704746977770334,measured
Landolt_Para_Comp_2132,LP2132,molar,132.67668654507276,measured
Landolt_Dia_Comp_4198,LD4198,molar,-70.50020730202502,measured
Landolt_Dia_Comp_1337,LD1337,molar,-32.48736146697223,measured
Landolt_Dia_Comp_2968,LD2968,molar,-46.236449757369606,measured
Landolt_Para_Comp_4085,LP4085,molar,107.0989242525307,measured
Landolt_Dia_Comp_3788,LD3788,molar,-50.89114047946716,measured
Landolt_Dia_Comp_4601,LD4601,molar,-53.16179021160028,measured
Landolt_Para_Comp_4040,LP4040,molar,103.44824420247939,measured
Landolt_Dia_Comp_365,LD365,molar,-36.971057070874544,measured
Landolt_Para_Comp_4424,LP4424,molar,241.02444964228326,measured
Landolt_Para_Comp_2551,LP2551,molar,124.49423016442616,measured
Landolt_Para_Comp_394,LP394,molar,47.743290079679575,measured
Landolt_Dia_Comp_4798,LD4798,molar,-13.577979102997887,measured
Landolt_Dia_Comp_3423,LD3423,molar,-98.41486685540755,measured
Landolt_Dia_Comp_3665,LD3665,molar,-26.484468452344665,measured
Landolt_Dia_Comp_2308,LD2308,molar,-36.62261535610744,measured
Landolt_Dia_Comp_824,LD824,molar,-43.65397751593109,measured
Landolt_Dia_Comp_184,LD184,molar,-28.70663893997468,measured
Landolt_Para_Comp_5034,LP5034,molar,43.984100190906005,measured
Landolt_Dia_Comp_2563,LD2563,molar,-46.02527525916714,measured
Landolt_Dia_Comp_5115,LD5115,molar,-65.10540876741624,measured
Landolt_Dia_Comp_3789,LD3789,molar,-41.933329938114355,measured
Landolt_Para_Comp_978,LP978,molar,138.68665632783853,measured
Landolt_Dia_Comp_3333,LD3333,molar,-61.335168945813464,measured
Landolt_Para_Comp_3,LP3,molar,42.622824787965214,measured
Landolt_Para_Comp_1372,LP1372,molar,27.327834835163163,measured
Landolt_Para_Comp_1273,LP1273,molar,22.317757554690033,measured
Landolt_Para_Comp_12,LP12,molar,243.65249219489792,measured
Landolt_Dia_Comp_2701,LD2701,molar,-58.14825696484792,measured
Landolt_Para_Comp_5041,LP5041,molar,149.51321728633823,measured
Landolt_Dia_Comp_2404,LD2404,molar,-32.691227079018944,measured
Landolt_Dia_Comp_3405,LD3405,molar,-89.71657002572164,measured
Landolt_Dia_Comp_1929,LD1929,molar,-47.50885073082545,measured
Landolt_Para_Comp_1616,LP1616,molar,73.10269055220199,measured
Landolt_Dia_Comp_553,LD553,molar,-57.256269534152324,measured
Landolt_Para_Comp_421,LP421,molar,324.2786189818521,measured
Landolt_Para_Comp_4463,LP4463,molar,65.58662210658828,measured
Landolt_Dia_Comp_5117,LD5117,molar,-32.01870665177966,measured
Landolt_Dia_Comp_1032,LD1032,molar,-31.228195628749617,measured
Landolt_Dia_Comp_2375,LD2375,molar,-61.126109754056735,measured
Landolt_Para_Comp_1806,LP1806,molar,144.497694957595,measured
Landolt_Para_Comp_4212,LP4212,molar,335.3008476713621,measured
Landolt_Para_Comp_2866,LP2866,molar,84.27410984660692,measured
Landolt_Dia_Comp_4058,LD4058,molar,-34.45727520403155,measured
Landolt_Dia_Comp_1511,LD1511,molar,-38.940430587218984,measured
Landolt_Dia_Comp_4348,LD4348,molar,-67.06839969968557,measured
Landolt_Para_Comp_4972,LP4972,molar,169.22336283500428,measured
Landolt_Para_Comp_1238,LP1238,molar,304.3987337941674,measured
Landolt_Para_Comp_5579,LP5579,molar,268.14637055723597,measured
Landolt_Dia_Comp_3101,LD3101,molar,-31.558601974973683,measured
Landolt_Para_Comp_1635,LP1635,molar,72.50139558104348,measured
Landolt_Para_Comp_1001,LP1001,molar,73.51511603030099,measured
Landolt_Dia_Comp_4105,LD4105,molar,-70.567450598137,measured
Landolt_Para_Comp_3340,LP3340,molar,178.3193743579901,measured
Landolt_Para_Comp_2082,LP2082,molar,477.7118084205363,measured
Landolt_Para_Comp_4049,LP4049,molar,53.79586120233527,measured
Landolt_Para_Comp_203,LP203,molar,115.0805667689113,measured
Landolt_Dia_Comp_565,LD565,molar,-67.72823296847608,measured
Landolt_Para_Comp_436,LP436,molar,73.17557413371904,measured
Landolt_Para_Comp_4672,LP4672,molar,193.99515811873053,measured
Landolt_Para_Comp_1561,LP1561,molar,244.65886617036983,measured
Landolt_Dia_Comp_5394,LD5394,molar,-30.582241470000522,measured
Landolt_Para_Comp_4936,LP4936,molar,182.55740086503545,measured
Landolt_Dia_Comp_119,LD119,molar,-36.666864874502295,measured
Landolt_Dia_Comp_2645,LD2645,molar,-65.3874570341243,measured
Landolt_Dia_Comp_3334,LD3334,molar,-76.92080360168703,measured
Landolt_Dia_Comp_1391,LD1391,molar,-45.182592413624405,measured
Landolt_Para_Comp_4460,LP4460,molar,29.420539630078583,measured
Landolt_Para_Comp_1562,LP1562,molar,12.621611499894343,measured
Landolt_Dia_Comp_1038,LD1038,molar,-10.764391789102696,measured
Landolt_Dia_Comp_166,LD166,molar,-57.71346259234141,measured
Landolt_Dia_Comp_2870,LD2870,molar,-41.790536299344375,measured
Landolt_Dia_Comp_5045,LD5045,molar,-47.75680414699408,measured
Landolt_Dia_Comp_5165,LD5165,molar,-51.93078071659437,measured
Landolt_Para_Comp_2054,LP2054,molar,665.0283648116836,measured
Landolt_Para_Comp_53,LP53,molar,48.70600627812292,measured
Landolt_Para_Comp_704,LP704,molar,80.44869251404627,measured
Landolt_Dia_Comp_3563,LD3563,molar,-63.33036973136117,measured
Landolt_Para_Comp_1755,LP1755,molar,11.896575660490392,measured
Landolt_Para_Comp_357,LP357,molar,53.90287612073341,measured
Landolt_Dia_Comp_5070,LD5070,molar,-91.10197678031687,measured
Landolt_Dia_Comp_2506,LD2506,molar,-74.57515487977805,measured
Landolt_Dia_Comp_4167,LD4167,molar,-63.006996237836034,measured
Landolt_Para_Comp_2593,LP2593,molar,330.59867479182213,measured
Landolt_Para_Comp_1252,LP1252,molar,240.58283755876252,measured
Landolt_Para_Comp_1477,LP1477,molar,54.00462645244526,measured
Landolt_Para_Comp_997,LP997,molar,528.3177068071567,measured
Landolt_Dia_Comp_1718,LD1718,molar,-42.415404521925716,measured
Landolt_Dia_Comp_970,LD970,molar,-63.38608304560774,measured
Landolt_Para_Comp_2321,LP2321,molar,13.674358754301672,measured
Landolt_Dia_Comp_1813,LD1813,molar,-50.90568132056861,measured
Landolt_Dia_Comp_2741,LD2741,molar,-11.682583908702263,measured
Landolt_Dia_Comp_2992,LD2992,molar,-42.74230134092279,measured
Landolt_Para_Comp_5184,LP5184,molar,16.631334169246774,measured
Landolt_Para_Comp_2985,LP2985,molar,30.323495870944086,measured
Landolt_Para_Comp_4499,LP4499,molar,117.13114867708804,measured
Landolt_Para_Comp_4739,LP4739,molar,224.71661829231377,measured
Landolt_Dia_Comp_5999,LD5999,molar,-47.35268963164505,measured
Landolt_Dia_Comp_1273,LD1273,molar,-28.329952513465784,measured
Landolt_Dia_Comp_338,LD338,molar,-53.66670272216237,measured
Landolt_Para_Comp_1064,LP1064,molar,296.8590489556695,measured
Landolt_Dia_Comp_2773,LD2773,molar,-43.637575515147745,measured
Landolt_Para_Comp_2184,LP2184,molar,86.92090615092079,measured
Landolt_Para_Comp_186,LP186,molar,228.2071842136804,measured
Landolt_Dia_Comp_1946,LD1946,molar,-46.78411339063747,measured
Landolt_Dia_Comp_1131,LD1131,molar,-80.2882850088329,measured
Landolt_Para_Comp_924,LP924,molar,215.64576140842067,measured
Landolt_Dia_Comp_1798,LD1798,molar,-70.28917360485056,measured
Landolt_Para_Comp_260,LP260,molar,239.43303662840611,measured
Landolt_Dia_Comp_5799,LD5799,molar,-46.25012374807346,measured
Landolt_Para_Comp_3502,LP3502,molar,165.09905231848964,measured
Landolt_Dia_Comp_5364,LD5364,molar,-58.79154524312597,measured
Landolt_Dia_Comp_4871,LD4871,molar,-72.45964980012482,measured
Landolt_Dia_Comp_5113,LD5113,molar,-71.13606830749356,measured
Landolt_Dia_Comp_2319,LD2319,molar,-57.708348004457925,measured
Landolt_Dia_Comp_1053,LD1053,molar,-47.9674797616242,measured
Landolt_Dia_Comp_5160,LD5160,molar,-61.65654530902761,measured
Landolt_Para_Comp_3539,LP3539,molar,85.26881752216116,measured
Landolt_Para_Comp_1044,LP1044,molar,91.96411637669533,measured
Landolt_Dia_Comp_3648,LD3648,molar,-61.85158178036835,measured
Landolt_Dia_Comp_2903,LD2903,molar,-40.203366298096086,measured
Landolt_Para_Comp_1601,LP1601,molar,46.738416508503455,measured
Landolt_Para_Comp_3385,LP3385,molar,37.786920817050806,measured
Landolt_Dia_Comp_2162,LD2162,molar,-67.70067468211025,measured
Landolt_Para_Comp_5749,LP5749,molar,107.0764945091192,measured
Landolt_Para_Comp_2801,LP2801,molar,160.91114561702096,measured
Landolt_Para_Comp_4521,LP4521,molar,27.03306133508517,measured
Landolt_Dia_Comp_4419,LD4419,molar,-63.94831442955388,measured
Landolt_Para_Comp_2634,LP2634,molar,222.90202451232588,measured
Landolt_Para_Comp_1173,LP1173,molar,347.4083727701566,measured
Landolt_Para_Comp_2269,LP2269,molar,175.46941992404567,measured
Landolt_Dia_Comp_1923,LD1923,molar,-26.9350636719587,measured
Landolt_Dia_Comp_4298,LD4298,molar,-72.60242427083611,measured
Landolt_Dia_Comp_169,LD169,molar,-21.401161012966732,measured
Landolt_Para_Comp_4708,LP4708,molar,35.92353713570929,measured
Landolt_Dia_Comp_5390,LD5390,molar,-1.0,measured
Landolt_Dia_Comp_4381,LD4381,molar,-49.32713060099299,measured
Landolt_Dia_Comp_5797,LD5797,molar,-60.69474506396159,measured
Landolt_Dia_Comp_36,LD36,molar,-88.65075314062773,measured
Landolt_Para_Comp_127,LP127,molar,72.11748416983784,measured
Landolt_Dia_Comp_5083,LD5083,molar,-26.673314461438693,measured
Landolt_Dia_Comp_1604,LD1604,molar,-48.08287901138321,measured
Landolt_Dia_Comp_5398,LD5398,molar,-65.73932272756821,measured
Landolt_Dia_Comp_5371,LD5371,molar,-17.209804509239618,measured
Landolt_Para_Comp_4277,LP4277,molar,278.56992115320725,measured
Landolt_Dia_Comp_3753,LD3753,molar,-62.109024464673155,measured
Landolt_Dia_Comp_5555,LD5555,molar,-97.32249176400269,measured
Landolt_Para_Comp_5399,LP5399,molar,197.84948164797513,measured
Landolt_Para_Comp_2099,LP2099,molar,577.5566408318132,measured
Landolt_Dia_Comp_3983,LD3983,molar,-55.59149353422288,measured
Landolt_Para_Comp_1681,LP1681,molar,242.24306647232095,measured
Landolt_Dia_Comp_1612,LD1612,molar,-38.375901184718685,measured
Landolt_Para_Comp_4625,LP4625,molar,332.0239251898465,measured
Landolt_Dia_Comp_1377,LD1377,molar,-63.94286715538209,measured
Landolt_Dia_Comp_3557,LD3557,molar,-49.419775382054034,measured
Landolt_Dia_Comp_1386,LD1386,molar,-72.79674944480067,measured
Landolt_Para_Comp_4382,LP4382,molar,34.19610736653661,measured
Landolt_Dia_Comp_3785,LD3785,molar,-33.985327167449796,measured
Landolt_Para_Comp_4855,LP4855,molar,73.58144060053468,measured
Landolt_Para_Comp_977,LP977,molar,495.31171532152376,measured
Landolt_Para_Comp_3522,LP3522,molar,213.05935461650435,measured
Landolt_Para_Comp_5040,LP5040,molar,153.86061792909823,measured
Landolt_Dia_Comp_2100,LD2100,molar,-66.55966779834309,measured
Landolt_Para_Comp_3597,LP3597,molar,444.09974424432244,measured
Landolt_Dia_Comp_3613,LD3613,molar,-52.943242852425755,measured
Landolt_Dia_Comp_3407,LD3407,molar,-48.81338903786671,measured
Landolt_Dia_Comp_2896,LD2896,molar,-44.36308418763552,measured
Landolt_Dia_Comp_939,LD939,molar,-70.67705917201782,measured
Landolt_Para_Comp_1077,LP1077,molar,18.771861289038124,measured
Landolt_Para_Comp_5253,LP5253,molar,47.900765782201105,measured
Landolt_Para_Comp_5779,LP5779,molar,288.92260238752215,measured
Landolt_Dia_Comp_2406,LD2406,molar,-53.36092490089933,measured
Landolt_Para_Comp_3355,LP3355,molar,321.74776260459913,measured
Landolt_Para_Comp_1167,LP1167,molar,64.88847252297072,measured
Landolt_Dia_Comp_602,LD602,molar,-21.638443264415322,measured
Landolt_Para_Comp_2057,LP2057,molar,161.62588341968436,measured
Landolt_Para_Comp_2157,LP2157,molar,50.85504353445305,measured
Landolt_Para_Comp_1820,LP1820,molar,650.7109794968669,measured
Landolt_Dia_Comp_4502,LD4502,molar,-67.40834744283684,measured
Landolt_Dia_Comp_204,LD204,molar,-41.2764985663551,measured
Landolt_Dia_Comp_4383,LD4383,molar,-64.9124636286022,measured
Landolt_Dia_Comp_464,LD464,molar,-62.73828210193598,measured
Landolt_Para_Comp_3002,LP3002,molar,45.18663278533468,measured
Landolt_Para_Comp_2024,LP2024,molar,52.08328415480878,measured
Landolt_Para_Comp_5061,LP5061,molar,37.459739658945544,measured
Landolt_Dia_Comp_3164,LD3164,molar,-44.01547736696696,measured
Landolt_Para_Comp_5002,LP5002,molar,36.99909238053287,measured
Landolt_Para_Comp_4880,LP4880,molar,83.44128440129157,measured
Landolt_Para_Comp_1761,LP1761,molar,258.0306218304046,measured
Landolt_Para_Comp_1247,LP1247,molar,199.57626696018332,measured
Landolt_Para_Comp_752,LP752,molar,81.54258448781827,measured
Landolt_Dia_Comp_1618,LD1618,molar,-57.98566332995101,measured
Landolt_Para_Comp_2842,LP2842,molar,178.73188244983626,measured
Landolt_Para_Comp_4366,LP4366,molar,24.506660350142482,measured
Landolt_Dia_Comp_1591,LD1591,molar,-33.532557991484424,measured
Landolt_Para_Comp_4744,LP4744,molar,103.12839119100978,measured
Landolt_Para_Comp_5831,LP5831,molar,163.60398917656195,measured
Landolt_Dia_Comp_2990,LD2990,molar,-64.53332977294227,measured
Landolt_Para_Comp_3011,LP3011,molar,224.95701334991762,measured
Landolt_Para_Comp_5187,LP5187,molar,168.51279408243428,measured
Landolt_Dia_Comp_4921,LD4921,molar,-52.44229786287217,measured
Landolt_Dia_Comp_3231,LD3231,molar,-30.258071190173904,measured
Landolt_Dia_Comp_2694,LD2694,molar,-69.67691561540528,measured
Landolt_Dia_Comp_1968,LD1968,molar,-48.72160065723528,measured
Landolt_Dia_Comp_3254,LD3254,molar,-23.13861500242561,measured
Landolt_Dia_Comp_4041,LD4041,molar,-70.70251875099098,measured
Landolt_Dia_Comp_2849,LD2849,molar,-68.41346778955241,measured
Landolt_Dia_Comp_834,LD834,molar,-60.97281633960576,measured
Landolt_Para_Comp_767,LP767,molar,367.9992287629049,measured
Landolt_Dia_Comp_2504,LD2504,molar,-57.207703920231985,measured
Landolt_Dia_Comp_3001,LD3001,molar,-36.62895192880848,measured
Landolt_Para_Comp_2997,LP2997,molar,24.87664132462916,measured
Landolt_Para_Comp_1053,LP1053,molar,19.657563247269316,measured
Landolt_Dia_Comp_3267,LD3267,molar,-69.69048519268472,measured
Landolt_Para_Comp_5628,LP5628,molar,122.20547448555982,measured
Landolt_Para_Comp_2061,LP2061,molar,413.3480993146397,measured
Landolt_Dia_Comp_1120,LD1120,molar,-67.63954728900227,measured
Landolt_Para_Comp_4842,LP4842,molar,376.0439281420805,measured
Landolt_Dia_Comp_5058,LD5058,molar,-47.947619580445405,measured
Landolt_Para_Comp_264,LP264,molar,395.03423781503375,measured
Landolt_Para_Comp_1259,LP1259,molar,335.2013764089631,measured
Landolt_Para_Comp_1264,LP1264,molar,78.63526099533593,measured
Landolt_Para_Comp_122,LP122,molar,21.420369249503743,measured
Landolt_Para_Comp_5556,LP5556,molar,69.01383126792553,measured
Landolt_Dia_Comp_1480,LD1480,molar,-59.735797310094384,measured
Landolt_Dia_Comp_2177,LD2177,molar,-48.265725192974045,measured
Landolt_Para_Comp_2325,LP2325,molar,255.9759012808663,measured
Landolt_Dia_Comp_3065,LD3065,molar,-70.45462292969808,measured
Landolt_Para_Comp_805,LP805,molar,316.0399316760708,measured
Landolt_Dia_Comp_5990,LD5990,molar,-81.41861232281451,measured
Landolt_Para_Comp_4702,LP4702,molar,409.1081453889156,measured
Landolt_Para_Comp_4038,LP4038,molar,91.23039769706617,measured
Landolt_Para_Comp_1529,LP1529,molar,132.88512132200952,measured
Landolt_Para_Comp_2863,LP2863,molar,531.5589724264211,measured
Landolt_Dia_Comp_3533,LD3533,molar,-64.91369296927166,measured
Landolt_Para_Comp_720,LP720,molar,59.093546594932974,measured
Landolt_Para_Comp_4225,LP4225,molar,175.70906490218488,measured
Landolt_Dia_Comp_4266,LD4266,molar,-39.82523248922536,measured
Landolt_Para_Comp_5195,LP5195,molar,47.64100438409625,measured
Landolt_Para_Comp_5204,LP5204,molar,90.16434270737925,measured
Landolt_Dia_Comp_5985,LD5985,molar,-77.36627582603435,measured
Landolt_Para_Comp_4046,LP4046,molar,364.0748380998612,measured
Landolt_Dia_Comp_1007,LD1007,molar,-10.228532359016043,measured
Landolt_Dia_Comp_5517,LD5517,molar,-57.20435408033316,measured
Landolt_Para_Comp_236,LP236,molar,23.549268161377,measured
Landolt_Para_Comp_27,LP27,molar,319.17384652199706,measured
Landolt_Dia_Comp_3512,LD3512,molar,-58.096590854968,measured
Landolt_Para_Comp_1107,LP1107,molar,517.1294803013413,measured
Landolt_Dia_Comp_2105,LD2105,molar,-52.7668989039322,measured
Landolt_Para_Comp_1220,LP1220,molar,59.651257389174674,measured
Landolt_Para_Comp_5890,LP5890,molar,229.11557189978134,measured
Landolt_Dia_Comp_2159,LD2159,molar,-45.92602735074767,measured
Landolt_Para_Comp_2458,LP2458,molar,41.616120318048075,measured
Landolt_Para_Comp_5101,LP5101,molar,274.4835599461753,measured
Landolt_Para_Comp_4306,LP4306,molar,158.12808872025138,measured
Landolt_Dia_Comp_2386,LD2386,molar,-57.62618465524508,measured
Landolt_Para_Comp_453,LP453,molar,27.390448890656362,measured
Landolt_Para_Comp_1068,LP1068,molar,307.11921447304496,measured
Landolt_Para_Comp_5452,LP5452,molar,93.9873501401929,measured
Landolt_Dia_Comp_3226,LD3226,molar,-28.418759004009793,measured
Landolt_Dia_Comp_5549,LD5549,molar,-53.34907516215818,measured
Landolt_Para_Comp_2093,LP2093,molar,62.415484892557195,measured
Landolt_Para_Comp_1845,LP1845,molar,46.449125918005336,measured
Landolt_Para_Comp_5503,LP5503,molar,143.59472135136775,measured
Landolt_Para_Comp_5239,LP5239,molar,107.25381119780666,measured
Landolt_Para_Comp_5373,LP5373,molar,47.8177223098698,measured
Landolt_Dia_Comp_3202,LD3202,molar,-43.45798066358563,measured
Landolt_Para_Comp_3451,LP3451,molar,101.98216836409377,measured
Landolt_Dia_Comp_1321,LD1321,molar,-38.739734920379014,measured
Landolt_Dia_Comp_3426,LD3426,molar,-90.76301410032588,measured
Landolt_Para_Comp_1812,LP1812,molar,31.892057371087784,measured
Landolt_Dia_Comp_4942,LD4942,molar,-61.39341477269241,measured
Landolt_Para_Comp_4004,LP4004,molar,493.2131770872172,measured
Landolt_Para_Comp_4748,LP4748,molar,88.1776505624766,measured
Landolt_Dia_Comp_4901,LD4901,molar,-54.3456446692691,measured
Landolt_Para_Comp_4519,LP4519,molar,313.1591149974085,measured
Landolt_Dia_Comp_3871,LD3871,molar,-49.3532232486298,measured
Landolt_Dia_Comp_2249,LD2249,molar,-36.09989130198772,measured
Landolt_Para_Comp_4186,LP4186,molar,159.52801171195378,measured
Landolt_Dia_Comp_3257,LD3257,molar,-44.935699849131964,measured
Landolt_Dia_Comp_4698,LD4698,molar,-78.24277192086186,measured
Landolt_Para_Comp_144,LP144,molar,103.40649675958156,measured
Landolt_Dia_Comp_3213,LD3213,molar,-58.26761636044478,measured
Landolt_Para_Comp_855,LP855,molar,48.19296985973292,measured
Landolt_Dia_Comp_2025,LD2025,molar,-107.20329467518394,measured
Landolt_Dia_Comp_3743,LD3743,molar,-58.02468149104102,measured
Landolt_Para_Comp_3170,LP3170,molar,283.4275008278387,measured
Landolt_Para_Comp_716,LP716,molar,96.28853230755121,measured
Landolt_Dia_Comp_2698,LD2698,molar,-69.02516385459417,measured
Landolt_Para_Comp_4528,LP4528,molar,162.58533526488566,measured
Landolt_Para_Comp_5671,LP5671,molar,29.210542766837925,measured
Landolt_Dia_Comp_480,LD480,molar,-72.30756307659169,measured
Landolt_Dia_Comp_5648,LD5648,molar,-69.27686237126909,measured
Landolt_Dia_Comp_3692,LD3692,molar,-65.0363804144403,measured
Landolt_Para_Comp_4423,LP4423,molar,147.7682592118596,measured
Landolt_Para_Comp_807,LP807,molar,12.542446073416336,measured
Landolt_Para_Comp_5063,LP5063,molar,71.75229622950653,measured
Landolt_Dia_Comp_3550,LD3550,molar,-53.965975792003874,measured
Landolt_Para_Comp_2301,LP2301,molar,450.7961940028249,measured
Landolt_Dia_Comp_3474,LD3474,molar,-64.74095823950596,measured
Landolt_Dia_Comp_1815,LD1815,molar,-59.29540570728125,measured
Landolt_Para_Comp_438,LP438,molar,47.11912912694514,measured
Landolt_Para_Comp_4861,LP4861,molar,69.21449590049727,measured
Landolt_Dia_Comp_5745,LD5745,molar,-49.32899405081996,measured
Landolt_Para_Comp_4110,LP4110,molar,14.285652560936784,measured
Landolt_Dia_Comp_405,LD405,molar,-47.71587455590821,measured
Landolt_Para_Comp_4724,LP4724,molar,175.2423284795139,measured
Landolt_Dia_Comp_2027,LD2027,molar,-40.23305955629058,measured
Landolt_Dia_Comp_1592,LD1592,molar,-62.49526861959505,measured
Landolt_Dia_Comp_5254,LD5254,molar,-72.55776322059901,measured
Landolt_Para_Comp_218,LP218,molar,101.88151683057116,measured
Landolt_Para_Comp_3046,LP3046,molar,150.20805273144168,measured
Landolt_Para_Comp_5818,LP5818,molar,415.0066332969321,measured
Landolt_Dia_Comp_3976,LD3976,molar,-5.711028583460774,measured
Landolt_Para_Comp_5581,LP5581,molar,317.1735606328951,measured
Landolt_Dia_Comp_446,LD446,molar,-75.25289816272095,measured
Landolt_Para_Comp_240,LP240,molar,72.70977121767997,measured
Landolt_Dia_Comp_2837,LD2837,molar,-40.42012952976617,measured
Landolt_Dia_Comp_5880,LD5880,molar,-41.661122666715485,measured
Landolt_Para_Comp_5976,LP5976,molar,58.15752252698519,measured
Landolt_Para_Comp_813,LP813,molar,144.29732940475168,measured
Landolt_Para_Comp_2171,LP2171,molar,481.5847114214469,measured
Landolt_Dia_Comp_4843,LD4843,molar,-57.411809573405236,measured
Landolt_Dia_Comp_5384,LD5384,molar,-36.5388697882554,measured
Landolt_Para_Comp_3807,LP3807,molar,38.71083943976616,measured
Landolt_Para_Comp_3095,LP3095,molar,224.30254058332437,measured
Landolt_Para_Comp_4102,LP4102,molar,68.01623216505868,measured
Landolt_Dia_Comp_5930,LD5930,molar,-101.14456758822969,measured
Landolt_Dia_Comp_3947,LD3947,molar,-59.67982856861346,measured
Landolt_Dia_Comp_2614,LD2614,molar,-25.670848814006607,measured
Landolt_Dia_Comp_2274,LD2274,molar,-80.0239437133961,measured
Landolt_Para_Comp_117,LP117,molar,34.25554913613542,measured
Landolt_Dia_Comp_4732,LD4732,molar,-48.848974162159934,measured
Landolt_Para_Comp_3868,LP3868,molar,527.7927358040124,measured
Landolt_Dia_Comp_2248,LD2248,molar,-43.96902053038923,measured
Landolt_Dia_Comp_1620,LD1620,molar,-68.00636606965759,measured
Landolt_Dia_Comp_5541,LD5541,molar,-41.88295539708573,measured
Landolt_Para_Comp_2402,LP2402,molar,100.90814485598933,measured
Landolt_Para_Comp_1139,LP1139,molar,10.533718622387694,measured
Landolt_Dia_Comp_1631,LD1631,molar,-67.63570574760945,measured
Landolt_Dia_Comp_1012,LD1012,molar,-77.53732987132915,measured
Landolt_Para_Comp_5996,LP5996,molar,15.401719420808273,measured
Landolt_Para_Comp_4484,LP4484,molar,29.20449952071238,measured
Landolt_Para_Comp_95,LP95,molar,65.90542604441488,measured
Landolt_Dia_Comp_812,LD812,molar,-85.12673144047245,measured
Landolt_Dia_Comp_3805,LD3805,molar,-54.91202863850483,measured
Landolt_Dia_Comp_3002,LD3002,molar,-50.052524339742206,measured
Landolt_Dia_Comp_4896,LD4896,molar,-62.681991082548215,measured
Landolt_Dia_Comp_3631,LD3631,molar,-65.64191133778691,measured
Landolt_Para_Comp_3591,LP3591,molar,336.5778538446405,measured
Landolt_Para_Comp_3582,LP3582,molar,275.4326886455891,measured
Landolt_Para_Comp_3128,LP3128,molar,566.8794599528635,measured
Landolt_Dia_Comp_1206,LD1206,molar,-54.41701452459191,measured
Landolt_Dia_Comp_4756,LD4756,molar,-79.37302328160975,measured
Landolt_Dia_Comp_5497,LD5497,molar,-37.540384815273,measured
Landolt_Para_Comp_210,LP210,molar,64.19132782834268,measured
Landolt_Para_Comp_1822,LP1822,molar,23.637357784779066,measured
Landolt_Para_Comp_618,LP618,molar,130.0902741369412,measured
Landolt_Para_Comp_3455,LP3455,molar,195.22864860096345,measured
Landolt_Dia_Comp_4739,LD4739,molar,-83.22843597331115,measured
Landolt_Dia_Comp_3688,LD3688,molar,-49.3366495167657,measured
Landolt_Para_Comp_2158,LP2158,molar,138.99158320517256,measured
Landolt_Para_Comp_4926,LP4926,molar,234.7082419900623,measured
Landolt_Dia_Comp_1292,LD1292,molar,-29.872654014807296,measured
Landolt_Para_Comp_1127,LP1127,molar,156.0750453927022,measured
Landolt_Dia_Comp_798,LD798,molar,-60.11258911216834,measured
Landolt_Para_Comp_5592,LP5592,molar,68.7769172451192,measured
Landolt_Dia_Comp_3210,LD3210,molar,-91.61414283030818,measured
Landolt_Para_Comp_4078,LP4078,molar,142.40375796323153,measured
Landolt_Dia_Comp_3879,LD3879,molar,-60.57588194899367,measured
Landolt_Para_Comp_2437,LP2437,molar,42.6787257851138,measured
Landolt_Para_Comp_4138,LP4138,molar,28.86374593422983,measured
Landolt_Dia_Comp_5693,LD5693,molar,-38.31467215593175,measured
Landolt_Para_Comp_3081,LP3081,molar,284.94312353014413,measured
Landolt_Para_Comp_2853,LP2853,molar,41.89034627337132,measured
Landolt_Para_Comp_5311,LP5311,molar,182.85375179382243,measured
Landolt_Dia_Comp_3343,LD3343,molar,-52.816938354071375,measured
Landolt_Para_Comp_3684,LP3684,molar,82.58137723466962,measured
Landolt_Para_Comp_4140,LP4140,molar,451.056677906883,measured
Landolt_Para_Comp_1777,LP1777,molar,750.2540820384517,measured
Landolt_Dia_Comp_1089,LD1089,molar,-50.403023737093896,measured
Landolt_Para_Comp_3577,LP3577,molar,561.7622448264367,measured
Landolt_Dia_Comp_1496,LD1496,molar,-57.23211399072667,measured
Landolt_Dia_Comp_5343,LD5343,molar,-30.96176618647678,measured
Landolt_Dia_Comp_2984,LD2984,molar,-64.89742074792129,measured
Landolt_Para_Comp_1307,LP1307,molar,162.79465362307047,measured
Landolt_Dia_Comp_2611,LD2611,molar,-51.03811496279714,measured
Landolt_Dia_Comp_2560,LD2560,molar,-64.17255684093853,measured
Landolt_Dia_Comp_1885,LD1885,molar,-80.5823185431758,measured
Landolt_Para_Comp_936,LP936,molar,749.1591770981685,measured
Landolt_Para_Comp_2108,LP2108,molar,237.31782686072737,measured
Landolt_Dia_Comp_1316,LD1316,molar,-72.99377513208393,measured
Landolt_Dia_Comp_4181,LD4181,molar,-28.452991305319557,measured
Landolt_Para_Comp_5306,LP5306,molar,36.736599051191305,measured
Landolt_Dia_Comp_2266,LD2266,molar,-47.92787951449836,measured
Landolt_Dia_Comp_3000,LD3000,molar,-54.51374738145958,measured
Landolt_Dia_Comp_2235,LD2235,molar,-75.79238360238503,measured
Landolt_Dia_Comp_3470,LD3470,molar,-27.281635908570756,measured
Landolt_Para_Comp_642,LP642,molar,324.0781744109423,measured
Landolt_Dia_Comp_4598,LD4598,molar,-74.82178255847292,measured
Landolt_Para_Comp_4437,LP4437,molar,179.56881218767208,measured
Landolt_Para_Comp_3454,LP3454,molar,75.58975478335157,measured
Landolt_Para_Comp_540,LP540,molar,301.75231485859786,measured
Landolt_Para_Comp_4191,LP4191,molar,18.87135754229481,measured
Landolt_Dia_Comp_1851,LD1851,molar,-66.3708859503446,measured
Landolt_Para_Comp_4280,LP4280,molar,135.82447618040868,measured
Landolt_Para_Comp_4296,LP4296,molar,91.79968965904155,measured
Landolt_Dia_Comp_5135,LD5135,molar,-35.06582803746217,measured
Landolt_Para_Comp_3889,LP3889,molar,184.0411595849656,measured
Landolt_Dia_Comp_3262,LD3262,molar,-5.399212745295365,measured
Landolt_Dia_Comp_5145,LD5145,molar,-19.10532876039489,measured
Landolt_Para_Comp_824,LP824,molar,294.2099664842228,measured
Landolt_Para_Comp_2766,LP2766,molar,339.8435428654147,measured
Landolt_Para_Comp_2990,LP2990,molar,50.62302996995637,measured
Landolt_Para_Comp_3942,LP3942,molar,276.3710758350083,measured
Landolt_Dia_Comp_2569,LD2569,molar,-36.20067075724216,measured
Landolt_Dia_Comp_1816,LD1816,molar,-72.3904817586729,measured
Landolt_Para_Comp_2357,LP2357,molar,244.80440543929475,measured
Landolt_Para_Comp_5721,LP5721,molar,270.8331347854673,measured
Landolt_Dia_Comp_4166,LD4166,molar,-57.149049806664735,measured
Landolt_Dia_Comp_1868,LD1868,molar,-41.92673357589534,measured
Landolt_Dia_Comp_1260,LD1260,molar,-44.567107155321935,measured
Landolt_Para_Comp_4688,LP4688,molar,99.71870711240956,measured
Landolt_Para_Comp_352,LP352,molar,284.4845539825465,measured
Landolt_Dia_Comp_1037,LD1037,molar,-34.60132106018148,measured
Landolt_Para_Comp_414,LP414,molar,605.0388128500982,measured
Landolt_Dia_Comp_4928,LD4928,molar,-63.139320885298645,measured
Landolt_Dia_Comp_55,LD55,molar,-61.81756273698088,measured
Landolt_Para_Comp_3581,LP3581,molar,201.1046612270159,measured
Landolt_Dia_Comp_1143,LD1143,molar,-82.37162338782579,measured
Landolt_Dia_Comp_4129,LD4129,molar,-74.11913956078583,measured
Landolt_Dia_Comp_4100,LD4100,molar,-27.360068298397202,measured
Landolt_Para_Comp_2633,LP2633,molar,12.965215283328575,measured
Landolt_Dia_Comp_2898,LD2898,molar,-55.75756148069869,measured
Landolt_Para_Comp_82,LP82,molar,128.09668984739105,measured
Landolt_Dia_Comp_1387,LD1387,molar,-40.599774418478916,measured
Landolt_Dia_Comp_1678,LD1678,molar,-70.12140426384718,measured
Landolt_Para_Comp_1997,LP1997,molar,40.61473693739126,measured
Landolt_Dia_Comp_2423,LD2423,molar,-45.31045133706343,measured
Landolt_Dia_Comp_310,LD310,molar,-41.19560245811878,measured
Landolt_Para_Comp_4604,LP4604,molar,683.0238705589214,measured
Landolt_Para_Comp_2908,LP2908,molar,152.64462758910025,measured
Landolt_Dia_Comp_1768,LD1768,molar,-47.296676781826214,measured
Landolt_Dia_Comp_2551,LD2551,molar,-38.09334335486083,measured
Landolt_Dia_Comp_1308,LD1308,molar,-74.94730677497259,measured
Landolt_Dia_Comp_2706,LD2706,molar,-43.82506791067239,measured
Landolt_Dia_Comp_4334,LD4334,molar,-78.37125958525189,measured
Landolt_Dia_Comp_443,LD443,molar,-49.713763148020554,measured
Landolt_Para_Comp_2660,LP2660,molar,171.5663603133643,measured
Landolt_Para_Comp_3401,LP3401,molar,76.15405987882316,measured
Landolt_Dia_Comp_3134,LD3134,molar,-37.85958911609514,measured
Landolt_Para_Comp_2441,LP2441,molar,184.81755349511477,measured
Landolt_Para_Comp_4681,LP4681,molar,12.65536823812687,measured
Landolt_Para_Comp_3526,LP3526,molar,159.4252172409338,measured
Landolt_Dia_Comp_2153,LD2153,molar,-85.40778399724792,measured
Landolt_Dia_Comp_1746,LD1746,molar,-62.83284504530606,measured
Landolt_Para_Comp_3330,LP3330,molar,54.71806253943287,measured
Landolt_Para_Comp_714,LP714,molar,218.31136625311268,measured
Landolt_Para_Comp_1664,LP1664,molar,77.3486707722072,measured
Landolt_Para_Comp_134,LP134,molar,397.0265920850083,measured
Landolt_Dia_Comp_2557,LD2557,molar,-69.05757835852951,measured
Landolt_Para_Comp_5552,LP5552,molar,207.9832183606213,measured
Landolt_Para_Comp_3644,LP3644,molar,140.89655749415746,measured
Landolt_Dia_Comp_1975,LD1975,molar,-67.82090402325211,measured
Landolt_Para_Comp_356,LP356,molar,112.9222085527351,measured
Landolt_Para_Comp_2511,LP2511,molar,173.5035705321113,measured
Landolt_Para_Comp_1320,LP1320,molar,103.59812487382632,measured
Landolt_Dia_Comp_1455,LD1455,molar,-84.13227443461281,measured
Landolt_Dia_Comp_5960,LD5960,molar,-57.8992309719573,measured
Landolt_Dia_Comp_5687,LD5687,molar,-18.859049525963204,measured
Landolt_Dia_Comp_5036,LD5036,molar,-40.389542868051024,measured
Landolt_Dia_Comp_5952,LD5952,molar,-68.75564765202866,measured
Landolt_Para_Comp_2642,LP2642,molar,150.52509719595025,measured
Landolt_Dia_Comp_527,LD527,molar,-38.83487487044918,measured
Landolt_Dia_Comp_1910,LD1910,molar,-16.874770984263748,measured
Landolt_Dia_Comp_3727,LD3727,molar,-34.72394090229138,measured
Landolt_Para_Comp_3124,LP3124,molar,201.9104180666745,measured
Landolt_Dia_Comp_2273,LD2273,molar,-65.31019421087852,measured
Landolt_Dia_Comp_5910,LD5910,molar,-30.85673740006875,measured
Landolt_Dia_Comp_5089,LD5089,molar,-51.70587019059731,measured
Landolt_Para_Comp_528,LP528,molar,162.6803335391906,measured
Landolt_Para_Comp_3997,LP3997,molar,33.409529390522685,measured
Landolt_Dia_Comp_4540,LD4540,molar,-66.32433216100117,measured
Landolt_Dia_Comp_2836,LD2836,molar,-80.69919515853499,measured
Landolt_Para_Comp_2245,LP2245,molar,50.85325860957352,measured
Landolt_Dia_Comp_1800,LD1800,molar,-56.05616948007616,measured
Landolt_Dia_Comp_1925,LD1925,molar,-60.65125734469057,measured
Landolt_Para_Comp_1634,LP1634,molar,34.47899982067497,measured
Landolt_Para_Comp_2708,LP2708,molar,62.37222033665107,measured
Landolt_Dia_Comp_5680,LD5680,molar,-36.97842564923407,measured
Landolt_Para_Comp_3519,LP3519,molar,695.5553073100913,measured
Landolt_Dia_Comp_1703,LD1703,molar,-78.8161540919016,measured
Landolt_Para_Comp_3477,LP3477,molar,65.84031575780392,measured
Landolt_Para_Comp_2312,LP2312,molar,185.5492564689846,measured
Landolt_Dia_Comp_2341,LD2341,molar,-57.95854884247466,measured
Landolt_Para_Comp_952,LP952,molar,39.74423660865076,measured
Landolt_Para_Comp_5619,LP5619,molar,398.9683878524768,measured
Landolt_Dia_Comp_2151,LD2151,molar,-52.39698972402696,measured
Landolt_Dia_Comp_1178,LD1178,molar,-81.90064105941478,measured
Landolt_Para_Comp_4041,LP4041,molar,279.05904907234077,measured
Landolt_Para_Comp_1804,LP1804,molar,149.64737370372947,measured
Landolt_Para_Comp_3951,LP3951,molar,386.07980203004695,measured
Landolt_Para_Comp_63,LP63,molar,81.27418497620867,measured
Landolt_Para_Comp_5560,LP5560,molar,101.42974214967781,measured
Landolt_Para_Comp_1520,LP1520,molar,389.4450217475747,measured
Landolt_Dia_Comp_5102,LD5102,molar,-49.23894873715458,measured
Landolt_Para_Comp_3217,LP3217,molar,89.87068888692563,measured
Landolt_Para_Comp_3492,LP3492,molar,22.078268551027673,measured
Landolt_Para_Comp_1341,LP1341,molar,152.8059755783403,measured
Landolt_Para_Comp_2542,LP2542,molar,36.8653223462565,measured
Landolt_Dia_Comp_2444,LD2444,molar,-58.59928807743492,measured
Landolt_Para_Comp_4814,LP4814,molar,198.04899083857995,measured
Landolt_Dia_Comp_1295,LD1295,molar,-54.36597144087092,measured
Landolt_Dia_Comp_1087,LD1087,molar,-61.688556391229696,measured
Landolt_Para_Comp_5110,LP5110,molar,59.00479432398455,measured
Landolt_Dia_Comp_2082,LD2082,molar,-15.99811036733972,measured
Landolt_Dia_Comp_5546,LD5546,molar,-41.74831842579427,measured
Landolt_Dia_Comp_4762,LD4762,molar,-45.718724130339425,measured
Landolt_Para_Comp_4627,LP4627,molar,73.58569617939342,measured
Landolt_Para_Comp_640,LP640,molar,287.5034044212011,measured
Landolt_Dia_Comp_535,LD535,molar,-41.99669563695525,measured
Landolt_Para_Comp_1034,LP1034,molar,39.37557231558333,measured
Landolt_Para_Comp_4465,LP4465,molar,163.5307460815409,measured
Landolt_Dia_Comp_995,LD995,molar,-47.14508231250905,measured
Landolt_Para_Comp_4295,LP4295,molar,25.00657118770664,measured
Landolt_Para_Comp_5236,LP5236,molar,51.59269039032691,measured
Landolt_Para_Comp_4404,LP4404,molar,133.21593431231,measured
Landolt_Para_Comp_320,LP320,molar,72.74972356831957,measured
Landolt_Dia_Comp_2625,LD2625,molar,-39.20001198680398,measured
Landolt_Dia_Comp_757,LD757,molar,-50.78133134343281,measured
Landolt_Para_Comp_2732,LP2732,molar,121.9481853882322,measured
Landolt_Dia_Comp_2093,LD2093,molar,-63.88084933646103,measured
Landolt_Para_Comp_3940,LP3940,molar,20.85306239922089,measured
Landolt_Para_Comp_2920,LP2920,molar,13.094025234644697,measured
Landolt_Dia_Comp_5875,LD5875,molar,-65.25533399886895,measured
Landolt_Para_Comp_798,LP798,molar,32.09093168496558,measured
Landolt_Dia_Comp_5729,LD5729,molar,-17.579830077251998,measured
Landolt_Para_Comp_4782,LP4782,molar,200.82196990286008,measured
Landolt_Dia_Comp_4649,LD4649,molar,-81.60148863703101,measured
Landolt_Dia_Comp_5441,LD5441,molar,-85.29184793788055,measured
Landolt_Para_Comp_4228,LP4228,molar,57.25396447238172,measured
Landolt_Para_Comp_1400,LP1400,molar,223.84119394334024,measured
Landolt_Dia_Comp_536,LD536,molar,-60.12582636450256,measured
Landolt_Dia_Comp_4736,LD4736,molar,-65.98548408769886,measured
Landolt_Para_Comp_149,LP149,molar,188.20376099105434,measured
Landolt_Dia_Comp_4567,LD4567,molar,-57.75498402591403,measured
Landolt_Dia_Comp_4325,LD4325,molar,-61.57352157494503,measured
Landolt_Para_Comp_5722,LP5722,molar,133.65776236424,measured
Landolt_Para_Comp_1662,LP1662,molar,40.30707699942491,measured
Landolt_Dia_Comp_5191,LD5191,molar,-26.062097243805226,measured
Landolt_Dia_Comp_3539,LD3539,molar,-26.029137938791283,measured
Landolt_Para_Comp_1975,LP1975,molar,79.57646596826872,measured
Landolt_Dia_Comp_2166,LD2166,molar,-17.843608102080033,measured
Landolt_Dia_Comp_1569,LD1569,molar,-50.46066771322935,measured
Landolt_Para_Comp_2210,LP2210,molar,119.81516940745638,measured
Landolt_Dia_Comp_1683,LD1683,molar,-44.871071400696046,measured
Landolt_Dia_Comp_1722,LD1722,molar,-40.49406040103309,measured
Landolt_Dia_Comp_3935,LD3935,molar,-24.46979655674701,measured
Landolt_Para_Comp_1384,LP1384,molar,51.87438457146375,measured
Landolt_Dia_Comp_4624,LD4624,molar,-21.007739857338663,measured
Landolt_Para_Comp_2923,LP2923,molar,195.4143356995689,measured
Landolt_Para_Comp_2050,LP2050,molar,55.341527061017764,measured
Landolt_Dia_Comp_2363,LD2363,molar,-39.7453188786568,measured
Landolt_Dia_Comp_2919,LD2919,molar,-15.458046502477465,measured
Landolt_Dia_Comp_1673,LD1673,molar,-45.16135713760053,measured
Landolt_Para_Comp_2688,LP2688,molar,308.3511983926988,measured
Landolt_Para_Comp_3827,LP3827,molar,80.78809045878093,measured
Landolt_Para_Comp_4646,LP4646,molar,737.4329444305107,measured
Landolt_Para_Comp_2543,LP2543,molar,160.82287635642723,measured
Landolt_Dia_Comp_523,LD523,molar,-78.92246497590993,measured
Landolt_Para_Comp_5035,LP5035,molar,133.8209917894767,measured
Landolt_Dia_Comp_210,LD210,molar,-54.52172934878891,measured
Landolt_Para_Comp_2177,LP2177,molar,39.52078912199336,measured
Landolt_Dia_Comp_608,LD608,molar,-24.72816236514447,measured
Landolt_Dia_Comp_5152,LD5152,molar,-47.63750662894519,measured
Landolt_Dia_Comp_5700,LD5700,molar,-57.664749560356974,measured
Landolt_Para_Comp_1420,LP1420,molar,87.44900007044339,measured
Landolt_Para_Comp_4074,LP4074,molar,74.4117931357517,measured
Landolt_Para_Comp_3221,LP3221,molar,158.22395600491504,measured
Landolt_Dia_Comp_4020,LD4020,molar,-9.516452570084546,measured
Landolt_Para_Comp_5477,LP5477,molar,18.02210524424445,measured
Landolt_Dia_Comp_2419,LD2419,molar,-73.59911907607139,measured
Landolt_Dia_Comp_5087,LD5087,molar,-71.57109501084493,measured
Landolt_Dia_Comp_5250,LD5250,molar,-76.45879027269021,measured
Landolt_Para_Comp_610,LP610,molar,160.72753242249314,measured
Landolt_Dia_Comp_5634,LD5634,molar,-58.38140826644856,measured
Landolt_Dia_Comp_2063,LD2063,molar,-73.81171840202478,measured
Landolt_Dia_Comp_1187,LD1187,molar,-51.00791510392092,measured
Landolt_Para_Comp_2416,LP2416,molar,558.4914006482219,measured
Landolt_Para_Comp_2336,LP2336,molar,52.99501073443834,measured
Landolt_Para_Comp_4466,LP4466,molar,50.65546957884845,measured
Landolt_Para_Comp_5675,LP5675,molar,21.635458375850064,measured
Landolt_Dia_Comp_989,LD989,molar,-34.06692469552131,measured
Landolt_Dia_Comp_2784,LD2784,molar,-58.54943497084939,measured
Landolt_Para_Comp_4644,LP4644,molar,105.73275958043101,measured
Landolt_Dia_Comp_5588,LD5588,molar,-56.56393305991551,measured
Landolt_Para_Comp_3558,LP3558,molar,26.991198862035606,measured
Landolt_Para_Comp_1811,LP1811,molar,34.0020226702956,measured
Landolt_Para_Comp_994,LP994,molar,23.394858748899654,measured
Landolt_Para_Comp_5147,LP5147,molar,55.75463540854005,measured
Landolt_Dia_Comp_3115,LD3115,molar,-45.53202002513732,measured
Landolt_Dia_Comp_3695,LD3695,molar,-22.909734736552643,measured
Landolt_Dia_Comp_2774,LD2774,molar,-43.80402023490754,measured
Landolt_Dia_Comp_2317,LD2317,molar,-42.661797245545316,measured
Landolt_Para_Comp_1113,LP1113,molar,49.93976376991972,measured
Landolt_Dia_Comp_3840,LD3840,molar,-46.82107844473313,measured
Landolt_Dia_Comp_5382,LD5382,molar,-63.974628613643176,measured
Landolt_Dia_Comp_3295,LD3295,molar,-51.01014467013134,measured
Landolt_Dia_Comp_5792,LD5792,molar,-79.81365149059651,measured
Landolt_Para_Comp_5321,LP5321,molar,10.302376725217055,measured
Landolt_Para_Comp_5108,LP5108,molar,59.98871609359317,measured
Landolt_Dia_Comp_646,LD646,molar,-48.688642121932645,measured
Landolt_Para_Comp_4081,LP4081,molar,138.96326981122263,measured
Landolt_Para_Comp_4964,LP4964,molar,29.227715723313874,measured
Landolt_Para_Comp_1585,LP1585,molar,337.8669339298638,measured
Landolt_Para_Comp_2839,LP2839,molar,196.99317022341435,measured
Landolt_Para_Comp_3622,LP3622,molar,164.62967707711917,measured
Landolt_Dia_Comp_2755,LD2755,molar,-44.30699771221912,measured
Landolt_Para_Comp_5544,LP5544,molar,33.44213092330597,measured
Landolt_Dia_Comp_4053,LD4053,molar,-5.596254617419909,measured
Landolt_Para_Comp_3683,LP3683,molar,124.52664848645144,measured
Landolt_Dia_Comp_5636,LD5636,molar,-86.03276463787164,measured
Landolt_Para_Comp_2500,LP2500,molar,226.9741020817152,measured
Landolt_Dia_Comp_5661,LD5661,molar,-41.96241379518338,measured
Landolt_Para_Comp_3966,LP3966,molar,203.28036601991775,measured
Landolt_Para_Comp_317,LP317,molar,25.378268072272117,measured
Landolt_Para_Comp_2361,LP2361,molar,65.38800536094745,measured
Landolt_Dia_Comp_2190,LD2190,molar,-68.75096691227547,measured
Landolt_Para_Comp_525,LP525,molar,161.92391340688707,measured
Landolt_Dia_Comp_4948,LD4948,molar,-50.74088651000585,measured
Landolt_Dia_Comp_2648,LD2648,molar,-37.33348762779251,measured
Landolt_Dia_Comp_1491,LD1491,molar,-46.82563892772131,measured
Landolt_Para_Comp_2319,LP2319,molar,51.08826566972257,measured
Landolt_Para_Comp_39,LP39,molar,34.632840285050264,measured
Landolt_Para_Comp_1495,LP1495,molar,503.69103737104484,measured
Landolt_Para_Comp_3527,LP3527,molar,111.30719272401359,measured
Landolt_Para_Comp_601,LP601,molar,88.88021365246337,measured
Landolt_Para_Comp_1070,LP1070,molar,265.5929777339767,measured
Landolt_Para_Comp_4531,LP4531,molar,195.39791034388608,measured
Landolt_Dia_Comp_1840,LD1840,molar,-62.931579686855166,measured
Landolt_Dia_Comp_1013,LD1013,molar,-47.92685842478749,measured
Landolt_Para_Comp_562,LP562,molar,77.26576673706994,measured
Landolt_Para_Comp_791,LP791,molar,378.4432625898912,measured
Landolt_Para_Comp_4215,LP4215,molar,291.7872812410097,measured
Landolt_Para_Comp_4727,LP4727,molar,12.132921134502157,measured
Landolt_Para_Comp_3750,LP3750,molar,190.58200030498526,measured
Landolt_Dia_Comp_3361,LD3361,molar,-63.693799490181256,measured
Landolt_Para_Comp_5862,LP5862,molar,26.144007895519476,measured
Landolt_Dia_Comp_4220,LD4220,molar,-58.4210060852769,measured
Landolt_Para_Comp_5529,LP5529,molar,136.04587725474673,measured
Landolt_Para_Comp_4245,LP4245,molar,82.2891107472757,measured
Landolt_Para_Comp_167,LP167,molar,78.0301894297154,measured
Landolt_Dia_Comp_2335,LD2335,molar,-40.05824692766578,measured
Landolt_Para_Comp_4105,LP4105,molar,262.8456347438449,measured
Landolt_Dia_Comp_5965,LD5965,molar,-64.78427532099087,measured
Landolt_Dia_Comp_2120,LD2120,molar,-28.191725131844333,measured
Landolt_Dia_Comp_2048,LD2048,molar,-55.74095214745939,measured
Landolt_Para_Comp_4871,LP4871,molar,58.36659009646249,measured
Landolt_Dia_Comp_1221,LD1221,molar,-56.260560559402464,measured
Landolt_Dia_Comp_5142,LD5142,molar,-66.89255254300011,measured
Landolt_Dia_Comp_3284,LD3284,molar,-63.388274053376165,measured
Landolt_Para_Comp_637,LP637,molar,316.24242936239006,measured
Landolt_Para_Comp_5350,LP5350,molar,19.838473794548968,measured
Landolt_Dia_Comp_744,LD744,molar,-51.96219893590163,measured
Landolt_Para_Comp_3806,LP3806,molar,507.93732079403713,measured
Landolt_Para_Comp_3987,LP3987,molar,80.66535260397553,measured
Landolt_Para_Comp_5294,LP5294,molar,63.8975633329514,measured
Landolt_Dia_Comp_316,LD316,molar,-20.05282675651309,measured
Landolt_Dia_Comp_849,LD849,molar,-63.230545941875924,measured
Landolt_Dia_Comp_5304,LD5304,molar,-79.77816167145346,measured
Landolt_Para_Comp_5582,LP5582,molar,38.39802027300123,measured
Landolt_Para_Comp_2685,LP2685,molar,37.16202498375525,measured
Landolt_Dia_Comp_4188,LD4188,molar,-22.27343841010281,measured
Landolt_Dia_Comp_4305,LD4305,molar,-58.25427935007637,measured
Landolt_Para_Comp_5690,LP5690,molar,68.76013064909438,measured
Landolt_Para_Comp_1858,LP1858,molar,33.05829744701312,measured
Landolt_Dia_Comp_352,LD352,molar,-62.78154422962987,measured
Landolt_Para_Comp_1590,LP1590,molar,357.7239238239152,measured
Landolt_Para_Comp_2482,LP2482,molar,467.63759662320894,measured
Landolt_Dia_Comp_3104,LD3104,molar,-30.572881904424452,measured
Landolt_Para_Comp_100,LP100,molar,126.0992567264164,measured
Landolt_Dia_Comp_4508,LD4508,molar,-14.043397182178076,measured
Landolt_Dia_Comp_2329,LD2329,molar,-70.7915688759798,measured
Landolt_Dia_Comp_5258,LD5258,molar,-65.37524337050334,measured
Landolt_Para_Comp_1154,LP1154,molar,168.2586218986405,measured
Landolt_Dia_Comp_2076,LD2076,molar,-46.590090288229845,measured
Landolt_Dia_Comp_1713,LD1713,molar,-74.61548914432312,measured
Landolt_Dia_Comp_5370,LD5370,molar,-44.072515012864145,measured
Landolt_Dia_Comp_5665,LD5665,molar,-23.564938017269146,measured
Landolt_Para_Comp_2342,LP2342,molar,168.92733042850992,measured
Landolt_Dia_Comp_3182,LD3182,molar,-34.20251285201752,measured
Landolt_Dia_Comp_742,LD742,molar,-68.0771002271986,measured
Landolt_Para_Comp_4092,LP4092,molar,140.8964739739013,measured
Landolt_Dia_Comp_4590,LD4590,molar,-35.38438776566845,measured
Landolt_Dia_Comp_3975,LD3975,molar,-41.40411548836736,measured
Landolt_Para_Comp_3010,LP3010,molar,88.1785246505995,measured
Landolt_Dia_Comp_2877,LD2877,molar,-64.17358713090647,measured
Landolt_Dia_Comp_2960,LD2960,molar,-33.946406076626914,measured
Landolt_Para_Comp_2555,LP2555,molar,86.85448686107605,measured
Landolt_Para_Comp_3742,LP3742,molar,241.42439502048776,measured
Landolt_Para_Comp_1160,LP1160,molar,171.2978226977174,measured
Landolt_Para_Comp_5191,LP5191,molar,152.80821085955162,measured
Landolt_Para_Comp_748,LP748,molar,261.9731564130555,measured
Landolt_Dia_Comp_4158,LD4158,molar,-35.05756068027155,measured
Landolt_Para_Comp_62,LP62,molar,171.18775203554443,measured
Landolt_Dia_Comp_3960,LD3960,molar,-53.686643716695286,measured
Landolt_Dia_Comp_4829,LD4829,molar,-55.904355423476765,measured
Landolt_Para_Comp_3572,LP3572,molar,50.13906091055208,measured
Landolt_Dia_Comp_737,LD737,molar,-31.891413012078146,measured
Landolt_Para_Comp_1629,LP1629,molar,60.800543285034706,measured
Landolt_Para_Comp_3919,LP3919,molar,58.848063087537355,measured
Landolt_Para_Comp_4921,LP4921,molar,369.72225542769905,measured
Landolt_Dia_Comp_469,LD469,molar,-70.86253601041089,measured
Landolt_Para_Comp_3241,LP3241,molar,150.24171306355152,measured
Landolt_Dia_Comp_5560,LD5560,molar,-53.566283766519255,measured
Landolt_Dia_Comp_639,LD639,molar,-55.19237321896725,measured
Landolt_Para_Comp_4412,LP4412,molar,238.696384706902,measured
Landolt_Dia_Comp_978,LD978,molar,-25.953553022561707,measured
Landolt_Para_Comp_8,LP8,molar,28.311137688316983,measured
Landolt_Dia_Comp_5683,LD5683,molar,-60.91713435433132,measured
Landolt_Para_Comp_1875,LP1875,molar,109.37731146992482,measured
Landolt_Para_Comp_4800,LP4800,molar,31.08097078195198,measured
Landolt_Dia_Comp_2181,LD2181,molar,-63.781565568482634,measured
Landolt_Para_Comp_110,LP110,molar,102.68010984233634,measured
Landolt_Dia_Comp_2980,LD2980,molar,-52.59438155234096,measured
Landolt_Dia_Comp_790,LD790,molar,-30.56073240151585,measured
Landolt_Para_Comp_5387,LP5387,molar,362.12041387437375,measured
Landolt_Dia_Comp_5836,LD5836,molar,-21.90082625411978,measured
Landolt_Dia_Comp_4581,LD4581,molar,-75.58265486985324,measured
Landolt_Para_Comp_4125,LP4125,molar,34.36198713400648,measured
Landolt_Dia_Comp_3667,LD3667,molar,-74.90480044600301,measured
Landolt_Dia_Comp_2392,LD2392,molar,-46.17048455158714,measured
Landolt_Para_Comp_3894,LP3894,molar,112.99232689228974,measured
Landolt_Dia_Comp_4861,LD4861,molar,-64.64177476700883,measured
Landolt_Para_Comp_756,LP756,molar,23.84570785057909,measured
Landolt_Para_Comp_1347,LP1347,molar,285.58436615660776,measured
Landolt_Para_Comp_1598,LP1598,molar,340.25863816023934,measured
Landolt_Dia_Comp_4755,LD4755,molar,-48.396112074709755,measured
Landolt_Para_Comp_5467,LP5467,molar,66.39202288087525,measured
Landolt_Dia_Comp_4165,LD4165,molar,-59.8019543689625,measured
Landolt_Dia_Comp_4052,LD4052,molar,-81.07108886335092,measured
Landolt_Para_Comp_4030,LP4030,molar,785.1776066446755,measured
Landolt_Dia_Comp_3577,LD3577,molar,-61.0593282332634,measured
Landolt_Dia_Comp_5199,LD5199,molar,-73.10246037467246,measured
Landolt_Para_Comp_1301,LP1301,molar,21.634589087726987,measured
Landolt_Para_Comp_5971,LP5971,molar,248.3075325948645,measured
Landolt_Dia_Comp_4007,LD4007,molar,-44.61649570171656,measured
Landolt_Dia_Comp_336,LD336,molar,-49.318536730393134,measured
Landolt_Dia_Comp_1541,LD1541,molar,-50.70573512663179,measured
Landolt_Dia_Comp_318,LD318,molar,-58.347009252840316,measured
Landolt_Dia_Comp_4621,LD4621,molar,-27.495535281246433,measured
Landolt_Dia_Comp_5101,LD5101,molar,-48.67651920750787,measured
Landolt_Para_Comp_2629,LP2629,molar,291.74701776046805,measured
Landolt_Dia_Comp_1363,LD1363,molar,-59.68698443515182,measured
Landolt_Dia_Comp_2812,LD2812,molar,-66.74984377753415,measured
Landolt_Para_Comp_5297,LP5297,molar,24.528952352273336,measured
Landolt_Para_Comp_4403,LP4403,molar,280.6276124459053,measured
Landolt_Dia_Comp_161,LD161,molar,-47.980380159089904,measured
Landolt_Dia_Comp_1283,LD1283,molar,-49.45756090712557,measured
Landolt_Dia_Comp_1315,LD1315,molar,-52.854155724851516,measured
Landolt_Para_Comp_5953,LP5953,molar,142.28704115287732,measured
Landolt_Para_Comp_5120,LP5120,molar,149.16733249169963,measured
Landolt_Dia_Comp_818,LD818,molar,-52.63066602618685,measured
Landolt_Dia_Comp_1865,LD1865,molar,-96.12280007641863,measured
Landolt_Para_Comp_1432,LP1432,molar,179.53083575531684,measured
Landolt_Dia_Comp_2534,LD2534,molar,-48.69923583641083,measured
Landolt_Dia_Comp_5670,LD5670,molar,-53.19386268859788,measured
Landolt_Dia_Comp_4684,LD4684,molar,-72.85857577080614,measured
Landolt_Para_Comp_5718,LP5718,molar,525.8396749056324,measured
Landolt_Dia_Comp_5085,LD5085,molar,-44.37431338757047,measured
Landolt_Para_Comp_2227,LP2227,molar,155.58816839721993,measured
Landolt_Para_Comp_2407,LP2407,molar,121.9686206323936,measured
Landolt_Dia_Comp_4501,LD4501,molar,-70.0966192451271,measured
Landolt_Para_Comp_5463,LP5463,molar,65.13115601622795,measured
Landolt_Dia_Comp_839,LD839,molar,-53.71789381792133,measured
Landolt_Dia_Comp_2596,LD2596,molar,-51.399025314704744,measured
Landolt_Para_Comp_3882,LP3882,molar,40.84639720111103,measured
Landolt_Dia_Comp_2007,LD2007,molar,-65.2034856630375,measured
Landolt_Dia_Comp_5614,LD5614,molar,-71.91188580211939,measured
Landolt_Para_Comp_5211,LP5211,molar,19.623005168651268,measured
Landolt_Dia_Comp_4215,LD4215,molar,-30.472639834268552,measured
Landolt_Dia_Comp_886,LD886,molar,-64.75173875550468,measured
Landolt_Dia_Comp_5705,LD5705,molar,-57.58894625963636,measured
Landolt_Para_Comp_5276,LP5276,molar,92.44608736506353,measured
Landolt_Para_Comp_2558,LP2558,molar,142.00831519519193,measured
Landolt_Para_Comp_3802,LP3802,molar,210.9808808661546,measured
Landolt_Para_Comp_448,LP448,molar,182.33975966729054,measured
Landolt_Dia_Comp_4933,LD4933,molar,-72.11516263671096,measured
Landolt_Dia_Comp_4559,LD4559,molar,-22.47545959260282,measured
Landolt_Dia_Comp_930,LD930,molar,-35.71950940799959,measured
Landolt_Para_Comp_4904,LP4904,molar,18.813561255387377,measured
Landolt_Para_Comp_1365,LP1365,molar,276.60017711470493,measured
Landolt_Para_Comp_4148,LP4148,molar,141.41468603979067,measured
Landolt_Para_Comp_4434,LP4434,molar,59.18216645323686,measured
Landolt_Para_Comp_3532,LP3532,molar,32.46100616437693,measured
Landolt_Para_Comp_1006,LP1006,molar,51.03838243584097,measured
Landolt_Para_Comp_3045,LP3045,molar,473.807709242084,measured
Landolt_Dia_Comp_4492,LD4492,molar,-61.705410106228,measured
Landolt_Para_Comp_2473,LP2473,molar,185.67843144398506,measured
Landolt_Para_Comp_2138,LP2138,molar,85.7563872150543,measured
Landolt_Para_Comp_4676,LP4676,molar,83.5910724823156,measured
Landolt_Para_Comp_763,LP763,molar,143.65788997886378,measured
Landolt_Dia_Comp_785,LD785,molar,-51.64775772642767,measured
Landolt_Dia_Comp_2748,LD2748,molar,-35.50871022092284,measured
Landolt_Dia_Comp_5482,LD5482,molar,-66.34474138413464,measured
Landolt_Para_Comp_1851,LP1851,molar,94.28416219483688,measured
Landolt_Para_Comp_4335,LP4335,molar,32.27382054753815,measured
Landolt_Dia_Comp_2205,LD2205,molar,-39.1558982878647,measured
Landolt_Para_Comp_4901,LP4901,molar,69.36230791365716,measured
Landolt_Dia_Comp_2377,LD2377,molar,-42.884618422134984,measured
Landolt_Dia_Comp_3682,LD3682,molar,-50.93359261338137,measured
Landolt_Dia_Comp_1882,LD1882,molar,-38.11534414593149,measured
Landolt_Dia_Comp_714,LD714,molar,-70.86562135780628,measured
Landolt_Dia_Comp_3054,LD3054,molar,-66.62848087194646,measured
Landolt_Para_Comp_2041,LP2041,molar,216.11084228425895,measured
Landolt_Para_Comp_5583,LP5583,molar,34.13564669861405,measured
Landolt_Para_Comp_4373,LP4373,molar,27.79267307947111,measured
Landolt_Para_Comp_4442,LP4442,molar,21.342402325676716,measured
Landolt_Para_Comp_5982,LP5982,molar,215.2630944651984,measured
Landolt_Dia_Comp_1048,LD1048,molar,-67.02262992904967,measured
Landolt_Dia_Comp_1175,LD1175,molar,-29.641251158795875,measured
Landolt_Dia_Comp_5159,LD5159,molar,-57.63057556211675,measured
Landolt_Dia_Comp_435,LD435,molar,-32.46275664574135,measured
Landolt_Para_Comp_3383,LP3383,molar,47.86720180452863,measured
Landolt_Dia_Comp_5143,LD5143,molar,-75.03627111051235,measured
Landolt_Para_Comp_1330,LP1330,molar,607.1113423716595,measured
Landolt_Dia_Comp_4177,LD4177,molar,-16.785627040245068,measured
Landolt_Para_Comp_329,LP329,molar,81.53337632096303,measured
Landolt_Dia_Comp_4090,LD4090,molar,-36.68486578095042,measured
Landolt_Para_Comp_2578,LP2578,molar,15.411895857543985,measured
Landolt_Para_Comp_4113,LP4113,molar,93.35482664504786,measured
Landolt_Dia_Comp_1669,LD1669,molar,-89.98407210428697,measured
Landolt_Dia_Comp_5154,LD5154,molar,-53.8235694678392,measured
Landolt_Dia_Comp_1792,LD1792,molar,-46.91867076663174,measured
Landolt_Para_Comp_501,LP501,molar,13.125519251251013,measured
Landolt_Dia_Comp_1766,LD1766,molar,-27.504459261156704,measured
Landolt_Para_Comp_2859,LP2859,molar,18.202168126151918,measured
Landolt_Dia_Comp_2333,LD2333,molar,-34.66490430592787,measured
Landolt_Para_Comp_4963,LP4963,molar,166.20791562030453,measured
Landolt_Para_Comp_3541,LP3541,molar,125.03579667239808,measured
Landolt_Dia_Comp_1763,LD1763,molar,-30.032212231743515,measured
Landolt_Dia_Comp_4261,LD4261,molar,-41.00951788434156,measured
Landolt_Dia_Comp_3515,LD3515,molar,-59.92096501022697,measured
Landolt_Para_Comp_1437,LP1437,molar,70.77596166841057,measured
Landolt_Para_Comp_1729,LP1729,molar,66.32288381734321,measured
Landolt_Dia_Comp_4187,LD4187,molar,-32.890106271945356,measured
Landolt_Dia_Comp_5323,LD5323,molar,-47.3831551914927,measured
Landolt_Dia_Comp_4603,LD4603,molar,-60.82094444418553,measured
Landolt_Dia_Comp_5791,LD5791,molar,-41.36511441729998,measured
Landolt_Para_Comp_570,LP570,molar,315.3486621550196,measured
Landolt_Para_Comp_2467,LP2467,molar,72.51498691088037,measured
Landolt_Para_Comp_161,LP161,molar,20.84241355025791,measured
Landolt_Para_Comp_1165,LP1165,molar,245.80130460996526,measured
Landolt_Para_Comp_4771,LP4771,molar,816.9974807053438,measured
Landolt_Para_Comp_4889,LP4889,molar,383.12466983092406,measured
Landolt_Dia_Comp_4478,LD4478,molar,-26.03411315548196,measured
Landolt_Dia_Comp_5281,LD5281,molar,-55.66672568970442,measured
Landolt_Dia_Comp_1566,LD1566,molar,-58.21087951808119,measured
Landolt_Para_Comp_3803,LP3803,molar,17.252458292222226,measured
Landolt_Para_Comp_842,LP842,molar,32.0819710350036,measured
Landolt_Dia_Comp_4366,LD4366,molar,-62.722189366589326,measured
Landolt_Dia_Comp_1525,LD1525,molar,-71.50416956990091,measured
Landolt_Dia_Comp_71,LD71,molar,-40.03765495525961,measured
Landolt_Dia_Comp_2936,LD2936,molar,-83.50055391469871,measured
Landolt_Dia_Comp_2702,LD2702,molar,-36.61286503429195,measured
Landolt_Dia_Comp_4776,LD4776,molar,-61.65189826035855,measured
Landolt_Para_Comp_4976,LP4976,molar,32.95686905680441,measured
Landolt_Para_Comp_4613,LP4613,molar,673.2357021372948,measured
Landolt_Para_Comp_5194,LP5194,molar,47.642642831474355,measured
Landolt_Dia_Comp_249,LD249,molar,-50.41834644494643,measured
Landolt_Para_Comp_4375,LP4375,molar,167.6038859217113,measured
Landolt_Dia_Comp_206,LD206,molar,-36.79633475213851,measured
Landolt_Para_Comp_837,LP837,molar,35.80306980520514,measured
Landolt_Dia_Comp_5315,LD5315,molar,-42.13951513930759,measured
Landolt_Para_Comp_734,LP734,molar,11.009149089301559,measured
Landolt_Para_Comp_5029,LP5029,molar,148.07112571282585,measured
Landolt_Para_Comp_4173,LP4173,molar,47.12696950271442,measured
Landolt_Para_Comp_5391,LP5391,molar,99.93151020678178,measured
Landolt_Dia_Comp_3996,LD3996,molar,-37.28142522984605,measured
Landolt_Dia_Comp_797,LD797,molar,-55.976268020612125,measured
Landolt_Para_Comp_4767,LP4767,molar,347.5632021228826,measured
Landolt_Para_Comp_5055,LP5055,molar,251.39593669776966,measured
Landolt_Para_Comp_4093,LP4093,molar,17.491845203116824,measured
Landolt_Para_Comp_567,LP567,molar,207.03515235737044,measured
Landolt_Dia_Comp_4509,LD4509,molar,-65.43667854850699,measured
Landolt_Dia_Comp_1892,LD1892,molar,-24.426762841527907,measured
Landolt_Dia_Comp_655,LD655,molar,-76.98449764312385,measured
Landolt_Para_Comp_1334,LP1334,molar,27.738210559276766,measured
Landolt_Para_Comp_1352,LP1352,molar,117.83806719626803,measured
Landolt_Dia_Comp_506,LD506,molar,-34.314092305007065,measured
Landolt_Para_Comp_295,LP295,molar,68.38322910073497,measured
Landolt_Para_Comp_1791,LP1791,molar,131.23366974602266,measured
Landolt_Dia_Comp_1942,LD1942,molar,-68.96767838927502,measured
Landolt_Para_Comp_4111,LP4111,molar,532.6240734478765,measured
Landolt_Para_Comp_4939,LP4939,molar,202.85327192217287,measured
Landolt_Dia_Comp_5547,LD5547,molar,-39.205898806649685,measured
Landolt_Dia_Comp_5110,LD5110,molar,-43.067860465079406,measured
Landolt_Dia_Comp_1912,LD1912,molar,-57.67186034438778,measured
Landolt_Para_Comp_4301,LP4301,molar,145.23482398448408,measured
Landolt_Dia_Comp_2057,LD2057,molar,-41.94857641117927,measured
Landolt_Para_Comp_728,LP728,molar,925.3987257835803,measured
Landolt_Dia_Comp_3436,LD3436,molar,-68.58717133055262,measured
Landolt_Dia_Comp_1468,LD1468,molar,-44.75060642884257,measured
Landolt_Dia_Comp_1693,LD1693,molar,-50.07276923464794,measured
Landolt_Para_Comp_2807,LP2807,molar,106.20498361786838,measured
Landolt_Dia_Comp_1838,LD1838,molar,-87.95647845948281,measured
Landolt_Dia_Comp_4161,LD4161,molar,-66.2340203448971,measured
Landolt_Para_Comp_4018,LP4018,molar,32.96570221361275,measured
Landolt_Para_Comp_287,LP287,molar,10.300755362062072,measured
Landolt_Dia_Comp_875,LD875,molar,-60.64969409766884,measured
Landolt_Para_Comp_990,LP990,molar,349.53233012910687,measured
Landolt_Dia_Comp_5080,LD5080,molar,-52.53960192065198,measured
Landolt_Para_Comp_2322,LP2322,molar,377.1632319662224,measured
Landolt_Dia_Comp_2014,LD2014,molar,-64.73084424431087,measured
Landolt_Para_Comp_1124,LP1124,molar,290.91745893947655,measured
Landolt_Dia_Comp_3939,LD3939,molar,-31.735957908730338,measured
Landolt_Dia_Comp_1193,LD1193,molar,-46.78709994394644,measured
Landolt_Dia_Comp_1312,LD1312,molar,-72.3000350802154,measured
Landolt_Dia_Comp_1785,LD1785,molar,-77.54772291113984,measured
Landolt_Para_Comp_5210,LP5210,molar,414.00204016866667,measured
Landolt_Dia_Comp_1325,LD1325,molar,-39.548258441802815,measured
Landolt_Dia_Comp_5617,LD5617,molar,-14.323871072844923,measured
Landolt_Para_Comp_3881,LP3881,molar,142.45514180282663,measured
Landolt_Dia_Comp_4723,LD4723,molar,-36.26721826252074,measured
Landolt_Dia_Comp_2185,LD2185,molar,-74.62411009139723,measured
Landolt_Dia_Comp_2532,LD2532,molar,-35.01417191755792,measured
Landolt_Dia_Comp_3564,LD3564,molar,-1.0,measured
Landolt_Dia_Comp_1985,LD1985,molar,-34.015011993547986,measured
Landolt_Dia_Comp_1369,LD1369,molar,-77.10527710860968,measured
Landolt_Dia_Comp_3367,LD3367,molar,-13.794828675343098,measured
Landolt_Para_Comp_1164,LP1164,molar,228.7145832558223,measured
Landolt_Para_Comp_1796,LP1796,molar,39.45962571828093,measured
Landolt_Dia_Comp_4922,LD4922,molar,-55.70961118458362,measured
Landolt_Dia_Comp_1582,LD1582,molar,-39.199608269429476,measured
Landolt_Para_Comp_131,LP131,molar,77.77141066575336,measured
Landolt_Dia_Comp_2811,LD2811,molar,-55.1172973489738,measured
Landolt_Dia_Comp_629,LD629,molar,-1.0,measured
Landolt_Dia_Comp_5333,LD5333,molar,-29.874598896906086,measured
Landolt_Para_Comp_1020,LP1020,molar,183.63488510171763,measured
Landolt_Para_Comp_4006,LP4006,molar,82.46931286721872,measured
Landolt_Para_Comp_3250,LP3250,molar,16.597984747873053,measured
Landolt_Dia_Comp_3970,LD3970,molar,-48.79860204258553,measured
Landolt_Dia_Comp_3890,LD3890,molar,-52.43246294900408,measured
Landolt_Para_Comp_808,LP808,molar,315.9739762506892,measured
Landolt_Dia_Comp_510,LD510,molar,-64.50587335571905,measured
Landolt_Dia_Comp_4777,LD4777,molar,-58.58808939133162,measured
Landolt_Dia_Comp_5475,LD5475,molar,-51.69998981707394,measured
Landolt_Dia_Comp_3729,LD3729,molar,-30.534380565187714,measured
Landolt_Para_Comp_4477,LP4477,molar,453.38646266099545,measured
Landolt_Para_Comp_1150,LP1150,molar,114.53676579736228,measured
Landolt_Para_Comp_1182,LP1182,molar,67.78450176168194,measured
Landolt_Dia_Comp_5425,LD5425,molar,-42.73413828199715,measured
Landolt_Dia_Comp_1980,LD1980,molar,-77.16912746924237,measured
Landolt_Dia_Comp_2753,LD2753,molar,-83.88695360608769,measured
Landolt_Dia_Comp_5955,LD5955,molar,-22.202691850847973,measured
Landolt_Para_Comp_3937,LP3937,molar,245.69219304793188,measured
Landolt_Dia_Comp_1960,LD1960,molar,-68.14697710406477,measured
Landolt_Dia_Comp_1535,LD1535,molar,-49.26906184692025,measured
Landolt_Para_Comp_125,LP125,molar,55.372758855732606,measured
Landolt_Dia_Comp_3243,LD3243,molar,-37.692582678332634,measured
Landolt_Para_Comp_920,LP920,molar,103.10881150999742,measured
Landolt_Dia_Comp_2510,LD2510,molar,-59.68582626881316,measured
Landolt_Para_Comp_101,LP101,molar,145.63349895654267,measured
Landolt_Dia_Comp_532,LD532,molar,-27.279689526075487,measured
Landolt_Dia_Comp_3263,LD3263,molar,-58.22470543612492,measured
Landolt_Para_Comp_1841,LP1841,molar,346.56543451587333,measured
Landolt_Dia_Comp_1114,LD1114,molar,-48.902685385040726,measured
Landolt_Dia_Comp_1700,LD1700,molar,-48.52774106418908,measured
Landolt_Para_Comp_607,LP607,molar,60.496563137654064,measured
Landolt_Para_Comp_353,LP353,molar,124.63214525825954,measured
Landolt_Para_Comp_5069,LP5069,molar,153.64286037334358,measured
Landolt_Para_Comp_3379,LP3379,molar,218.29315649978963,measured
Landolt_Dia_Comp_5938,LD5938,molar,-46.81062475608405,measured
Landolt_Dia_Comp_5595,LD5595,molar,-48.68286475173635,measured
Landolt_Dia_Comp_4600,LD4600,molar,-23.40080677618826,measured
Landolt_Dia_Comp_2312,LD2312,molar,-65.80873155054853,measured
Landolt_Dia_Comp_415,LD415,molar,-32.40752237221523,measured
Landolt_Dia_Comp_5275,LD5275,molar,-22.26622465671309,measured
Landolt_Para_Comp_3093,LP3093,molar,36.39728313680622,measured
Landolt_Para_Comp_3528,LP3528,molar,137.07465663375842,measured
Landolt_Para_Comp_4482,LP4482,molar,117.66781276034966,measured
Landolt_Para_Comp_1373,LP1373,molar,70.05248619492177,measured
Landolt_Dia_Comp_5307,LD5307,molar,-83.73390680650226,measured
Landolt_Para_Comp_5135,LP5135,molar,93.52751391037064,measured
Landolt_Dia_Comp_2515,LD2515,molar,-23.88650784504012,measured
Landolt_Dia_Comp_2116,LD2116,molar,-55.73172025615757,measured
Landolt_Para_Comp_5262,LP5262,molar,52.114334603143874,measured
Landolt_Para_Comp_231,LP231,molar,65.189741669587,measured
Landolt_Para_Comp_4287,LP4287,molar,184.6237898479976,measured
Landolt_Para_Comp_1166,LP1166,molar,67.13336705997862,measured
Landolt_Para_Comp_5499,LP5499,molar,276.2243336909509,measured
Landolt_Dia_Comp_5876,LD5876,molar,-52.23579245010564,measured
Landolt_Dia_Comp_5147,LD5147,molar,-37.95556349666881,measured
Landolt_Dia_Comp_2989,LD2989,molar,-51.00566218231175,measured
Landolt_Para_Comp_3101,LP3101,molar,256.54122035099886,measured
Landolt_Para_Comp_351,LP351,molar,12.837689484314,measured
Landolt_Para_Comp_312,LP312,molar,95.55601097292845,measured
Landolt_Para_Comp_2359,LP2359,molar,282.21931698867314,measured
Landolt_Para_Comp_1262,LP1262,molar,409.64933158324226,measured
Landolt_Dia_Comp_4241,LD4241,molar,-34.10667244251324,measured
Landolt_Dia_Comp_1303,LD1303,molar,-78.20052682843198,measured
Landolt_Para_Comp_3448,LP3448,molar,111.80735921745898,measured
Landolt_Dia_Comp_2023,LD2023,molar,-44.05410419187265,measured
Landolt_Para_Comp_430,LP430,molar,327.5645292338473,measured
Landolt_Dia_Comp_3292,LD3292,molar,-74.50336284843381,measured
Landolt_Para_Comp_529,LP529,molar,217.14160075532354,measured
Landolt_Dia_Comp_5926,LD5926,molar,-42.509672103285524,measured
Landolt_Dia_Comp_5213,LD5213,molar,-80.99826923430192,measured
Landolt_Dia_Comp_5618,LD5618,molar,-24.2548224480838,measured
Landolt_Para_Comp_3811,LP3811,molar,210.86242377877304,measured
Landolt_Para_Comp_466,LP466,molar,41.47438953252387,measured
Landolt_Para_Comp_2860,LP2860,molar,51.09650950878334,measured
Landolt_Para_Comp_4002,LP4002,molar,163.5373516341419,measured
Landolt_Para_Comp_5325,LP5325,molar,94.03099132510162,measured
Landolt_Dia_Comp_297,LD297,molar,-37.69395360288246,measured
Landolt_Para_Comp_5918,LP5918,molar,103.75795917654432,measured
Landolt_Dia_Comp_428,LD428,molar,-46.82438707887789,measured
Landolt_Dia_Comp_1147,LD1147,molar,-64.7466189665065,measured
Landolt_Dia_Comp_4927,LD4927,molar,-48.06345750796243,measured
Landolt_Para_Comp_1394,LP1394,molar,64.6278268093672,measured
Landolt_Dia_Comp_5387,LD5387,molar,-81.0643500292654,measured
Landolt_Dia_Comp_789,LD789,molar,-57.47166149078681,measured
Landolt_Para_Comp_2790,LP2790,molar,312.15339636770085,measured
Landolt_Dia_Comp_2067,LD2067,molar,-45.410137379983745,measured
Landolt_Para_Comp_5916,LP5916,molar,131.74928612198394,measured
Landolt_Dia_Comp_473,LD473,molar,-3.1470046942603886,measured
Landolt_Para_Comp_3296,LP3296,molar,53.1332128587188,measured
Landolt_Dia_Comp_475,LD475,molar,-53.793746602303166,measured
Landolt_Dia_Comp_421,LD421,molar,-37.60224539075563,measured
Landolt_Para_Comp_3145,LP3145,molar,57.45040643703208,measured
Landolt_Dia_Comp_3427,LD3427,molar,-60.9586570356425,measured
Landolt_Dia_Comp_5278,LD5278,molar,-34.6063672702967,measured
Landolt_Para_Comp_1640,LP1640,molar,14.842567687331423,measured
Landolt_Dia_Comp_5077,LD5077,molar,-2.476932200238444,measured
Landolt_Dia_Comp_5259,LD5259,molar,-68.89866775797947,measured
Landolt_Dia_Comp_575,LD575,molar,-47.015392381510416,measured
Landolt_Para_Comp_4483,LP4483,molar,48.19321713304526,measured
Landolt_Dia_Comp_4495,LD4495,molar,-36.05491927939314,measured
Landolt_Dia_Comp_1195,LD1195,molar,-61.75192012086911,measured
Landolt_Dia_Comp_2664,LD2664,molar,-40.95467557402737,measured
Landolt_Dia_Comp_2608,LD2608,molar,-66.09266586443923,measured
Landolt_Dia_Comp_4326,LD4326,molar,-32.52702108395155,measured
Landolt_Dia_Comp_2679,LD2679,molar,-63.05314878848323,measured
Landolt_Dia_Comp_5558,LD5558,molar,-108.53107589735335,measured
Landolt_Dia_Comp_3566,LD3566,molar,-47.605955062392034,measured
Landolt_Para_Comp_5054,LP5054,molar,191.96972620142145,measured
Landolt_Dia_Comp_800,LD800,molar,-33.88770707376176,measured
Landolt_Para_Comp_4326,LP4326,molar,321.8284330063223,measured
Landolt_Dia_Comp_1416,LD1416,molar,-62.48299297404904,measured
Landolt_Dia_Comp_3969,LD3969,molar,-30.605126770742682,measured
Landolt_Dia_Comp_1106,LD1106,molar,-24.638946058031248,measured
Landolt_Dia_Comp_519,LD519,molar,-77.36606465256057,measured
Landolt_Dia_Comp_4528,LD4528,molar,-43.27741607658992,measured
Landolt_Dia_Comp_3420,LD3420,molar,-58.95336353397932,measured
Landolt_Dia_Comp_3570,LD3570,molar,-53.02505588465881,measured
Landolt_Dia_Comp_3655,LD3655,molar,-62.109189863983815,measured
Landolt_Para_Comp_974,LP974,molar,78.09007485736764,measured
Landolt_Dia_Comp_4465,LD4465,molar,-56.150298328026395,measured
Landolt_Dia_Comp_2986,LD2986,molar,-74.22060461880976,measured
Landolt_Dia_Comp_5052,LD5052,molar,-61.01331467990053,measured
Landolt_Dia_Comp_5667,LD5667,molar,-45.78148561206466,measured
Landolt_Dia_Comp_4314,LD4314,molar,-66.77252427468775,measured
Landolt_Dia_Comp_5421,LD5421,molar,-28.933450416980055,measured
Landolt_Para_Comp_4954,LP4954,molar,304.01717851973484,measured
Landolt_Dia_Comp_1065,LD1065,molar,-31.586352071823814,measured
Landolt_Dia_Comp_5302,LD5302,molar,-59.463351140441894,measured
Landolt_Dia_Comp_5733,LD5733,molar,-92.62947729867005,measured
Landolt_Dia_Comp_58,LD58,molar,-22.677461036014492,measured
Landolt_Para_Comp_4877,LP4877,molar,240.5390030552151,measured
Landolt_Para_Comp_758,LP758,molar,159.64405122872014,measured
Landolt_Para_Comp_1642,LP1642,molar,68.55970869970248,measured
Landolt_Dia_Comp_1275,LD1275,molar,-51.687195517860005,measured
Landolt_Para_Comp_1011,LP1011,molar,170.9944514903159,measured
Landolt_Para_Comp_1965,LP1965,molar,567.7035305834257,measured
Landolt_Para_Comp_1944,LP1944,molar,41.10957893694592,measured
Landolt_Dia_Comp_253,LD253,molar,-37.58505508193808,measured
Landolt_Para_Comp_4344,LP4344,molar,231.13950086405148,measured
Landolt_Dia_Comp_1759,LD1759,molar,-63.90790176361809,measured
Landolt_Para_Comp_4418,LP4418,molar,92.78121611769117,measured
Landolt_Para_Comp_2294,LP2294,molar,19.392578738775363,measured
Landolt_Para_Comp_2869,LP2869,molar,232.2676905817916,measured
Landolt_Para_Comp_5947,LP5947,molar,34.17950956810283,measured
Landolt_Para_Comp_64,LP64,molar,292.7360586722171,measured
Landolt_Dia_Comp_313,LD313,molar,-63.00148977926523,measured
Landolt_Dia_Comp_5010,LD5010,molar,-53.23084135767514,measured
Landolt_Dia_Comp_685,LD685,molar,-53.19153218709576,measured
Landolt_Para_Comp_4968,LP4968,molar,146.89344959806814,measured
Landolt_Para_Comp_166,LP166,molar,12.098323762912534,measured
Landolt_Dia_Comp_4867,LD4867,molar,-56.775333838042634,measured
Landolt_Dia_Comp_3448,LD3448,molar,-54.701720416557336,measured
Landolt_Para_Comp_736,LP736,molar,13.74872585618401,measured
Landolt_Dia_Comp_1727,LD1727,molar,-30.916708188173637,measured
Landolt_Para_Comp_299,LP299,molar,30.044663895575965,measured
Landolt_Dia_Comp_5871,LD5871,molar,-34.790734502146734,measured
Landolt_Para_Comp_1747,LP1747,molar,497.0963732743416,measured
Landolt_Para_Comp_5607,LP5607,molar,275.385438062021,measured
Landolt_Dia_Comp_864,LD864,molar,-31.493424447417212,measured
Landolt_Dia_Comp_3611,LD3611,molar,-29.707951201594977,measured
Landolt_Dia_Comp_1679,LD1679,molar,-24.915999922984398,measured
Landolt_Dia_Comp_719,LD719,molar,-39.33050389957347,measured
Landolt_Para_Comp_2627,LP2627,molar,47.04076751273908,measured
Landolt_Dia_Comp_5496,LD5496,molar,-30.991049995831,measured
Landolt_Para_Comp_4886,LP4886,molar,192.09008366438846,measured
Landolt_Dia_Comp_4484,LD4484,molar,-46.57697070031847,measured
Landolt_Dia_Comp_2132,LD2132,molar,-42.80502530729082,measured
Landolt_Dia_Comp_3005,LD3005,molar,-69.4491213552005,measured
Landolt_Para_Comp_2045,LP2045,molar,92.88329161774787,measured
Landolt_Para_Comp_558,LP558,molar,157.5606915430909,measured
Landolt_Para_Comp_4204,LP4204,molar,639.2578594631501,measured
Landolt_Dia_Comp_2443,LD2443,molar,-62.96317745785427,measured
Landolt_Dia_Comp_2904,LD2904,molar,-59.31707141297412,measured
Landolt_Dia_Comp_1615,LD1615,molar,-40.34290029697411,measured
Landolt_Para_Comp_3431,LP3431,molar,210.8965587065247,measured
Landolt_Para_Comp_550,LP550,molar,161.39911664256022,measured
Landolt_Para_Comp_3854,LP3854,molar,31.738734363644195,measured
Landolt_Dia_Comp_4719,LD4719,molar,-120.22240003788741,measured
Landolt_Dia_Comp_2042,LD2042,molar,-39.354301747497,measured
Landolt_Dia_Comp_3679,LD3679,molar,-62.3426604613574,measured
Landolt_Para_Comp_3466,LP3466,molar,50.323352443080374,measured
Landolt_Dia_Comp_5103,LD5103,molar,-63.0836654252094,measured
Landolt_Para_Comp_963,LP963,molar,60.32699719819833,measured
Landolt_Dia_Comp_5937,LD5937,molar,-67.3000187986374,measured
Landolt_Dia_Comp_2362,LD2362,molar,-67.19129303558867,measured
Landolt_Dia_Comp_862,LD862,molar,-47.95579376215741,measured
Landolt_Para_Comp_892,LP892,molar,34.99957639956816,measured
Landolt_Para_Comp_4381,LP4381,molar,250.9569790042736,measured
Landolt_Para_Comp_2797,LP2797,molar,71.33581038289,measured
Landolt_Para_Comp_1911,LP1911,molar,355.3622553004128,measured
Landolt_Dia_Comp_5805,LD5805,molar,-47.382967378808985,measured
Landolt_Para_Comp_1870,LP1870,molar,61.5670749427656,measured
Landolt_Dia_Comp_4675,LD4675,molar,-77.47275867616253,measured
Landolt_Para_Comp_1886,LP1886,molar,278.9622676409968,measured
Landolt_Dia_Comp_3247,LD3247,molar,-76.07024579648441,measured
Landolt_Dia_Comp_1990,LD1990,molar,-47.68330448383701,measured
Landolt_Para_Comp_5459,LP5459,molar,496.38180606743725,measured
Landolt_Para_Comp_5780,LP5780,molar,46.628594889971794,measured
Landolt_Para_Comp_2106,LP2106,molar,32.54887077158138,measured
Landolt_Para_Comp_4896,LP4896,molar,497.6293342150341,measured
Landolt_Dia_Comp_734,LD734,molar,-54.33740590049656,measured
Landolt_Dia_Comp_3069,LD3069,molar,-56.733014502502996,measured
Landolt_Dia_Comp_4803,LD4803,molar,-39.006927804845255,measured
Landolt_Para_Comp_1498,LP1498,molar,47.311729388701174,measured
Landolt_Para_Comp_913,LP913,molar,31.50199731008716,measured
Landolt_Dia_Comp_1577,LD1577,molar,-77.93358911026785,measured
Landolt_Para_Comp_1080,LP1080,molar,219.24041682790678,measured
Landolt_Para_Comp_4557,LP4557,molar,32.99193137805243,measured
Landolt_Dia_Comp_2544,LD2544,molar,-49.79822689376366,measured
Landolt_Dia_Comp_360,LD360,molar,-35.00440523490168,measured
Landolt_Dia_Comp_5484,LD5484,molar,-44.96111761710447,measured
Landolt_Para_Comp_3618,LP3618,molar,41.78497650700123,measured
Landolt_Dia_Comp_2242,LD2242,molar,-15.8749555707156,measured
Landolt_Para_Comp_1106,LP1106,molar,73.3649195677701,measured
Landolt_Para_Comp_4224,LP4224,molar,30.115388783262677,measured
Landolt_Para_Comp_2971,LP2971,molar,85.36493645285134,measured
Landolt_Para_Comp_1370,LP1370,molar,223.66172681816417,measured
Landolt_Para_Comp_3956,LP3956,molar,101.1881472370484,measured
Landolt_Dia_Comp_534,LD534,molar,-38.24613665329938,measured
Landolt_Para_Comp_1088,LP1088,molar,79.66018646873181,measured
Landolt_Dia_Comp_1957,LD1957,molar,-27.43660927325864,measured
Landolt_Para_Comp_604,LP604,molar,36.5286646329168,measured
Landolt_Para_Comp_411,LP411,molar,508.2044862690306,measured
Landolt_Dia_Comp_2700,LD2700,molar,-65.9858811841791,measured
Landolt_Para_Comp_5646,LP5646,molar,919.2198546634186,measured
Landolt_Para_Comp_1792,LP1792,molar,24.58247254656728,measured
Landolt_Dia_Comp_181,LD181,molar,-78.53103658350392,measured
Landolt_Dia_Comp_5072,LD5072,molar,-13.546764205937848,measured
Landolt_Para_Comp_4738,LP4738,molar,123.68836378589182,measured
Landolt_Dia_Comp_2258,LD2258,molar,-73.33011774237409,measured
Landolt_Dia_Comp_3147,LD3147,molar,-57.484761567849674,measured
Landolt_Para_Comp_407,LP407,molar,57.42667934623643,measured
Landolt_Dia_Comp_2670,LD2670,molar,-57.16534368186063,measured
Landolt_Dia_Comp_2288,LD2288,molar,-42.75759259376848,measured
Landolt_Dia_Comp_1744,LD1744,molar,-40.72337072339095,measured
Landolt_Dia_Comp_286,LD286,molar,-54.4773691218283,measured
Landolt_Dia_Comp_2707,LD2707,molar,-82.56207857791073,measured
Landolt_Dia_Comp_3510,LD3510,molar,-70.30249219959661,measured
Landolt_Para_Comp_643,LP643,molar,181.54056674670582,measured
Landolt_Para_Comp_3153,LP3153,molar,204.2788893931466,measured
Landolt_Para_Comp_4214,LP4214,molar,59.8447533785146,measured
Landolt_Dia_Comp_4384,LD4384,molar,-59.98334457377122,measured
Landolt_Para_Comp_5695,LP5695,molar,220.40592687087096,measured
Landolt_Dia_Comp_4468,LD4468,molar,-106.40732787386787,measured
Landolt_Dia_Comp_444,LD444,molar,-67.60015948188496,measured
Landolt_Para_Comp_4101,LP4101,molar,65.95757044835044,measured
Landolt_Para_Comp_1349,LP1349,molar,131.74253240043157,measured
Landolt_Para_Comp_1718,LP1718,molar,65.4409476121232,measured
Landolt_Dia_Comp_362,LD362,molar,-74.47921292193845,measured
Landolt_Para_Comp_1862,LP1862,molar,365.5853461832354,measured
Landolt_Para_Comp_4220,LP4220,molar,185.79588519394443,measured
Landolt_Dia_Comp_3961,LD3961,molar,-36.264713265482314,measured
Landolt_Dia_Comp_4120,LD4120,molar,-53.443184246604886,measured
Landolt_Para_Comp_4684,LP4684,molar,208.63511051929277,measured
Landolt_Para_Comp_4059,LP4059,molar,748.7497249827868,measured
Landolt_Para_Comp_4037,LP4037,molar,49.20759624314545,measured
Landolt_Dia_Comp_987,LD987,molar,-41.51811393242795,measured
Landolt_Para_Comp_3198,LP3198,molar,119.14217696315302,measured
Landolt_Para_Comp_1707,LP1707,molar,112.19634716995809,measured
Landolt_Dia_Comp_5300,LD5300,molar,-7.246173435230986,measured
Landolt_Para_Comp_5710,LP5710,molar,143.12325849584857,measured
Landolt_Dia_Comp_1937,LD1937,molar,-23.694325308233633,measured
Landolt_Para_Comp_5757,LP5757,molar,141.54774042781222,measured
Landolt_Para_Comp_1289,LP1289,molar,452.2229984857675,measured
Landolt_Para_Comp_647,LP647,molar,168.8866642203507,measured
Landolt_Para_Comp_3562,LP3562,molar,14.355882380316293,measured
Landolt_Dia_Comp_2115,LD2115,molar,-60.72378514315654,measured
Landolt_Para_Comp_3554,LP3554,molar,35.18536547355937,measured
Landolt_Para_Comp_3079,LP3079,molar,53.38649285008509,measured
Landolt_Dia_Comp_5337,LD5337,molar,-64.77626957920461,measured
Landolt_Dia_Comp_4471,LD4471,molar,-54.10196384704304,measured
Landolt_Dia_Comp_852,LD852,molar,-60.756060505998306,measured
Landolt_Para_Comp_5072,LP5072,molar,10.522405785221991,measured
Landolt_Para_Comp_4019,LP4019,molar,14.16526711897661,measured
Landolt_Dia_Comp_5093,LD5093,molar,-14.792422315656552,measured
Landolt_Dia_Comp_1704,LD1704,molar,-60.09208321103077,measured
Landolt_Para_Comp_437,LP437,molar,21.182074744877227,measured
Landolt_Para_Comp_1356,LP1356,molar,268.51258829896653,measured
Landolt_Para_Comp_5183,LP5183,molar,18.546582431680775,measured
Landolt_Dia_Comp_2090,LD2090,molar,-50.677061002455744,measured
Landolt_Para_Comp_5970,LP5970,molar,356.44454281084967,measured
Landolt_Para_Comp_5422,LP5422,molar,473.2753900414795,measured
Landolt_Para_Comp_419,LP419,molar,86.19593098456708,measured
Landolt_Dia_Comp_364,LD364,molar,-27.322989048997393,measured
Landolt_Para_Comp_3434,LP3434,molar,296.9801687841624,measured
Landolt_Para_Comp_3138,LP3138,molar,165.20955023350146,measured
Landolt_Para_Comp_5972,LP5972,molar,151.70697193581623,measured
Landolt_Para_Comp_5683,LP5683,molar,76.70588890108594,measured
Landolt_Dia_Comp_949,LD949,molar,-48.46936597829114,measured
Landolt_Para_Comp_4387,LP4387,molar,40.99347796086106,measured
Landolt_Para_Comp_478,LP478,molar,250.28899220144112,measured
Landolt_Para_Comp_4952,LP4952,molar,401.1287706397827,measured
Landolt_Dia_Comp_5118,LD5118,molar,-44.204402858152704,measured
Landolt_Para_Comp_5357,LP5357,molar,24.02071393493895,measured
Landolt_Dia_Comp_2176,LD2176,molar,-35.23139676503272,measured
Landolt_Dia_Comp_2723,LD2723,molar,-37.38100417313956,measured
Landolt_Para_Comp_3505,LP3505,molar,117.84618174038137,measured
Landolt_Dia_Comp_488,LD488,molar,-36.59920422580916,measured
Landolt_Para_Comp_2091,LP2091,molar,87.27917285192675,measured
Landolt_Dia_Comp_5498,LD5498,molar,-78.85173994631319,measured
Landolt_Dia_Comp_3582,LD3582,molar,-75.87481450540908,measured
Landolt_Para_Comp_5933,LP5933,molar,130.4060212252433,measured
Landolt_Dia_Comp_5131,LD5131,molar,-26.431614749608727,measured
Landolt_Para_Comp_4488,LP4488,molar,105.2060907125253,measured
Landolt_Para_Comp_4453,LP4453,molar,47.69740027523708,measured
Landolt_Para_Comp_2904,LP2904,molar,206.2232482763791,measured
Landolt_Para_Comp_406,LP406,molar,299.48327767419,measured
Landolt_Para_Comp_603,LP603,molar,100.82396303187068,measured
Landolt_Dia_Comp_3806,LD3806,molar,-55.30794482324515,measured
Landolt_Dia_Comp_5706,LD5706,molar,-42.60291987058389,measured
Landolt_Para_Comp_719,LP719,molar,72.7516444616437,measured
Landolt_Dia_Comp_457,LD457,molar,-66.20507019569612,measured
Landolt_Dia_Comp_3409,LD3409,molar,-24.58888671180916,measured
Landolt_Dia_Comp_3299,LD3299,molar,-61.13785469447221,measured
Landolt_Dia_Comp_1110,LD1110,molar,-52.66880845665921,measured
Landolt_Dia_Comp_3532,LD3532,molar,-13.355077534576075,measured
Landolt_Para_Comp_1362,LP1362,molar,65.78198369136304,measured
Landolt_Dia_Comp_3455,LD3455,molar,-65.52296612171014,measured
Landolt_Para_Comp_2213,LP2213,molar,234.9909803759224,measured
Landolt_Dia_Comp_5183,LD5183,molar,-35.68022788708866,measured
Landolt_Para_Comp_5268,LP5268,molar,207.47878905736653,measured
Landolt_Para_Comp_3335,LP3335,molar,175.2154777345718,measured
Landolt_Dia_Comp_1442,LD1442,molar,-75.57122309512364,measured
Landolt_Dia_Comp_5638,LD5638,molar,-70.10175255441915,measured
Landolt_Para_Comp_4520,LP4520,molar,399.2989878017589,measured
Landolt_Para_Comp_3110,LP3110,molar,78.74981246222858,measured
Landolt_Dia_Comp_3282,LD3282,molar,-33.901619194831625,measured
Landolt_Dia_Comp_5231,LD5231,molar,-34.31493366184658,measured
Landolt_Para_Comp_4051,LP4051,molar,109.74535340406379,measured
Landolt_Dia_Comp_2385,LD2385,molar,-54.74315179336634,measured
Landolt_Dia_Comp_872,LD872,molar,-23.248160635446805,measured
Landolt_Dia_Comp_2817,LD2817,molar,-58.19062365176682,measured
Landolt_Dia_Comp_5096,LD5096,molar,-30.810686891001517,measured
Landolt_Para_Comp_3163,LP3163,molar,61.42815592373168,measured
Landolt_Dia_Comp_5922,LD5922,molar,-71.25318532900081,measured
Landolt_Dia_Comp_1814,LD1814,molar,-68.29078698840843,measured
Landolt_Para_Comp_2463,LP2463,molar,136.58153942488894,measured
Landolt_Para_Comp_2891,LP2891,molar,33.229558779651164,measured
Landolt_Para_Comp_4586,LP4586,molar,20.585370620345845,measured
Landolt_Para_Comp_4374,LP4374,molar,165.04867164058854,measured
Landolt_Para_Comp_2283,LP2283,molar,50.53757277787729,measured
Landolt_Dia_Comp_4040,LD4040,molar,-56.58449906071508,measured
Landolt_Dia_Comp_4004,LD4004,molar,-84.48587303624726,measured
Landolt_Dia_Comp_1415,LD1415,molar,-57.21098987029434,measured
Landolt_Dia_Comp_15,LD15,molar,-69.29720560829719,measured
Landolt_Dia_Comp_4534,LD4534,molar,-26.156535357573357,measured
Landolt_Para_Comp_4039,LP4039,molar,102.08086654788946,measured
Landolt_Dia_Comp_874,LD874,molar,-73.24443887111815,measured
Landolt_Para_Comp_4028,LP4028,molar,177.92179992485572,measured
Landolt_Para_Comp_1645,LP1645,molar,127.06890184537215,measured
Landolt_Para_Comp_4706,LP4706,molar,353.74315972502313,measured
Landolt_Dia_Comp_20,LD20,molar,-48.49450018697849,measured
Landolt_Dia_Comp_3861,LD3861,molar,-70.80757215149818,measured
Landolt_Para_Comp_2262,LP2262,molar,344.2587998888823,measured
Landolt_Para_Comp_3729,LP3729,molar,106.10219863858231,measured
Landolt_Dia_Comp_207,LD207,molar,-33.626576883178544,measured
Landolt_Dia_Comp_174,LD174,molar,-63.52033949940056,measured
Landolt_Para_Comp_4746,LP4746,molar,29.03435939336584,measured
Landolt_Para_Comp_3861,LP3861,molar,71.40524535644772,measured
Landolt_Para_Comp_5606,LP5606,molar,245.72921548758382,measured
Landolt_Para_Comp_5849,LP5849,molar,171.24625970073663,measured
Landolt_Para_Comp_4606,LP4606,molar,57.05703398471867,measured
Landolt_Para_Comp_4270,LP4270,molar,14.685689073322568,measured
Landolt_Dia_Comp_906,LD906,molar,-31.64586575560941,measured
Landolt_Para_Comp_5084,LP5084,molar,23.160952394362354,measured
Landolt_Para_Comp_1566,LP1566,molar,29.845155960238216,measured
Landolt_Dia_Comp_199,LD199,molar,-73.08989976051181,measured
Landolt_Dia_Comp_5602,LD5602,molar,-31.94156639837217,measured
Landolt_Para_Comp_4859,LP4859,molar,312.08489282376155,measured
Landolt_Para_Comp_5608,LP5608,molar,457.4505763630745,measured
Landolt_Para_Comp_608,LP608,molar,100.41789544899571,measured
Landolt_Para_Comp_4227,LP4227,molar,526.7103401483105,measured
Landolt_Para_Comp_4785,LP4785,molar,379.3731503301898,measured
Landolt_Para_Comp_5104,LP5104,molar,68.58851974250835,measured
Landolt_Para_Comp_2384,LP2384,molar,32.715011786489505,measured
Landolt_Dia_Comp_3266,LD3266,molar,-20.686851484043704,measured
Landolt_Dia_Comp_3870,LD3870,molar,-7.239024997067212,measured
Landolt_Para_Comp_3779,LP3779,molar,72.97302567616217,measured
Landolt_Dia_Comp_5397,LD5397,molar,-41.91345384571835,measured
Landolt_Para_Comp_4071,LP4071,molar,49.52704565367763,measured
Landolt_Dia_Comp_3491,LD3491,molar,-24.357644618172767,measured
Landolt_Para_Comp_3315,LP3315,molar,115.01835648984903,measured
Landolt_Para_Comp_3311,LP3311,molar,574.0355632065111,measured
Landolt_Dia_Comp_1662,LD1662,molar,-37.575834858946386,measured
Landolt_Para_Comp_3312,LP3312,molar,26.38332722374613,measured
Landolt_Dia_Comp_104,LD104,molar,-47.849683717298426,measured
Landolt_Para_Comp_1556,LP1556,molar,161.04676274449537,measured
Landolt_Dia_Comp_3952,LD3952,molar,-62.59079291891042,measured
Landolt_Dia_Comp_3413,LD3413,molar,-35.966243169895925,measured
Landolt_Para_Comp_2394,LP2394,molar,233.12594557693663,measured
Landolt_Para_Comp_1199,LP1199,molar,262.1114008638924,measured
Landolt_Dia_Comp_746,LD746,molar,-63.038019869964444,measured
Landolt_Dia_Comp_4708,LD4708,molar,-50.56631423159419,measured
Landolt_Dia_Comp_3559,LD3559,molar,-13.771715887006373,measured
Landolt_Para_Comp_2272,LP2272,molar,156.94972465910388,measured
Landolt_Para_Comp_5042,LP5042,molar,32.255960456202274,measured
Landolt_Para_Comp_2188,LP2188,molar,35.27904257301068,measured
Landolt_Dia_Comp_2101,LD2101,molar,-41.69471835836737,measured
Landolt_Para_Comp_3567,LP3567,molar,204.05333267949754,measured
Landolt_Dia_Comp_5356,LD5356,molar,-44.065737693058345,measured
Landolt_Para_Comp_5220,LP5220,molar,427.2411532956014,measured
Landolt_Para_Comp_5934,LP5934,molar,54.99215368392421,measured
Landolt_Para_Comp_941,LP941,molar,123.45445512980012,measured
Landolt_Dia_Comp_2554,LD2554,molar,-37.197080999362775,measured
Landolt_Para_Comp_1176,LP1176,molar,412.03696800502263,measured
Landolt_Dia_Comp_1335,LD1335,molar,-67.3676892026154,measured
Landolt_Para_Comp_1595,LP1595,molar,379.3769446023615,measured
Landolt_Dia_Comp_5530,LD5530,molar,-45.376588355666904,measured
Landolt_Para_Comp_4171,LP4171,molar,132.85526817759677,measured
Landolt_Para_Comp_1751,LP1751,molar,244.01406154008498,measured
Landolt_Dia_Comp_5526,LD5526,molar,-34.935880901901115,measured
Landolt_Dia_Comp_1180,LD1180,molar,-65.27813563736333,measured
Landolt_Dia_Comp_5329,LD5329,molar,-47.17781523265038,measured
Landolt_Para_Comp_2903,LP2903,molar,101.79334748404379,measured
Landolt_Dia_Comp_4453,LD4453,molar,-46.394210595812616,measured
Landolt_Dia_Comp_4363,LD4363,molar,-82.11294105641176,measured
Landolt_Para_Comp_2076,LP2076,molar,262.7158867431214,measured
Landolt_Para_Comp_548,LP548,molar,34.2706720630559,measured
Landolt_Para_Comp_2386,LP2386,molar,301.14926990406934,measured
Landolt_Dia_Comp_1849,LD1849,molar,-43.305081186368845,measured
Landolt_Para_Comp_2391,LP2391,molar,166.11883873041086,measured
Landolt_Dia_Comp_5633,LD5633,molar,-74.70176478505213,measured
Landolt_Dia_Comp_3537,LD3537,molar,-55.01044430657209,measured
Landolt_Dia_Comp_1521,LD1521,molar,-40.64332830988935,measured
Landolt_Dia_Comp_1153,LD1153,molar,-29.32792123980112,measured
Landolt_Para_Comp_1410,LP1410,molar,61.61225852277858,measured
Landolt_Dia_Comp_2351,LD2351,molar,-70.31964058420726,measured
Landolt_Dia_Comp_333,LD333,molar,-11.454618820001564,measured
Landolt_Para_Comp_5692,LP5692,molar,496.1534856392149,measured
Landolt_Para_Comp_5154,LP5154,molar,182.4733714217422,measured
Landolt_Para_Comp_262,LP262,molar,50.445342030743824,measured
Landolt_Para_Comp_4635,LP4635,molar,33.109949323551874,measured
Landolt_Para_Comp_4435,LP4435,molar,100.9232577389463,measured
Landolt_Para_Comp_688,LP688,molar,91.70819612332329,measured
Landolt_Dia_Comp_598,LD598,molar,-23.405782170311866,measured
Landolt_Dia_Comp_5889,LD5889,molar,-43.27256658577336,measured
Landolt_Dia_Comp_3757,LD3757,molar,-9.988468660146495,measured
Landolt_Dia_Comp_715,LD715,molar,-53.04940061779484,measured
Landolt_Para_Comp_3638,LP3638,molar,73.1558928904627,measured
Landolt_Dia_Comp_2793,LD2793,molar,-68.16335924994179,measured
Landolt_Para_Comp_338,LP338,molar,552.4654753777139,measured
Landolt_Dia_Comp_5088,LD5088,molar,-53.4673388503543,measured
Landolt_Para_Comp_1251,LP1251,molar,68.81498465327377,measured
Landolt_Dia_Comp_5486,LD5486,molar,-71.97126901176762,measured
Landolt_Dia_Comp_5688,LD5688,molar,-39.76091588582207,measured
Landolt_Para_Comp_5693,LP5693,molar,16.8130754933879,measured
Landolt_Dia_Comp_2246,LD2246,molar,-25.791352676135197,measured
Landolt_Para_Comp_4892,LP4892,molar,70.3784621418688,measured
Landolt_Para_Comp_5012,LP5012,molar,49.54810518216814,measured
Landolt_Dia_Comp_3351,LD3351,molar,-42.15126548747514,measured
Landolt_Para_Comp_2355,LP2355,molar,385.989614774231,measured
Landolt_Para_Comp_4339,LP4339,molar,137.38719732342204,measured
Landolt_Para_Comp_4811,LP4811,molar,182.97795348502908,measured
Landolt_Para_Comp_1679,LP1679,molar,194.01043449297853,measured
Landolt_Para_Comp_4548,LP4548,molar,134.45358383509435,measured
Landolt_Para_Comp_5427,LP5427,molar,31.403483115789896,measured
Landolt_Dia_Comp_3145,LD3145,molar,-41.887641349883005,measured
Landolt_Dia_Comp_3516,LD3516,molar,-50.39199916810154,measured
Landolt_Para_Comp_2915,LP2915,molar,188.20618286344515,measured
Landolt_Para_Comp_4653,LP4653,molar,66.23782420455173,measured
Landolt_Dia_Comp_1563,LD1563,molar,-47.168629981415286,measured
Landolt_Dia_Comp_5932,LD5932,molar,-48.51679141840353,measured
Landolt_Para_Comp_294,LP294,molar,172.22818573564186,measured
Landolt_Para_Comp_4401,LP4401,molar,434.78520646887563,measured
Landolt_Dia_Comp_2823,LD2823,molar,-64.90770589309321,measured
Landolt_Para_Comp_5209,LP5209,molar,81.68961631604796,measured
Landolt_Para_Comp_4476,LP4476,molar,171.26823152768412,measured
Landolt_Dia_Comp_4605,LD4605,molar,-44.407472139847556,measured
Landolt_Para_Comp_1249,LP1249,molar,129.76365541445608,measured
Landolt_Para_Comp_1269,LP1269,molar,84.54579503127428,measured
Landolt_Para_Comp_4001,LP4001,molar,267.796117354183,measured
Landolt_Dia_Comp_1431,LD1431,molar,-55.737404076788216,measured
Landolt_Para_Comp_4873,LP4873,molar,179.61912768233495,measured
Landolt_Dia_Comp_2574,LD2574,molar,-34.17274435749996,measured
Landolt_Para_Comp_1509,LP1509,molar,110.11151456452959,measured
Landolt_Para_Comp_4809,LP4809,molar,400.1707950173545,measured
Landolt_Para_Comp_4837,LP4837,molar,368.3306487258897,measured
Landolt_Para_Comp_427,LP427,molar,267.4178222329856,measured
Landolt_Para_Comp_1565,LP1565,molar,141.30514520370457,measured
Landolt_Dia_Comp_2326,LD2326,molar,-68.68030337113902,measured
Landolt_Para_Comp_2018,LP2018,molar,139.31770253714586,measured
Landolt_Dia_Comp_682,LD682,molar,-55.29885021611279,measured
Landolt_Dia_Comp_3026,LD3026,molar,-52.55163411880375,measured
Landolt_Para_Comp_5901,LP5901,molar,177.4541680611606,measured
Landolt_Dia_Comp_4937,LD4937,molar,-52.505615104748784,measured
Landolt_Dia_Comp_3519,LD3519,molar,-77.84574090066596,measured
Landolt_Dia_Comp_4343,LD4343,molar,-17.93498506867371,measured
Landolt_Para_Comp_3094,LP3094,molar,282.0475337487978,measured
Landolt_Para_Comp_3151,LP3151,molar,29.67376122535954,measured
Landolt_Dia_Comp_4969,LD4969,molar,-70.87345747933391,measured
Landolt_Dia_Comp_3711,LD3711,molar,-40.43963788377216,measured
Landolt_Dia_Comp_5640,LD5640,molar,-65.60853228802908,measured
Landolt_Dia_Comp_3196,LD3196,molar,-49.84703428041638,measured
Landolt_Dia_Comp_5855,LD5855,molar,-57.39730497772631,measured
Landolt_Para_Comp_5389,LP5389,molar,242.9555271024453,measured
Landolt_Para_Comp_4773,LP4773,molar,368.1883167411272,measured
Landolt_Dia_Comp_2562,LD2562,molar,-54.97976210578218,measured
Landolt_Dia_Comp_5662,LD5662,molar,-25.36041130144479,measured
Landolt_Para_Comp_962,LP962,molar,42.033754333780124,measured
Landolt_Para_Comp_3189,LP3189,molar,336.0394702874684,measured
Landolt_Dia_Comp_3931,LD3931,molar,-57.806356204359076,measured
Landolt_Dia_Comp_2191,LD2191,molar,-31.4386555091024,measured
Landolt_Para_Comp_160,LP160,molar,10.733733689169103,measured
Landolt_Dia_Comp_5149,LD5149,molar,-35.14050974347137,measured
Landolt_Dia_Comp_4709,LD4709,molar,-67.53449264020891,measured
Landolt_Para_Comp_1563,LP1563,molar,162.19747927500944,measured
Landolt_Para_Comp_1175,LP1175,molar,87.72635113030158,measured
Landolt_Para_Comp_812,LP812,molar,133.53800554571495,measured
Landolt_Para_Comp_4346,LP4346,molar,288.25378795380175,measured
Landolt_Para_Comp_1789,LP1789,molar,101.2380054089387,measured
Landolt_Para_Comp_3716,LP3716,molar,773.2496888795338,measured
Landolt_Para_Comp_3362,LP3362,molar,56.73798967365661,measured
Landolt_Para_Comp_385,LP385,molar,140.10905791226094,measured
Landolt_Para_Comp_1837,LP1837,molar,85.02054314506908,measured
Landolt_Dia_Comp_3275,LD3275,molar,-76.87823393459179,measured
Landolt_Dia_Comp_3496,LD3496,molar,-87.21618452787905,measured
Landolt_Para_Comp_4088,LP4088,molar,53.422406282661555,measured
Landolt_Para_Comp_3384,LP3384,molar,128.5740716484243,measured
Landolt_Dia_Comp_66,LD66,molar,-32.49479127809415,measured
Landolt_Para_Comp_3262,LP3262,molar,61.218592874537975,measured
Landolt_Para_Comp_5840,LP5840,molar,187.73503995183697,measured
Landolt_Para_Comp_3180,LP3180,molar,144.50861371591205,measured
Landolt_Para_Comp_480,LP480,molar,96.73207195240954,measured
Landolt_Dia_Comp_5550,LD5550,molar,-71.59533881313966,measured
Landolt_Para_Comp_395,LP395,molar,325.31424717721717,measured
Landolt_Para_Comp_2154,LP2154,molar,886.8679490104969,measured
Landolt_Para_Comp_1705,LP1705,molar,173.6411130018826,measured
Landolt_Dia_Comp_4440,LD4440,molar,-70.96729974864901,measured
Landolt_Dia_Comp_4891,LD4891,molar,-65.30048147298795,measured
Landolt_Para_Comp_3701,LP3701,molar,26.411724186836473,measured
Landolt_Para_Comp_4137,LP4137,molar,32.41586990270564,measured
Landolt_Para_Comp_3946,LP3946,molar,455.09581098414185,measured
Landolt_Para_Comp_4360,LP4360,molar,330.3460784473134,measured
Landolt_Para_Comp_5326,LP5326,molar,299.1831438226354,measured
Landolt_Para_Comp_3322,LP3322,molar,502.5070127859036,measured
Landolt_Para_Comp_609,LP609,molar,82.58807033279078,measured
Landolt_Dia_Comp_4134,LD4134,molar,-67.53646215165432,measured
Landolt_Para_Comp_4766,LP4766,molar,22.973728720434757,measured
Landolt_Para_Comp_687,LP687,molar,132.0417766058348,measured
Landolt_Dia_Comp_1301,LD1301,molar,-45.13231214164024,measured
Landolt_Dia_Comp_1676,LD1676,molar,-50.575941769170875,measured
Landolt_Para_Comp_3838,LP3838,molar,82.46154144081896,measured
Landolt_Dia_Comp_868,LD868,molar,-62.79773840502172,measured
Landolt_Para_Comp_1315,LP1315,molar,35.72625389904525,measured
Landolt_Para_Comp_2493,LP2493,molar,122.51595428641326,measured
Landolt_Para_Comp_2727,LP2727,molar,21.497366441931653,measured
Landolt_Dia_Comp_1839,LD1839,molar,-1.0,measured
Landolt_Para_Comp_2781,LP2781,molar,21.204794783169913,measured
Landolt_Para_Comp_1045,LP1045,molar,55.88488699150846,measured
Landolt_Para_Comp_4556,LP4556,molar,556.6641386884,measured
Landolt_Dia_Comp_3220,LD3220,molar,-20.054204381112015,measured
Landolt_Dia_Comp_1638,LD1638,molar,-41.25673609403884,measured
Landolt_Para_Comp_1213,LP1213,molar,28.93976966661672,measured
Landolt_Para_Comp_4414,LP4414,molar,18.53287612552826,measured
Landolt_Para_Comp_4462,LP4462,molar,153.95431984623679,measured
Landolt_Dia_Comp_3219,LD3219,molar,-70.86986822121278,measured
Landolt_Para_Comp_1797,LP1797,molar,12.168223351972475,measured
Landolt_Para_Comp_1469,LP1469,molar,206.8744074128138,measured
Landolt_Dia_Comp_1784,LD1784,molar,-22.362498029709464,measured
Landolt_Para_Comp_2752,LP2752,molar,132.79276523297813,measured
Landolt_Dia_Comp_3791,LD3791,molar,-79.53734163419685,measured
Landolt_Para_Comp_2193,LP2193,molar,72.38706164687953,measured
Landolt_Dia_Comp_4253,LD4253,molar,-55.74034990776914,measured
Landolt_Para_Comp_1827,LP1827,molar,570.0315939832211,measured
Landolt_Para_Comp_3840,LP3840,molar,33.96258902710582,measured
Landolt_Dia_Comp_4073,LD4073,molar,-90.10732480351906,measured
Landolt_Para_Comp_5545,LP5545,molar,32.84029954307475,measured
Landolt_Para_Comp_4654,LP4654,molar,105.98834244062812,measured
Landolt_Para_Comp_594,LP594,molar,91.5924115631889,measured
Landolt_Para_Comp_536,LP536,molar,138.97258323616364,measured
Landolt_Dia_Comp_4864,LD4864,molar,-67.24590698940823,measured
Landolt_Para_Comp_2787,LP2787,molar,372.9577470116528,measured
Landolt_Dia_Comp_4761,LD4761,molar,-63.13915363979639,measured
Landolt_Para_Comp_3877,LP3877,molar,13.325004073167452,measured
Landolt_Para_Comp_5776,LP5776,molar,26.759562634658707,measured
Landolt_Para_Comp_3249,LP3249,molar,564.2490026588927,measured
Landolt_Para_Comp_4579,LP4579,molar,266.733180873962,measured
Landolt_Para_Comp_1882,LP1882,molar,86.46542249744317,measured
Landolt_Para_Comp_2930,LP2930,molar,219.0196023391762,measured
Landolt_Para_Comp_866,LP866,molar,112.96278247993142,measured
Landolt_Dia_Comp_607,LD607,molar,-50.02300097094542,measured
Landolt_Para_Comp_3852,LP3852,molar,63.92377180700299,measured
Landolt_Para_Comp_3774,LP3774,molar,260.95244888638877,measured
Landolt_Para_Comp_4150,LP4150,molar,205.16327901605405,measured
Landolt_Para_Comp_2071,LP2071,molar,77.09645298652431,measured
Landolt_Dia_Comp_5124,LD5124,molar,-69.56855521844348,measured
Landolt_Para_Comp_830,LP830,molar,297.8705724005868,measured
Landolt_Para_Comp_3642,LP3642,molar,222.0434007832085,measured
Landolt_Para_Comp_3531,LP3531,molar,105.97559059076161,measured
Landolt_Para_Comp_4147,LP4147,molar,122.07611368761464,measured
Landolt_Dia_Comp_4490,LD4490,molar,-35.97015637001914,measured
Landolt_Dia_Comp_1585,LD1585,molar,-79.73696915393012,measured
Landolt_Para_Comp_5701,LP5701,molar,274.9979584877689,measured
Landolt_Dia_Comp_100,LD100,molar,-46.76883498438564,measured
Landolt_Dia_Comp_72,LD72,molar,-54.684984979981415,measured
Landolt_Para_Comp_5007,LP5007,molar,152.35487416841642,measured
Landolt_Dia_Comp_2068,LD2068,molar,-33.561722853628495,measured
Landolt_Dia_Comp_2768,LD2768,molar,-64.42266191882956,measured
Landolt_Para_Comp_5597,LP5597,molar,753.3475564345249,measured
Landolt_Dia_Comp_5853,LD5853,molar,-53.84937559691634,measured
Landolt_Para_Comp_2235,LP2235,molar,155.04663910898944,measured
Landolt_Para_Comp_5856,LP5856,molar,33.25612456421821,measured
Landolt_Dia_Comp_3612,LD3612,molar,-52.00664722065425,measured
Landolt_Para_Comp_2935,LP2935,molar,175.8384009138843,measured
Landolt_Dia_Comp_2131,LD2131,molar,-32.47663973315432,measured
Landolt_Dia_Comp_3772,LD3772,molar,-34.81345192365725,measured
Landolt_Para_Comp_475,LP475,molar,28.114920125563113,measured
Landolt_Para_Comp_1416,LP1416,molar,326.1338630905723,measured
Landolt_Para_Comp_2775,LP2775,molar,211.0222375225659,measured
Landolt_Para_Comp_5428,LP5428,molar,159.49393741993524,measured
Landolt_Para_Comp_4323,LP4323,molar,18.4641330958575,measured
Landolt_Para_Comp_2341,LP2341,molar,208.12784119479105,measured
Landolt_Para_Comp_3643,LP3643,molar,160.36992030544124,measured
Landolt_Dia_Comp_2029,LD2029,molar,-35.00974392638902,measured
Landolt_Para_Comp_4025,LP4025,molar,37.85322930890446,measured
Landolt_Para_Comp_2117,LP2117,molar,10.773789723659446,measured
Landolt_Para_Comp_200,LP200,molar,17.434305220626673,measured
Landolt_Dia_Comp_3752,LD3752,molar,-53.255957833470866,measured
Landolt_Dia_Comp_3353,LD3353,molar,-71.86749634748803,measured
Landolt_Dia_Comp_4772,LD4772,molar,-49.9417939144454,measured
Landolt_Para_Comp_3380,LP3380,molar,73.07285089976541,measured
Landolt_Dia_Comp_3489,LD3489,molar,-58.49355379272894,measured
Landolt_Dia_Comp_1001,LD1001,molar,-33.36669560978251,measured
Landolt_Para_Comp_2246,LP2246,molar,23.419351704164825,measured
Landolt_Dia_Comp_964,LD964,molar,-22.742874301410584,measured
Landolt_Para_Comp_5969,LP5969,molar,349.6661582719005,measured
Landolt_Para_Comp_5797,LP5797,molar,201.0947935976087,measured
Landolt_Dia_Comp_1538,LD1538,molar,-32.46902977692875,measured
Landolt_Para_Comp_2899,LP2899,molar,61.51924860989156,measured
Landolt_Dia_Comp_3792,LD3792,molar,-28.340754584599182,measured
Landolt_Dia_Comp_3776,LD3776,molar,-35.24926383621953,measured
Landolt_Para_Comp_3293,LP3293,molar,476.01661189057313,measured
Landolt_Para_Comp_2004,LP2004,molar,31.98472261151794,measured
Landolt_Dia_Comp_4249,LD4249,molar,-9.792987775067232,measured
Landolt_Para_Comp_2499,LP2499,molar,206.79487460438384,measured
Landolt_Para_Comp_2747,LP2747,molar,43.61480854649468,measured
Landolt_Dia_Comp_1736,LD1736,molar,-78.72685723770128,measured
Landolt_Para_Comp_2396,LP2396,molar,150.2048158869963,measured
Landolt_Dia_Comp_2035,LD2035,molar,-63.50932350128375,measured
Landolt_Dia_Comp_2270,LD2270,molar,-40.61378139550536,measured
Landolt_Dia_Comp_4222,LD4222,molar,-55.82561840380325,measured
Landolt_Para_Comp_3899,LP3899,molar,56.22760169395045,measured
Landolt_Para_Comp_3604,LP3604,molar,306.420066415198,measured
Landolt_Para_Comp_1720,LP1720,molar,418.08080298783307,measured
Landolt_Dia_Comp_560,LD560,molar,-51.861716947263005,measured
Landolt_Para_Comp_1130,LP1130,molar,68.66513317370297,measured
Landolt_Dia_Comp_4101,LD4101,molar,-41.06628538459104,measured
Landolt_Dia_Comp_5818,LD5818,molar,-45.075344488256036,measured
Landolt_Dia_Comp_3922,LD3922,molar,-50.57391089117845,measured
Landolt_Para_Comp_5074,LP5074,molar,23.636135212348208,measured
Landolt_Para_Comp_21,LP21,molar,58.78664413069847,measured
Landolt_Para_Comp_746,LP746,molar,126.69438834230013,measured
Landolt_Dia_Comp_4473,LD4473,molar,-49.79875807712843,measured
Landolt_Para_Comp_4742,LP4742,molar,61.17449926911415,measured
Landolt_Para_Comp_4249,LP4249,molar,57.228872038881256,measured
Landolt_Para_Comp_5899,LP5899,molar,23.39135775696118,measured
Landolt_Dia_Comp_997,LD997,molar,-53.55381521179308,measured
Landolt_Dia_Comp_5698,LD5698,molar,-67.54967772343673,measured
Landolt_Dia_Comp_2663,LD2663,molar,-52.91269025429853,measured
Landolt_Dia_Comp_182,LD182,molar,-51.0339586767707,measured
Landolt_Para_Comp_4583,LP4583,molar,200.47363861698807,measured
Landolt_Para_Comp_1776,LP1776,molar,129.37200881394926,measured
Landolt_Para_Comp_5808,LP5808,molar,40.939956869896875,measured
Landolt_Dia_Comp_2379,LD2379,molar,-48.13569429606608,measured
Landolt_Para_Comp_1004,LP1004,molar,434.8513458048113,measured
Landolt_Para_Comp_3347,LP3347,molar,60.52004984263698,measured
Landolt_Para_Comp_1455,LP1455,molar,298.2673517646128,measured
Landolt_Dia_Comp_4397,LD4397,molar,-61.96779280469245,measured
Landolt_Dia_Comp_4324,LD4324,molar,-44.496858698708316,measured
Landolt_Para_Comp_1514,LP1514,molar,305.06108862579026,measured
Landolt_Para_Comp_4610,LP4610,molar,286.37653512390835,measured
Landolt_Para_Comp_2310,LP2310,molar,51.342778465386424,measured
Landolt_Para_Comp_3206,LP3206,molar,102.71486247964354,measured
Landolt_Para_Comp_2501,LP2501,molar,458.1811867519741,measured
Landolt_Dia_Comp_5246,LD5246,molar,-53.109814522890694,measured
Landolt_Para_Comp_4550,LP4550,molar,131.4954728449386,measured
Landolt_Para_Comp_1304,LP1304,molar,293.3205272902027,measured
Landolt_Para_Comp_2773,LP2773,molar,76.16480929979541,measured
Landolt_Para_Comp_949,LP949,molar,714.7716387783996,measured
Landolt_Dia_Comp_218,LD218,molar,-28.067148635481335,measured
Landolt_Para_Comp_823,LP823,molar,266.39891829892446,measured
Landolt_Dia_Comp_3765,LD3765,molar,-62.11016667740468,measured
Landolt_Para_Comp_2617,LP2617,molar,778.9376930102401,measured
Landolt_Para_Comp_5160,LP5160,molar,128.4054366128385,measured
Landolt_Dia_Comp_4750,LD4750,molar,-43.82676579804503,measured
Landolt_Dia_Comp_5689,LD5689,molar,-2.791515012439369,measured
Landolt_Para_Comp_710,LP710,molar,70.90941888992296,measured
Landolt_Dia_Comp_3152,LD3152,molar,-35.951847458911224,measured
Landolt_Para_Comp_2553,LP2553,molar,84.6551436323039,measured
Landolt_Para_Comp_342,LP342,molar,78.65316177767703,measured
Landolt_Dia_Comp_4667,LD4667,molar,-66.23827275179062,measured
Landolt_Para_Comp_226,LP226,molar,365.6927524092978,measured
Landolt_Dia_Comp_4255,LD4255,molar,-41.46921062448739,measured
Landolt_Dia_Comp_5308,LD5308,molar,-44.79655477648514,measured
Landolt_Para_Comp_5986,LP5986,molar,248.6354391314457,measured
Landolt_Dia_Comp_748,LD748,molar,-46.78629872771439,measured
Landolt_Dia_Comp_1548,LD1548,molar,-22.76589750178113,measured
Landolt_Para_Comp_3104,LP3104,molar,158.33470710174288,measured
Landolt_Para_Comp_121,LP121,molar,211.62319408226978,measured
Landolt_Para_Comp_2354,LP2354,molar,195.10966206616618,measured
Landolt_Dia_Comp_130,LD130,molar,-43.722387077540674,measured
Landolt_Dia_Comp_5856,LD5856,molar,-62.2998794407397,measured
Landolt_Para_Comp_3096,LP3096,molar,14.71730504030934,measured
Landolt_Para_Comp_68,LP68,molar,188.60818399280697,measured
Landolt_Para_Comp_3580,LP3580,molar,19.107718101156948,measured
Landolt_Para_Comp_3932,LP3932,molar,394.29956658984423,measured
Landolt_Para_Comp_3688,LP3688,molar,178.49945689147347,measured
Landolt_Dia_Comp_1812,LD1812,molar,-40.10932903798645,measured
Landolt_Dia_Comp_5628,LD5628,molar,-69.27807086633514,measured
Landolt_Dia_Comp_5210,LD5210,molar,-26.818255301857054,measured
Landolt_Dia_Comp_3593,LD3593,molar,-36.5902964565719,measured
Landolt_Para_Comp_3391,LP3391,molar,112.58152266359545,measured
Landolt_Para_Comp_2044,LP2044,molar,156.915746480768,measured
Landolt_Dia_Comp_3281,LD3281,molar,-38.29866336605838,measured
Landolt_Para_Comp_1313,LP1313,molar,82.86887745865887,measured
Landolt_Dia_Comp_4695,LD4695,molar,-43.25631493882505,measured
Landolt_Dia_Comp_5536,LD5536,molar,-71.56509564779967,measured
Landolt_Para_Comp_3485,LP3485,molar,213.70986877440495,measured
Landolt_Para_Comp_1594,LP1594,molar,188.86557300383816,measured
Landolt_Dia_Comp_2309,LD2309,molar,-75.010845825513,measured
Landolt_Dia_Comp_2398,LD2398,molar,-64.41873619459002,measured
Landolt_Para_Comp_5820,LP5820,molar,32.09804018936279,measured
Landolt_Para_Comp_4394,LP4394,molar,25.092211945202106,measured
Landolt_Para_Comp_4999,LP4999,molar,108.7112111061607,measured
Landolt_Para_Comp_3761,LP3761,molar,269.5039762438131,measured
Landolt_Dia_Comp_5857,LD5857,molar,-59.58375379925611,measured
Landolt_Dia_Comp_3784,LD3784,molar,-60.10455893501388,measured
Landolt_Para_Comp_768,LP768,molar,24.709780311300513,measured
Landolt_Para_Comp_5491,LP5491,molar,336.18374298020103,measured
Landolt_Dia_Comp_5120,LD5120,molar,-47.80982641127947,measured
Landolt_Para_Comp_3994,LP3994,molar,540.0152543042911,measured
Landolt_Dia_Comp_2923,LD2923,molar,-37.17065047309385,measured
Landolt_Para_Comp_4549,LP4549,molar,122.05117866598997,measured
Landolt_Dia_Comp_4125,LD4125,molar,-33.227354496533266,measured
Landolt_Dia_Comp_481,LD481,molar,-63.53360709609447,measured
Landolt_Para_Comp_3186,LP3186,molar,153.0916318884163,measured
Landolt_Para_Comp_4450,LP4450,molar,161.10522343327062,measured
Landolt_Dia_Comp_4615,LD4615,molar,-36.268180149413126,measured
Landolt_Dia_Comp_4919,LD4919,molar,-26.82869658313827,measured
Landolt_Dia_Comp_4209,LD4209,molar,-55.417221341693974,measured
Landolt_Dia_Comp_676,LD676,molar,-39.739592248076576,measured
Landolt_Dia_Comp_3308,LD3308,molar,-62.27153076339564,measured
Landolt_Para_Comp_2520,LP2520,molar,116.19347980443902,measured
Landolt_Para_Comp_3548,LP3548,molar,85.09849148679909,measured
Landolt_Dia_Comp_2484,LD2484,molar,-105.16682962631135,measured
Landolt_Dia_Comp_1343,LD1343,molar,-75.49028304738425,measured
Landolt_Para_Comp_3952,LP3952,molar,205.5988076433485,measured
Landolt_Dia_Comp_4372,LD4372,molar,-28.52345098530034,measured
Landolt_Dia_Comp_3324,LD3324,molar,-23.985120815433817,measured
Landolt_Para_Comp_1641,LP1641,molar,406.8628595651572,measured
Landolt_Para_Comp_4337,LP4337,molar,330.331163339707,measured
Landolt_Para_Comp_5416,LP5416,molar,405.29748101972535,measured
Landolt_Dia_Comp_3835,LD3835,molar,-37.97191918347849,measured
Landolt_Para_Comp_2187,LP2187,molar,151.1649572454058,measured
Landolt_Dia_Comp_4589,LD4589,molar,-42.58113589113208,measured
Landolt_Dia_Comp_963,LD963,molar,-81.59012469908505,measured
Landolt_Dia_Comp_2591,LD2591,molar,-20.44905138091054,measured
Landolt_Para_Comp_1430,LP1430,molar,124.91568412925886,measured
Landolt_Para_Comp_55,LP55,molar,24.681767619932657,measured
Landolt_Dia_Comp_1207,LD1207,molar,-34.88066260160841,measured
Landolt_Para_Comp_3988,LP3988,molar,416.6989838465203,measured
Landolt_Dia_Comp_5439,LD5439,molar,-56.36529722280803,measured
Landolt_Para_Comp_897,LP897,molar,327.1447880078564,measured
Landolt_Para_Comp_3288,LP3288,molar,715.3075115002019,measured
Landolt_Para_Comp_4422,LP4422,molar,13.457796191831372,measured
Landolt_Dia_Comp_2284,LD2284,molar,-32.0279309461101,measured
Landolt_Dia_Comp_9,LD9,molar,-39.597472444129664,measured
Landolt_Dia_Comp_2860,LD2860,molar,-57.13117991499141,measured
Landolt_Para_Comp_3920,LP3920,molar,46.817486865943884,measured
Landolt_Dia_Comp_1771,LD1771,molar,-34.21918874255972,measured
Landolt_Para_Comp_3955,LP3955,molar,17.156549303393046,measured
Landolt_Dia_Comp_4820,LD4820,molar,-57.773361713184194,measured
Landolt_Dia_Comp_1240,LD1240,molar,-56.02462673333959,measured
Landolt_Dia_Comp_3858,LD3858,molar,-53.08044388887852,measured
Landolt_Dia_Comp_5326,LD5326,molar,-38.88064654237593,measured
Landolt_Para_Comp_3535,LP3535,molar,142.49444247213717,measured
Landolt_Dia_Comp_612,LD612,molar,-24.199414648301435,measured
Landolt_Para_Comp_261,LP261,molar,34.56950640990607,measured
Landolt_Para_Comp_4498,LP4498,molar,149.8352801617728,measured
Landolt_Para_Comp_1172,LP1172,molar,67.66579833044878,measured
Landolt_Dia_Comp_1599,LD1599,molar,-83.07886694581674,measured
Landolt_Dia_Comp_5000,LD5000,molar,-22.782548233885187,measured
Landolt_Dia_Comp_5531,LD5531,molar,-28.082639766104542,measured
Landolt_Dia_Comp_3197,LD3197,molar,-67.59374969716211,measured
Landolt_Para_Comp_1782,LP1782,molar,89.02631318665718,measured
Landolt_Para_Comp_2103,LP2103,molar,88.12201706970149,measured
Landolt_Dia_Comp_4331,LD4331,molar,-44.43820194352877,measured
Landolt_Dia_Comp_1414,LD1414,molar,-75.0863776608046,measured
Landolt_Para_Comp_285,LP285,molar,160.3499459167421,measured
Landolt_Para_Comp_151,LP151,molar,159.22389887410276,measured
Landolt_Para_Comp_1260,LP1260,molar,36.14682412990603,measured
Landolt_Para_Comp_1169,LP1169,molar,12.797463843953738,measured
Landolt_Dia_Comp_2691,LD2691,molar,-60.16822903424041,measured
Landolt_Para_Comp_241,LP241,molar,282.7971888012239,measured
Landolt_Para_Comp_1513,LP1513,molar,48.63730481549382,measured
Landolt_Para_Comp_3985,LP3985,molar,170.03631652151856,measured
Landolt_Para_Comp_7,LP7,molar,147.46586473443384,measured
Landolt_Dia_Comp_3891,LD3891,molar,-39.59464947365858,measured
Landolt_Para_Comp_3897,LP3897,molar,106.06826826999483,measured
Landolt_Dia_Comp_4913,LD4913,molar,-44.87322658576983,measured
Landolt_Dia_Comp_4288,LD4288,molar,-71.44655173777346,measured
Landolt_Para_Comp_5083,LP5083,molar,362.39678322069216,measured
Landolt_Dia_Comp_1708,LD1708,molar,-36.54458648506025,measured
Landolt_Dia_Comp_5407,LD5407,molar,-14.417957276792706,measured
Landolt_Dia_Comp_3259,LD3259,molar,-68.59463654307541,measured
Landolt_Para_Comp_3790,LP3790,molar,17.998241688405603,measured
Landolt_Dia_Comp_4809,LD4809,molar,-70.01935164191673,measured
Landolt_Para_Comp_1310,LP1310,molar,46.00382430641765,measured
Landolt_Dia_Comp_356,LD356,molar,-56.70080649268748,measured
Landolt_Dia_Comp_2337,LD2337,molar,-49.32751482418358,measured
Landolt_Para_Comp_3943,LP3943,molar,62.46427401465998,measured
Landolt_Dia_Comp_2819,LD2819,molar,-14.57684126090713,measured
Landolt_Para_Comp_5702,LP5702,molar,192.04728467521767,measured
Landolt_Para_Comp_5505,LP5505,molar,70.67074078337907,measured
Landolt_Para_Comp_5280,LP5280,molar,45.81399076547911,measured
Landolt_Para_Comp_2009,LP2009,molar,386.40915641162195,measured
Landolt_Para_Comp_3579,LP3579,molar,210.290368204582,measured
Landolt_Para_Comp_1071,LP1071,molar,194.73767046730413,measured
Landolt_Para_Comp_1650,LP1650,molar,127.61749575762326,measured
Landolt_Para_Comp_368,LP368,molar,67.1537986725298,measured
Landolt_Dia_Comp_2613,LD2613,molar,-42.63885862739394,measured
Landolt_Para_Comp_422,LP422,molar,875.6180513621694,measured
Landolt_Para_Comp_1287,LP1287,molar,242.86116016769938,measured
Landolt_Dia_Comp_4442,LD4442,molar,-77.8111993906216,measured
Landolt_Para_Comp_402,LP402,molar,136.71387599735772,measured
Landolt_Para_Comp_3655,LP3655,molar,51.633815938502394,measured
Landolt_Dia_Comp_3316,LD3316,molar,-1.0,measured
Landolt_Para_Comp_5836,LP5836,molar,17.153760722729142,measured
Landolt_Para_Comp_5287,LP5287,molar,45.70788203125392,measured
Landolt_Para_Comp_2524,LP2524,molar,78.41443056041976,measured
Landolt_Dia_Comp_1869,LD1869,molar,-44.31010708429379,measured
Landolt_Dia_Comp_2370,LD2370,molar,-17.408408560788658,measured
Landolt_Para_Comp_148,LP148,molar,87.62016904893032,measured
Landolt_Para_Comp_2118,LP2118,molar,312.3492110393122,measured
Landolt_Para_Comp_534,LP534,molar,355.1786260785527,measured
Landolt_Dia_Comp_306,LD306,molar,-34.885497066362014,measured
Landolt_Para_Comp_4461,LP4461,molar,82.11742105934573,measured
Landolt_Dia_Comp_1456,LD1456,molar,-39.56276430703912,measured
Landolt_Para_Comp_5230,LP5230,molar,570.5338782860913,measured
Landolt_Para_Comp_5673,LP5673,molar,402.18279733018176,measured
Landolt_Para_Comp_2048,LP2048,molar,86.94251794231053,measured
Landolt_Para_Comp_2258,LP2258,molar,70.30157321976195,measured
Landolt_Dia_Comp_292,LD292,molar,-24.142275050970543,measured
Landolt_Dia_Comp_1616,LD1616,molar,-38.053828557659514,measured
Landolt_Para_Comp_5060,LP5060,molar,154.9818327602658,measured
Landolt_Para_Comp_1041,LP1041,molar,16.850255443625592,measured
Landolt_Para_Comp_214,LP214,molar,116.06076732148345,measured
Landolt_Para_Comp_366,LP366,molar,64.85722836353187,measured
Landolt_Para_Comp_3366,LP3366,molar,116.50993440508499,measured
Landolt_Dia_Comp_5657,LD5657,molar,-49.74250925843387,measured
Landolt_Dia_Comp_1425,LD1425,molar,-55.40013957705433,measured
Landolt_Dia_Comp_4898,LD4898,molar,-48.19899276309513,measured
Landolt_Para_Comp_5807,LP5807,molar,315.53106002986965,measured
Landolt_Dia_Comp_2301,LD2301,molar,-46.47122842753474,measured
Landolt_Dia_Comp_4470,LD4470,molar,-33.55985722627965,measured
Landolt_Dia_Comp_3107,LD3107,molar,-43.517427488413205,measured
Landolt_Para_Comp_3027,LP3027,molar,143.02140992165465,measured
Landolt_Dia_Comp_4480,LD4480,molar,-35.656473010474684,measured
Landolt_Para_Comp_2347,LP2347,molar,61.65616642239982,measured
Landolt_Para_Comp_5235,LP5235,molar,269.3003713507085,measured
Landolt_Para_Comp_5574,LP5574,molar,256.6254779823448,measured
Landolt_Para_Comp_4112,LP4112,molar,293.0129904688586,measured
Landolt_Para_Comp_2461,LP2461,molar,82.79292543568774,measured
Landolt_Para_Comp_4685,LP4685,molar,12.248778175412589,measured
Landolt_Dia_Comp_1624,LD1624,molar,-19.101642697151874,measured
Landolt_Dia_Comp_5071,LD5071,molar,-42.074475461422836,measured
Landolt_Para_Comp_4417,LP4417,molar,59.1591650353985,measured
Landolt_Dia_Comp_2263,LD2263,molar,-23.851218363959102,measured
Landolt_Para_Comp_1291,LP1291,molar,172.54858209621844,measured
Landolt_Para_Comp_2205,LP2205,molar,33.80859969711801,measured
Landolt_Para_Comp_2941,LP2941,molar,245.61476583909592,measured
Landolt_Para_Comp_1890,LP1890,molar,341.50385851930196,measured
Landolt_Dia_Comp_1546,LD1546,molar,-97.21440651322811,measured
Landolt_Para_Comp_3649,LP3649,molar,385.2462579753704,measured
Landolt_Dia_Comp_5446,LD5446,molar,-46.19412531025333,measured
Landolt_Dia_Comp_155,LD155,molar,-34.214866477640676,measured
Landolt_Para_Comp_1840,LP1840,molar,93.24821766570535,measured
Landolt_Para_Comp_2481,LP2481,molar,203.60710260765444,measured
Landolt_Para_Comp_4263,LP4263,molar,257.4256141786675,measured
Landolt_Para_Comp_85,LP85,molar,58.33771634638424,measured
Landolt_Dia_Comp_3971,LD3971,molar,-39.681470811171096,measured
Landolt_Para_Comp_2271,LP2271,molar,261.18081700398596,measured
Landolt_Para_Comp_5144,LP5144,molar,375.1111791263422,measured
Landolt_Dia_Comp_259,LD259,molar,-63.54585029457721,measured
Landolt_Para_Comp_420,LP420,molar,104.25269525553891,measured
Landolt_Dia_Comp_2699,LD2699,molar,-11.724484744619296,measured
Landolt_Para_Comp_1417,LP1417,molar,48.848571646635804,measured
Landolt_Dia_Comp_3549,LD3549,molar,-35.34275278786547,measured
Landolt_Para_Comp_296,LP296,molar,161.22932292469676,measured
Landolt_Dia_Comp_2825,LD2825,molar,-52.76368384654507,measured
Landolt_Dia_Comp_2981,LD2981,molar,-64.11150651836175,measured
Landolt_Dia_Comp_4086,LD4086,molar,-33.20935238570665,measured
Landolt_Para_Comp_4473,LP4473,molar,338.0783882635148,measured
Landolt_Para_Comp_2993,LP2993,molar,83.89863519534043,measured
Landolt_Para_Comp_825,LP825,molar,90.84561271916283,measured
Landolt_Dia_Comp_3274,LD3274,molar,-30.259787998903725,measured
Landolt_Dia_Comp_4957,LD4957,molar,-24.608227559177244,measured
Landolt_Para_Comp_4899,LP4899,molar,306.20046030388556,measured
Landolt_Dia_Comp_2743,LD2743,molar,-44.072296859946775,measured
Landolt_Dia_Comp_3578,LD3578,molar,-25.987802672375324,measured
Landolt_Para_Comp_183,LP183,molar,150.03894704271102,measured
Landolt_Para_Comp_4673,LP4673,molar,831.8769063417034,measured
Landolt_Dia_Comp_3155,LD3155,molar,-57.10481204418139,measured
Landolt_Para_Comp_446,LP446,molar,132.03800769259507,measured
Landolt_Dia_Comp_830,LD830,molar,-43.47928173953166,measured
Landolt_Dia_Comp_2742,LD2742,molar,-45.180414260425486,measured
Landolt_Para_Comp_4910,LP4910,molar,318.3930280224741,measured
Landolt_Dia_Comp_1622,LD1622,molar,-56.08151461832507,measured
Landolt_Para_Comp_5440,LP5440,molar,327.10409241006647,measured
Landolt_Para_Comp_5174,LP5174,molar,101.85590887241386,measured
Landolt_Dia_Comp_2271,LD2271,molar,-89.79058340664675,measured
Landolt_Para_Comp_3008,LP3008,molar,70.20984940044463,measured
Landolt_Dia_Comp_4645,LD4645,molar,-90.19134382882547,measured
Landolt_Para_Comp_3846,LP3846,molar,51.246373370699835,measured
Landolt_Para_Comp_5015,LP5015,molar,39.6486464459065,measured
Landolt_Para_Comp_3918,LP3918,molar,40.26577839672806,measured
Landolt_Para_Comp_5019,LP5019,molar,25.269214340944924,measured
Landolt_Para_Comp_4887,LP4887,molar,49.22728679707579,measured
Landolt_Para_Comp_1920,LP1920,molar,499.1127222891947,measured
Landolt_Para_Comp_2369,LP2369,molar,45.95869956257453,measured
Landolt_Para_Comp_2686,LP2686,molar,100.28119415915035,measured
Landolt_Dia_Comp_2324,LD2324,molar,-51.43036365402356,measured
Landolt_Para_Comp_512,LP512,molar,215.25745038530437,measured
Landolt_Dia_Comp_4441,LD4441,molar,-60.769259055288764,measured
Landolt_Dia_Comp_866,LD866,molar,-39.644838713897286,measured
Landolt_Dia_Comp_4543,LD4543,molar,-55.822554262413455,measured
Landolt_Para_Comp_4178,LP4178,molar,60.94943162958469,measured
Landolt_Para_Comp_4763,LP4763,molar,259.701436899531,measured
Landolt_Dia_Comp_2537,LD2537,molar,-23.77156485845613,measured
Landolt_Dia_Comp_135,LD135,molar,-51.957043617983494,measured
Landolt_Para_Comp_5119,LP5119,molar,36.77209064727588,measured
Landolt_Dia_Comp_712,LD712,molar,-89.15980673311077,measured
Landolt_Para_Comp_2902,LP2902,molar,307.3248768160581,measured
Landolt_Para_Comp_3573,LP3573,molar,282.92060797444134,measured
Landolt_Para_Comp_4023,LP4023,molar,732.7307381340653,measured
Landolt_Dia_Comp_3318,LD3318,molar,-68.32289155129543,measured
Landolt_Dia_Comp_4900,LD4900,molar,-61.42748273471632,measured
Landolt_Para_Comp_2569,LP2569,molar,36.422217882490465,measured
Landolt_Para_Comp_4680,LP4680,molar,63.88495922453581,measured
Landolt_Dia_Comp_4674,LD4674,molar,-54.71154633039435,measured
Landolt_Dia_Comp_5502,LD5502,molar,-37.59967192192871,measured
Landolt_Para_Comp_3767,LP3767,molar,239.39310313210567,measured
Landolt_Dia_Comp_4943,LD4943,molar,-1.0,measured
Landolt_Dia_Comp_1453,LD1453,molar,-46.68062828673819,measured
Landolt_Dia_Comp_125,LD125,molar,-69.19156789316779,measured
Landolt_Dia_Comp_2123,LD2123,molar,-39.9297644065286,measured
Landolt_Para_Comp_276,LP276,molar,68.25643748872102,measured
Landolt_Para_Comp_4166,LP4166,molar,141.21340607018388,measured
Landolt_Dia_Comp_965,LD965,molar,-35.32965712569062,measured
Landolt_Para_Comp_3825,LP3825,molar,1138.7932068094622,measured
Landolt_Para_Comp_2328,LP2328,molar,13.368582813753836,measured
Landolt_Dia_Comp_4506,LD4506,molar,-40.5156667018916,measured
Landolt_Para_Comp_3808,LP3808,molar,78.69905113479706,measured
Landolt_Dia_Comp_2901,LD2901,molar,-54.10497257525663,measured
Landolt_Dia_Comp_3573,LD3573,molar,-63.50949721675988,measured
Landolt_Dia_Comp_434,LD434,molar,-44.54961305859658,measured
Landolt_Dia_Comp_1094,LD1094,molar,-20.708243690587,measured
Landolt_Para_Comp_2783,LP2783,molar,70.41743246369643,measured
Landolt_Dia_Comp_3708,LD3708,molar,-35.61878205898948,measured
Landolt_Dia_Comp_3741,LD3741,molar,-56.280919183004315,measured
Landolt_Para_Comp_2799,LP2799,molar,37.07740306577245,measured
Landolt_Dia_Comp_3885,LD3885,molar,-28.40376923630172,measured
Landolt_Dia_Comp_5361,LD5361,molar,-76.02005245835579,measured
Landolt_Dia_Comp_4426,LD4426,molar,-42.72384606934855,measured
Landolt_Para_Comp_4267,LP4267,molar,93.64945446107845,measured
Landolt_Para_Comp_2399,LP2399,molar,18.38249899099891,measured
Landolt_Dia_Comp_3857,LD3857,molar,-62.288541281826994,measured
Landolt_Para_Comp_305,LP305,molar,66.47238731949426,measured
Landolt_Para_Comp_5823,LP5823,molar,79.43729813676228,measured
Landolt_Dia_Comp_1715,LD1715,molar,-36.2047433793428,measured
Landolt_Dia_Comp_3957,LD3957,molar,-45.85295531854371,measured
Landolt_Dia_Comp_2814,LD2814,molar,-26.07302080650988,measured
Landolt_Para_Comp_2825,LP2825,molar,16.760111585934773,measured
Landolt_Para_Comp_797,LP797,molar,34.665524536325904,measured
Landolt_Dia_Comp_2576,LD2576,molar,-17.831336851779838,measured
Landolt_Dia_Comp_4641,LD4641,molar,-73.27818020657386,measured
Landolt_Para_Comp_2597,LP2597,molar,33.17964044155576,measured
Landolt_Para_Comp_1227,LP1227,molar,52.13822684027163,measured
Landolt_Para_Comp_1816,LP1816,molar,28.24636917487516,measured
Landolt_Dia_Comp_2626,LD2626,molar,-55.01469438679947,measured
Landolt_Para_Comp_1983,LP1983,molar,237.85680636902734,measured
Landolt_Dia_Comp_1877,LD1877,molar,-31.318905644214713,measured
Landolt_Dia_Comp_2292,LD2292,molar,-36.18034381580767,measured
Landolt_Dia_Comp_680,LD680,molar,-56.367751295204314,measured
Landolt_Para_Comp_3176,LP3176,molar,355.05914194596704,measured
Landolt_Para_Comp_3042,LP3042,molar,378.0392356284515,measured
Landolt_Dia_Comp_5898,LD5898,molar,-20.134770603300503,measured
Landolt_Dia_Comp_3623,LD3623,molar,-61.36561429102535,measured
Landolt_Para_Comp_1739,LP1739,molar,172.83190476716922,measured
Landolt_Para_Comp_4993,LP4993,molar,245.1727780947599,measured
Landolt_Para_Comp_5481,LP5481,molar,48.647883425160096,measured
Landolt_Para_Comp_431,LP431,molar,255.62547936801693,measured
Landolt_Para_Comp_1559,LP1559,molar,142.29586680972506,measured
Landolt_Dia_Comp_2666,LD2666,molar,-53.90681923036524,measured
Landolt_Para_Comp_3524,LP3524,molar,225.9021235596219,measured
Landolt_Dia_Comp_5354,LD5354,molar,-56.74820254693744,measured
Landolt_Dia_Comp_2414,LD2414,molar,-75.40205511917652,measured
Landolt_Para_Comp_5374,LP5374,molar,33.75911520010093,measured
Landolt_Para_Comp_2603,LP2603,molar,346.7109167609756,measured
Landolt_Para_Comp_3568,LP3568,molar,136.4381380927402,measured
Landolt_Para_Comp_3754,LP3754,molar,56.008469581610825,measured
Landolt_Para_Comp_4562,LP4562,molar,189.2007076381577,measured
Landolt_Dia_Comp_1853,LD1853,molar,-48.17379333120931,measured
Landolt_Para_Comp_3969,LP3969,molar,48.190887449369804,measured
Landolt_Para_Comp_1690,LP1690,molar,171.33028060132116,measured
Landolt_Para_Comp_1397,LP1397,molar,131.78046124600218,measured
Landolt_Dia_Comp_5599,LD5599,molar,-61.74708871062731,measured
Landolt_Dia_Comp_3113,LD3113,molar,-50.97259202809702,measured
Landolt_Para_Comp_2716,LP2716,molar,23.48481808431137,measured
Landolt_Para_Comp_2751,LP2751,molar,288.8474460487564,measured
Landolt_Dia_Comp_5611,LD5611,molar,-62.29123245248614,measured
Landolt_Para_Comp_5684,LP5684,molar,87.34231167395806,measured
Landolt_Para_Comp_5417,LP5417,molar,12.424267147169859,measured
Landolt_Para_Comp_2019,LP2019,molar,126.68188475997663,measured
Landolt_Dia_Comp_4520,LD4520,molar,-47.41314387521309,measured
Landolt_Dia_Comp_3181,LD3181,molar,-68.95609082808,measured
Landolt_Para_Comp_5736,LP5736,molar,107.10998629428481,measured
Landolt_Para_Comp_1170,LP1170,molar,164.50924081498877,measured
Landolt_Para_Comp_341,LP341,molar,358.7953483974729,measured
Landolt_Dia_Comp_5863,LD5863,molar,-46.12651189262948,measured
Landolt_Dia_Comp_3445,LD3445,molar,-37.65058261639644,measured
Landolt_Dia_Comp_1073,LD1073,molar,-40.77935244594384,measured
Landolt_Para_Comp_1224,LP1224,molar,51.11600234949401,measured
Landolt_Para_Comp_2161,LP2161,molar,81.05174153780457,measured
Landolt_Dia_Comp_4917,LD4917,molar,-53.654983679787094,measured
Landolt_Para_Comp_5979,LP5979,molar,42.63244873332847,measured
Landolt_Para_Comp_4103,LP4103,molar,126.63778683455656,measured
Landolt_Dia_Comp_3845,LD3845,molar,-28.75045335721241,measured
Landolt_Dia_Comp_1185,LD1185,molar,-46.63122102621546,measured
Landolt_Dia_Comp_845,LD845,molar,-88.80421940150798,measured
Landolt_Para_Comp_5425,LP5425,molar,98.07663825185193,measured
Landolt_Dia_Comp_675,LD675,molar,-48.265832667714044,measured
Landolt_Para_Comp_4559,LP4559,molar,179.91848746783361,measured
Landolt_Dia_Comp_284,LD284,molar,-55.87734721925748,measured
Landolt_Para_Comp_5026,LP5026,molar,151.70029210641266,measured
Landolt_Dia_Comp_1658,LD1658,molar,-36.419196084631594,measured
Landolt_Dia_Comp_5895,LD5895,molar,-88.75381606622145,measured
Landolt_Dia_Comp_3033,LD3033,molar,-18.389621539578602,measured
Landolt_Para_Comp_3441,LP3441,molar,26.818865976687174,measured
Landolt_Para_Comp_3648,LP3648,molar,208.67556787253525,measured
Landolt_Dia_Comp_2272,LD2272,molar,-34.18481893242857,measured
Landolt_Dia_Comp_1404,LD1404,molar,-42.9945176103362,measured
Landolt_Dia_Comp_5679,LD5679,molar,-40.147585726506534,measured
Landolt_Dia_Comp_3354,LD3354,molar,-72.51261933895614,measured
Landolt_Para_Comp_1602,LP1602,molar,36.508913571598725,measured
Landolt_Para_Comp_5124,LP5124,molar,34.01284725138592,measured
Landolt_Para_Comp_5046,LP5046,molar,204.89683371947288,measured
Landolt_Dia_Comp_3769,LD3769,molar,-21.194988788154173,measured
Landolt_Para_Comp_3357,LP3357,molar,67.46428948739296,measured
Landolt_Dia_Comp_2559,LD2559,molar,-62.78737363067199,measured
Landolt_Dia_Comp_3944,LD3944,molar,-28.232766654672076,measured
Landolt_Para_Comp_5569,LP5569,molar,226.58225038409384,measured
Landolt_Dia_Comp_3457,LD3457,molar,-62.78411959882351,measured
Landolt_Dia_Comp_1515,LD1515,molar,-55.83283171351068,measured
Landolt_Para_Comp_2339,LP2339,molar,12.743616389427183,measured
Landolt_Para_Comp_1256,LP1256,molar,169.15688891771012,measured
Landolt_Dia_Comp_5774,LD5774,molar,-77.50796644501366,measured
Landolt_Para_Comp_1478,LP1478,molar,16.159299154058527,measured
Landolt_Dia_Comp_3706,LD3706,molar,-39.110064075648815,measured
Landolt_Dia_Comp_343,LD343,molar,-65.72010232806774,measured
Landolt_Dia_Comp_1435,LD1435,molar,-54.995682361152625,measured
Landolt_Dia_Comp_1163,LD1163,molar,-1.0,measured
Landolt_Dia_Comp_4108,LD4108,molar,-20.448678630661234,measured
Landolt_Dia_Comp_2820,LD2820,molar,-52.95603488265648,measured
Landolt_Dia_Comp_1495,LD1495,molar,-72.45809458839526,measured
Landolt_Dia_Comp_3669,LD3669,molar,-55.14605677331009,measured
Landolt_Para_Comp_410,LP410,molar,182.90070686410738,measured
Landolt_Dia_Comp_2281,LD2281,molar,-66.48664520824231,measured
Landolt_Para_Comp_2654,LP2654,molar,96.70945822605125,measured
Landolt_Para_Comp_942,LP942,molar,46.5002891693901,measured
Landolt_Para_Comp_5786,LP5786,molar,650.1068866267556,measured
Landolt_Para_Comp_2719,LP2719,molar,624.3867151704036,measured
Landolt_Dia_Comp_1804,LD1804,molar,-48.13162055471544,measured
Landolt_Dia_Comp_683,LD683,molar,-22.188314304116975,measured
Landolt_Para_Comp_5256,LP5256,molar,176.0976440792077,measured
Landolt_Dia_Comp_2979,LD2979,molar,-75.21315113919516,measured
Landolt_Dia_Comp_3886,LD3886,molar,-54.72770258577424,measured
Landolt_Dia_Comp_5820,LD5820,molar,-60.45100910996146,measured
Landolt_Dia_Comp_5877,LD5877,molar,-55.242462384372956,measured
Landolt_Para_Comp_2109,LP2109,molar,170.09111349741528,measured
Landolt_Dia_Comp_5345,LD5345,molar,-64.88363163682405,measured
Landolt_Para_Comp_504,LP504,molar,43.14670998519215,measured
Landolt_Dia_Comp_5590,LD5590,molar,-25.061998627547663,measured
Landolt_Dia_Comp_1671,LD1671,molar,-24.893464451607482,measured
Landolt_Dia_Comp_5405,LD5405,molar,-21.756935665154714,measured
Landolt_Dia_Comp_2019,LD2019,molar,-60.89889915291644,measured
Landolt_Para_Comp_4661,LP4661,molar,26.881528383053944,measured
Landolt_Dia_Comp_3690,LD3690,molar,-26.658837056374377,measured
Landolt_Dia_Comp_2924,LD2924,molar,-35.15671533146845,measured
Landolt_Para_Comp_4885,LP4885,molar,35.05895989079111,measured
Landolt_Dia_Comp_2840,LD2840,molar,-31.861976432254316,measured
Landolt_Dia_Comp_2987,LD2987,molar,-57.64931936730043,measured
Landolt_Para_Comp_694,LP694,molar,25.148899328801605,measured
Landolt_Dia_Comp_1396,LD1396,molar,-49.69978145222552,measured
Landolt_Dia_Comp_3464,LD3464,molar,-50.108619406124596,measured
Landolt_Dia_Comp_1911,LD1911,molar,-104.20379628827266,measured
Landolt_Para_Comp_1623,LP1623,molar,105.61705473023073,measured
Landolt_Para_Comp_508,LP508,molar,58.46979911845792,measured
Landolt_Para_Comp_3696,LP3696,molar,466.1352843013286,measured
Landolt_Dia_Comp_1951,LD1951,molar,-65.0168645614515,measured
Landolt_Dia_Comp_5298,LD5298,molar,-15.935683464884264,measured
Landolt_Dia_Comp_935,LD935,molar,-46.28153443554767,measured
Landolt_Dia_Comp_2602,LD2602,molar,-30.532961589042042,measured
Landolt_Para_Comp_5841,LP5841,molar,56.4878309179506,measured
Landolt_Para_Comp_3791,LP3791,molar,98.16508260815291,measured
Landolt_Para_Comp_5295,LP5295,molar,100.9687233957302,measured
Landolt_Dia_Comp_3497,LD3497,molar,-46.80494322143055,measured
Landolt_Dia_Comp_2045,LD2045,molar,-80.3911734044425,measured
Landolt_Dia_Comp_3089,LD3089,molar,-50.92510598387539,measured
Landolt_Para_Comp_3265,LP3265,molar,164.9788736731896,measured
Landolt_Dia_Comp_5988,LD5988,molar,-67.96707598025708,measured
Landolt_Para_Comp_598,LP598,molar,347.6068764020584,measured
Landolt_Dia_Comp_3053,LD3053,molar,-60.76581630431563,measured
Landolt_Dia_Comp_2344,LD2344,molar,-30.75998831282734,measured
Landolt_Para_Comp_2995,LP2995,molar,1183.269633169505,measured
Landolt_Dia_Comp_3146,LD3146,molar,-64.62091925355207,measured
Landolt_Dia_Comp_1627,LD1627,molar,-65.89907846462995,measured
Landolt_Dia_Comp_1996,LD1996,molar,-17.55681584370275,measured
Landolt_Para_Comp_3864,LP3864,molar,960.0910974297649,measured
Landolt_Dia_Comp_1574,LD1574,molar,-26.71986830229375,measured
Landolt_Para_Comp_1543,LP1543,molar,57.73856541869822,measured
Landolt_Para_Comp_4380,LP4380,molar,414.243902211447,measured
Landolt_Dia_Comp_3507,LD3507,molar,-50.584998328971906,measured
Landolt_Para_Comp_1530,LP1530,molar,28.97060855140234,measured
Landolt_Para_Comp_1008,LP1008,molar,149.62487634964796,measured
Landolt_Para_Comp_2579,LP2579,molar,296.2922098736015,measured
Landolt_Dia_Comp_587,LD587,molar,-43.25656999555323,measured
Landolt_Dia_Comp_2794,LD2794,molar,-31.798096571828797,measured
Landolt_Para_Comp_4388,LP4388,molar,19.367952818988783,measured
Landolt_Dia_Comp_1018,LD1018,molar,-30.123318595838523,measured
Landolt_Dia_Comp_4640,LD4640,molar,-40.37857924693059,measured
Landolt_Dia_Comp_4676,LD4676,molar,-35.552803108725186,measured
Landolt_Dia_Comp_3513,LD3513,molar,-63.47308471428984,measured
Landolt_Dia_Comp_3895,LD3895,molar,-18.40485062515668,measured
Landolt_Para_Comp_191,LP191,molar,57.22010709000571,measured
Landolt_Dia_Comp_4299,LD4299,molar,-50.84953554383999,measured
Landolt_Dia_Comp_4952,LD4952,molar,-82.39616471360372,measured
Landolt_Para_Comp_2420,LP2420,molar,108.0986336501912,measured
Landolt_Dia_Comp_4380,LD4380,molar,-70.49930203681106,measured
Landolt_Dia_Comp_3486,LD3486,molar,-35.488524608730586,measured
Landolt_Dia_Comp_4538,LD4538,molar,-42.11328923837529,measured
Landolt_Para_Comp_3075,LP3075,molar,38.71663000478978,measured
Landolt_Para_Comp_5651,LP5651,molar,147.59187957864663,measured
Landolt_Dia_Comp_5701,LD5701,molar,-27.90962487238771,measured
Landolt_Para_Comp_5159,LP5159,molar,122.9987526238905,measured
Landolt_Para_Comp_908,LP908,molar,115.40390652428555,measured
Landolt_Dia_Comp_1531,LD1531,molar,-66.67188443191196,measured
Landolt_Dia_Comp_1228,LD1228,molar,-82.04169742280857,measured
Landolt_Dia_Comp_5535,LD5535,molar,-58.45409729094983,measured
Landolt_Para_Comp_5920,LP5920,molar,111.61042648548064,measured
Landolt_Para_Comp_4801,LP4801,molar,56.158127630883925,measured
Landolt_Para_Comp_2116,LP2116,molar,20.807860332059963,measured
Landolt_Dia_Comp_636,LD636,molar,-39.63420788361799,measured
Landolt_Dia_Comp_1819,LD1819,molar,-9.748399248211072,measured
Landolt_Dia_Comp_5442,LD5442,molar,-43.97751245849576,measured
Landolt_Dia_Comp_2822,LD2822,molar,-48.40092563899245,measured
Landolt_Dia_Comp_2830,LD2830,molar,-83.7633600300253,measured
Landolt_Dia_Comp_5431,LD5431,molar,-45.199614183608865,measured
Landolt_Para_Comp_593,LP593,molar,130.65345099241858,measured
Landolt_Dia_Comp_4690,LD4690,molar,-59.112210169340884,measured
Landolt_Dia_Comp_250,LD250,molar,-90.94365239920535,measured
Landolt_Dia_Comp_1779,LD1779,molar,-51.46881271001317,measured
Landolt_Dia_Comp_4512,LD4512,molar,-25.634221421440987,measured
Landolt_Para_Comp_4400,LP4400,molar,59.319937829335096,measured
Landolt_Dia_Comp_5825,LD5825,molar,-44.509494682090725,measured
Landolt_Para_Comp_3883,LP3883,molar,29.68014989555412,measured
Landolt_Para_Comp_915,LP915,molar,44.33118446255685,measured
Landolt_Dia_Comp_5451,LD5451,molar,-54.82818915163331,measured
Landolt_Dia_Comp_2879,LD2879,molar,-66.3826794598865,measured
Landolt_Para_Comp_4522,LP4522,molar,29.098044407575657,measured
Landolt_Para_Comp_1835,LP1835,molar,53.39667976601406,measured
Landolt_Para_Comp_3708,LP3708,molar,53.12873291071435,measured
Landolt_Para_Comp_5572,LP5572,molar,289.2842815932219,measured
Landolt_Para_Comp_2720,LP2720,molar,340.92375004407097,measured
Landolt_Para_Comp_2503,LP2503,molar,15.872126399414013,measured
Landolt_Para_Comp_5073,LP5073,molar,135.55375287159592,measured
Landolt_Dia_Comp_2464,LD2464,molar,-31.90241532032219,measured
Landolt_Dia_Comp_4488,LD4488,molar,-44.206023234183505,measured
Landolt_Para_Comp_3402,LP3402,molar,219.7169632597653,measured
Landolt_Dia_Comp_5500,LD5500,molar,-63.33366043856533,measured
Landolt_Dia_Comp_5328,LD5328,molar,-81.61425650065863,measured
Landolt_Dia_Comp_3207,LD3207,molar,-50.699090032605625,measured
Landolt_Dia_Comp_2886,LD2886,molar,-59.218324397647415,measured
Landolt_Para_Comp_1414,LP1414,molar,73.18069851025643,measured
Landolt_Para_Comp_5133,LP5133,molar,26.14360482842466,measured
Landolt_Para_Comp_1084,LP1084,molar,115.66708182886279,measured
Landolt_Para_Comp_4254,LP4254,molar,133.86448082763218,measured
Landolt_Para_Comp_5447,LP5447,molar,71.8063278003881,measured
Landolt_Dia_Comp_3846,LD3846,molar,-23.21477745429786,measured
Landolt_Para_Comp_3247,LP3247,molar,61.357462554332635,measured
Landolt_Para_Comp_3699,LP3699,molar,603.3554213511468,measured
Landolt_Dia_Comp_4394,LD4394,molar,-119.61127912070819,measured
Landolt_Para_Comp_4207,LP4207,molar,102.99677620129393,measured
Landolt_Para_Comp_5291,LP5291,molar,204.14315467350883,measured
Landolt_Para_Comp_554,LP554,molar,38.208157046881716,measured
Landolt_Para_Comp_4584,LP4584,molar,317.60063145613924,measured
Landolt_Dia_Comp_1148,LD1148,molar,-97.60684167606101,measured
Landolt_Dia_Comp_5921,LD5921,molar,-33.43595146736846,measured
Landolt_Dia_Comp_3841,LD3841,molar,-25.973777665270315,measured
Landolt_Para_Comp_717,LP717,molar,157.54545850142983,measured
Landolt_Para_Comp_1408,LP1408,molar,179.91997774370356,measured
Landolt_Dia_Comp_4155,LD4155,molar,-51.04763393873627,measured
Landolt_Para_Comp_566,LP566,molar,611.8014953286898,measured
Landolt_Dia_Comp_5445,LD5445,molar,-85.38594945231684,measured
Landolt_Dia_Comp_2892,LD2892,molar,-63.308141602262175,measured
Landolt_Para_Comp_2241,LP2241,molar,135.3345167336377,measured
Landolt_Para_Comp_258,LP258,molar,277.35225565885816,measured
Landolt_Dia_Comp_1279,LD1279,molar,-60.33423355548654,measured
Landolt_Para_Comp_1092,LP1092,molar,94.5272338264502,measured
Landolt_Para_Comp_499,LP499,molar,128.85032658849929,measured
Landolt_Dia_Comp_5973,LD5973,molar,-52.31823221436823,measured
Landolt_Para_Comp_3624,LP3624,molar,41.57132781092038,measured
Landolt_Para_Comp_4932,LP4932,molar,40.24300611848354,measured
Landolt_Dia_Comp_4908,LD4908,molar,-71.61646807135538,measured
Landolt_Para_Comp_585,LP585,molar,116.69531137807557,measured
Landolt_Dia_Comp_3908,LD3908,molar,-49.20102529050825,measured
Landolt_Dia_Comp_4970,LD4970,molar,-80.86434015597423,measured
Landolt_Para_Comp_623,LP623,molar,196.99407250992044,measured
Landolt_Dia_Comp_1427,LD1427,molar,-19.17593192813898,measured
Landolt_Para_Comp_4772,LP4772,molar,11.399011424237564,measured
Landolt_Dia_Comp_4768,LD4768,molar,-80.83678074643935,measured
Landolt_Dia_Comp_992,LD992,molar,-36.17765631973846,measured
Landolt_Dia_Comp_5033,LD5033,molar,-56.6439248199805,measured
Landolt_Para_Comp_5302,LP5302,molar,35.8426398134565,measured
Landolt_Para_Comp_5451,LP5451,molar,161.6270503116301,measured
Landolt_Para_Comp_3376,LP3376,molar,189.7578019724585,measured
Landolt_Dia_Comp_1098,LD1098,molar,-24.45199679896884,measured
Landolt_Para_Comp_5623,LP5623,molar,89.33954924589598,measured
Landolt_Para_Comp_4623,LP4623,molar,17.800485020676017,measured
Landolt_Para_Comp_5027,LP5027,molar,316.85798682531254,measured
Landolt_Para_Comp_3959,LP3959,molar,267.28692137142,measured
Landolt_Para_Comp_1773,LP1773,molar,283.25817421099987,measured
Landolt_Dia_Comp_3607,LD3607,molar,-67.2426434864758,measured
Landolt_Dia_Comp_4114,LD4114,molar,-68.48340655384091,measured
Landolt_Dia_Comp_1982,LD1982,molar,-81.86724127630295,measured
Landolt_Dia_Comp_1857,LD1857,molar,-55.28008873778657,measured
Landolt_Para_Comp_1762,LP1762,molar,32.74495553246739,measured
Landolt_Dia_Comp_1989,LD1989,molar,-41.03944873682394,measured
Landolt_Para_Comp_3859,LP3859,molar,24.74756914313583,measured
Landolt_Dia_Comp_3031,LD3031,molar,-57.840499969748066,measured
Landolt_Dia_Comp_5196,LD5196,molar,-34.65245453045373,measured
Landolt_Dia_Comp_530,LD530,molar,-15.746197670234203,measured
Landolt_Para_Comp_3886,LP3886,molar,50.496787347126585,measured
Landolt_Para_Comp_4940,LP4940,molar,58.21958618348288,measured
Landolt_Para_Comp_2036,LP2036,molar,60.38618474535775,measured
Landolt_Para_Comp_3056,LP3056,molar,340.0864692897619,measured
Landolt_Dia_Comp_3738,LD3738,molar,-86.70289075058602,measured
Landolt_Dia_Comp_1635,LD1635,molar,-41.4268763398661,measured
Landolt_Dia_Comp_5669,LD5669,molar,-50.33936535476369,measured
Landolt_Dia_Comp_1247,LD1247,molar,-55.87772116404629,measured
Landolt_Dia_Comp_581,LD581,molar,-25.43995711660864,measured
Landolt_Dia_Comp_1002,LD1002,molar,-48.525346036462544,measured
Landolt_Para_Comp_5876,LP5876,molar,70.12074614132605,measured
Landolt_Dia_Comp_2490,LD2490,molar,-2.9045644170706595,measured
Landolt_Para_Comp_919,LP919,molar,85.39038951418887,measured
Landolt_Dia_Comp_1205,LD1205,molar,-38.07220174876017,measured
Landolt_Dia_Comp_5351,LD5351,molar,-46.2006134810756,measured
Landolt_Dia_Comp_3681,LD3681,molar,-37.29644977276265,measured
Landolt_Dia_Comp_4643,LD4643,molar,-1.0,measured
Landolt_Para_Comp_230,LP230,molar,26.743671036163924,measured
Landolt_Para_Comp_1725,LP1725,molar,184.47083526475535,measured
Landolt_Dia_Comp_5017,LD5017,molar,-50.9472423584963,measured
Landolt_Para_Comp_5390,LP5390,molar,32.97188956393789,measured
Landolt_Para_Comp_3119,LP3119,molar,400.3957364718096,measured
Landolt_Para_Comp_4448,LP4448,molar,362.9642604229079,measured
Landolt_Dia_Comp_394,LD394,molar,-27.306428134199656,measured
Landolt_Para_Comp_817,LP817,molar,207.42295512468186,measured
Landolt_Para_Comp_2085,LP2085,molar,62.88139298428181,measured
Landolt_Dia_Comp_268,LD268,molar,-38.17729303570523,measured
Landolt_Para_Comp_2921,LP2921,molar,805.233325032226,measured
Landolt_Dia_Comp_1165,LD1165,molar,-47.946897796850834,measured
Landolt_Dia_Comp_942,LD942,molar,-89.38306219881756,measured
Landolt_Dia_Comp_3044,LD3044,molar,-55.68953411577391,measured
Landolt_Dia_Comp_1398,LD1398,molar,-37.70159331746526,measured
Landolt_Para_Comp_497,LP497,molar,104.29167530451171,measured
Landolt_Para_Comp_3778,LP3778,molar,24.12064924600125,measured
Landolt_Para_Comp_712,LP712,molar,288.4385988984846,measured
Landolt_Dia_Comp_1059,LD1059,molar,-49.33481567268946,measured
Landolt_Dia_Comp_2482,LD2482,molar,-59.128434754977064,measured
Landolt_Para_Comp_3583,LP3583,molar,110.7968400255382,measured
Landolt_Dia_Comp_1872,LD1872,molar,-70.32809106748451,measured
Landolt_Dia_Comp_5436,LD5436,molar,-68.2271754022115,measured
Landolt_Dia_Comp_1667,LD1667,molar,-44.335837609796094,measured
Landolt_Para_Comp_139,LP139,molar,94.11936688136194,measured
Landolt_Para_Comp_1552,LP1552,molar,602.8761109119753,measured
Landolt_Dia_Comp_383,LD383,molar,-67.87077623135275,measured
Landolt_Dia_Comp_891,LD891,molar,-6.6522786041662485,measured
Landolt_Para_Comp_4164,LP4164,molar,45.684650190080724,measured
Landolt_Para_Comp_130,LP130,molar,146.4172631570758,measured
Landolt_Dia_Comp_1921,LD1921,molar,-58.615780844456516,measured
Landolt_Dia_Comp_91,LD91,molar,-35.34405508061609,measured
Landolt_Dia_Comp_3019,LD3019,molar,-53.818408112172605,measured
Landolt_Para_Comp_2104,LP2104,molar,181.59589594583957,measured
Landolt_Para_Comp_462,LP462,molar,41.79105056567654,measured
Landolt_Para_Comp_515,LP515,molar,13.35406340472181,measured
Landolt_Para_Comp_4398,LP4398,molar,184.1448147124935,measured
Landolt_Para_Comp_1538,LP1538,molar,91.47612102765277,measured
Landolt_Para_Comp_1174,LP1174,molar,311.5483820080974,measured
Landolt_Dia_Comp_3728,LD3728,molar,-63.74525512601554,measured
Landolt_Dia_Comp_1219,LD1219,molar,-54.28815900275464,measured
Landolt_Dia_Comp_5685,LD5685,molar,-54.2514932331073,measured
Landolt_Para_Comp_3947,LP3947,molar,305.7190028259028,measured
Landolt_Dia_Comp_999,LD999,molar,-84.1219945239057,measured
Landolt_Para_Comp_3074,LP3074,molar,101.13475615141877,measured
Landolt_Para_Comp_5737,LP5737,molar,45.92069928849014,measured
Landolt_Dia_Comp_11,LD11,molar,-40.56306206405385,measured
Landolt_Para_Comp_4540,LP4540,molar,13.873954439984361,measured
Landolt_Dia_Comp_4724,LD4724,molar,-44.68068934498904,measured
Landolt_Dia_Comp_478,LD478,molar,-33.93304229580139,measured
Landolt_Para_Comp_99,LP99,molar,62.42345377058951,measured
Landolt_Dia_Comp_5942,LD5942,molar,-62.38817788201031,measured
Landolt_Dia_Comp_2983,LD2983,molar,-47.19483318747791,measured
Landolt_Para_Comp_5598,LP5598,molar,84.00209133957848,measured
Landolt_Dia_Comp_1409,LD1409,molar,-12.957637527868222,measured
Landolt_Dia_Comp_17,LD17,molar,-59.74985117696329,measured
Landolt_Dia_Comp_4361,LD4361,molar,-63.80398772513014,measured
Landolt_Dia_Comp_4935,LD4935,molar,-69.07568008817441,measured
Landolt_Para_Comp_2750,LP2750,molar,16.81048333257578,measured
Landolt_Para_Comp_3274,LP3274,molar,197.1054062231393,measured
Landolt_Dia_Comp_4005,LD4005,molar,-45.13291359925512,measured
Landolt_Dia_Comp_5040,LD5040,molar,-16.73226393493983,measured
Landolt_Dia_Comp_3232,LD3232,molar,-31.6728023274884,measured
Landolt_Para_Comp_5955,LP5955,molar,62.14933196139426,measured
Landolt_Para_Comp_3131,LP3131,molar,494.51417049505505,measured
Landolt_Dia_Comp_1572,LD1572,molar,-59.22382458369929,measured
Landolt_Para_Comp_1735,LP1735,molar,191.57122491441655,measured
Landolt_Para_Comp_290,LP290,molar,42.575621419543346,measured
Landolt_Para_Comp_222,LP222,molar,13.371702835408739,measured
Landolt_Para_Comp_3657,LP3657,molar,11.736058181433592,measured
Landolt_Dia_Comp_5023,LD5023,molar,-41.63030240245486,measured
Landolt_Dia_Comp_1575,LD1575,molar,-72.17755213417128,measured
Landolt_Para_Comp_3834,LP3834,molar,240.19412866669074,measured
Landolt_Para_Comp_3707,LP3707,molar,79.94669446413593,measured
Landolt_Para_Comp_3427,LP3427,molar,389.19136106332263,measured
Landolt_Para_Comp_2636,LP2636,molar,45.17278966645639,measured
Landolt_Para_Comp_2962,LP2962,molar,56.03625994970793,measured
Landolt_Para_Comp_4900,LP4900,molar,12.506780249374925,measured
Landolt_Dia_Comp_1969,LD1969,molar,-67.13886092149724,measured
Landolt_Dia_Comp_5715,LD5715,molar,-79.94178251716913,measured
Landolt_Dia_Comp_4738,LD4738,molar,-33.04024770399263,measured
Landolt_Dia_Comp_2643,LD2643,molar,-59.82433644916624,measured
Landolt_Dia_Comp_1789,LD1789,molar,-65.54627722476467,measured
Landolt_Dia_Comp_623,LD623,molar,-51.215830849624076,measured
Landolt_Dia_Comp_3385,LD3385,molar,-53.1106819559499,measured
Landolt_Para_Comp_3088,LP3088,molar,89.7775589423333,measured
Landolt_Para_Comp_4347,LP4347,molar,490.1717437835776,measured
Landolt_Para_Comp_2883,LP2883,molar,15.047011747751899,measured
Landolt_Para_Comp_5571,LP5571,molar,278.6889658256417,measured
Landolt_Para_Comp_4247,LP4247,molar,137.9325243811469,measured
Landolt_Para_Comp_2243,LP2243,molar,10.603537842752752,measured
Landolt_Para_Comp_979,LP979,molar,10.80932762086749,measured
Landolt_Para_Comp_4793,LP4793,molar,144.47628682547477,measured
Landolt_Dia_Comp_4629,LD4629,molar,-69.36797402407012,measured
Landolt_Para_Comp_5112,LP5112,molar,32.689653126587814,measured
Landolt_Para_Comp_5207,LP5207,molar,10.13654303318388,measured
Landolt_Dia_Comp_4718,LD4718,molar,-63.32827253189257,measured
Landolt_Dia_Comp_4200,LD4200,molar,-70.39353773357016,measured
Landolt_Para_Comp_3034,LP3034,molar,198.72998552736837,measured
Landolt_Dia_Comp_1720,LD1720,molar,-72.4860852702754,measured
Landolt_Dia_Comp_107,LD107,molar,-41.961584360209976,measured
Landolt_Para_Comp_5681,LP5681,molar,13.832579431181598,measured
Landolt_Dia_Comp_1422,LD1422,molar,-14.15676175253219,measured
Landolt_Para_Comp_4544,LP4544,molar,129.30564941620122,measured
Landolt_Para_Comp_5576,LP5576,molar,24.42802802396278,measured
Landolt_Para_Comp_5964,LP5964,molar,180.56244312526644,measured
Landolt_Dia_Comp_4925,LD4925,molar,-67.76883058745118,measured
Landolt_Dia_Comp_981,LD981,molar,-38.76988028721722,measured
Landolt_Para_Comp_872,LP872,molar,184.5902730727802,measured
Landolt_Para_Comp_1280,LP1280,molar,64.71010968181692,measured
Landolt_Para_Comp_982,LP982,molar,385.26178804258967,measured
Landolt_Dia_Comp_1421,LD1421,molar,-25.82487354779895,measured
Landolt_Dia_Comp_3249,LD3249,molar,-51.309718817523354,measured
Landolt_Para_Comp_271,LP271,molar,304.0746717007541,measured
Landolt_Para_Comp_2822,LP2822,molar,201.6526264237805,measured
Landolt_Dia_Comp_3721,LD3721,molar,-77.70091953781437,measured
Landolt_Para_Comp_2504,LP2504,molar,276.6462052512541,measured
Landolt_Para_Comp_918,LP918,molar,67.47876352789707,measured
Landolt_Para_Comp_2690,LP2690,molar,74.54452308186778,measured
Landolt_Dia_Comp_2367,LD2367,molar,-24.381814593210436,measured
Landolt_Dia_Comp_1952,LD1952,molar,-41.53011182640832,measured
Landolt_Dia_Comp_5621,LD5621,molar,-70.72178884867353,measured
Landolt_Para_Comp_4914,LP4914,molar,96.69271717962815,measured
Landolt_Dia_Comp_1607,LD1607,molar,-25.613477723351362,measured
Landolt_Para_Comp_4100,LP4100,molar,41.60854956243604,measured
Landolt_Para_Comp_2356,LP2356,molar,121.58149511579596,measured
Landolt_Dia_Comp_1770,LD1770,molar,-61.08868048175964,measured
Landolt_Dia_Comp_4578,LD4578,molar,-33.82435960403005,measured
Landolt_Dia_Comp_2448,LD2448,molar,-64.39170915676955,measured
Landolt_Dia_Comp_5901,LD5901,molar,-60.433455538282075,measured
Landolt_Para_Comp_2602,LP2602,molar,88.11676144510403,measured
Landolt_Para_Comp_2540,LP2540,molar,353.67313361324045,measured
Landolt_Para_Comp_2133,LP2133,molar,68.48732065175201,measured
Landolt_Para_Comp_70,LP70,molar,114.90555002488503,measured
Landolt_Dia_Comp_1570,LD1570,molar,-34.30308475062429,measured
Landolt_Para_Comp_4935,LP4935,molar,237.74016733846142,measured
Landolt_Para_Comp_5379,LP5379,molar,125.5349206362592,measured
Landolt_Dia_Comp_5654,LD5654,molar,-35.363911706414704,measured
Landolt_Dia_Comp_1264,LD1264,molar,-55.50445238829927,measured
Landolt_Para_Comp_775,LP775,molar,312.3044905777222,measured
Landolt_Dia_Comp_747,LD747,molar,-82.8801712899905,measured
Landolt_Dia_Comp_1475,LD1475,molar,-27.93770258103935,measured
Landolt_Para_Comp_4922,LP4922,molar,37.58769100406659,measured
Landolt_Dia_Comp_2440,LD2440,molar,-26.83540254607909,measured
Landolt_Para_Comp_1854,LP1854,molar,263.9474593236041,measured
Landolt_Dia_Comp_1454,LD1454,molar,-15.969632462878835,measured
Landolt_Para_Comp_3051,LP3051,molar,130.21859756493157,measured
Landolt_Dia_Comp_2003,LD2003,molar,-48.53088989018723,measured
Landolt_Para_Comp_1112,LP1112,molar,53.03249209007833,measured
Landolt_Para_Comp_5940,LP5940,molar,18.667371628650464,measured
Landolt_Para_Comp_1661,LP1661,molar,175.6368048195759,measured
Landolt_Para_Comp_4420,LP4420,molar,218.6534904360307,measured
Landolt_Para_Comp_572,LP572,molar,72.50337714846515,measured
Landolt_Para_Comp_2762,LP2762,molar,13.269179625903712,measured
Landolt_Para_Comp_1891,LP1891,molar,969.259359125145,measured
Landolt_Para_Comp_2862,LP2862,molar,34.51854794971448,measured
Landolt_Para_Comp_5814,LP5814,molar,212.5095084909898,measured
Landolt_Para_Comp_1193,LP1193,molar,79.07303805663231,measured
Landolt_Para_Comp_4365,LP4365,molar,363.27577593554184,measured
Landolt_Para_Comp_4985,LP4985,molar,104.68905578907447,measured
Landolt_Para_Comp_5870,LP5870,molar,151.0784266433384,measured
Landolt_Para_Comp_4268,LP4268,molar,419.39188968512,measured
Landolt_Para_Comp_1452,LP1452,molar,81.09471061453394,measured
Landolt_Para_Comp_4091,LP4091,molar,34.935998694696416,measured
Landolt_Para_Comp_1836,LP1836,molar,91.74497997760379,measured
Landolt_Dia_Comp_2499,LD2499,molar,-74.51337586553524,measured
Landolt_Dia_Comp_5057,LD5057,molar,-58.93308421315125,measured
Landolt_Para_Comp_2202,LP2202,molar,334.0902008867076,measured
Landolt_Para_Comp_254,LP254,molar,252.44147191120751,measured
Landolt_Para_Comp_950,LP950,molar,640.8388515571108,measured
Landolt_Dia_Comp_2834,LD2834,molar,-66.68790206048526,measured
Landolt_Para_Comp_4632,LP4632,molar,190.51004790902363,measured
Landolt_Dia_Comp_5843,LD5843,molar,-46.79817897360222,measured
Landolt_Dia_Comp_5598,LD5598,molar,-57.27278258721869,measured
Landolt_Para_Comp_726,LP726,molar,201.78915072203165,measured
Landolt_Para_Comp_3885,LP3885,molar,113.04663552058636,measured
Landolt_Dia_Comp_2803,LD2803,molar,-44.87004063856928,measured
Landolt_Dia_Comp_3553,LD3553,molar,-28.317629343771387,measured
Landolt_Dia_Comp_5831,LD5831,molar,-45.226329140064465,measured
Landolt_Dia_Comp_3998,LD3998,molar,-19.937664456531373,measured
Landolt_Para_Comp_2368,LP2368,molar,72.4793155178103,measured
Landolt_Dia_Comp_5923,LD5923,molar,-26.954240559512556,measured
Landolt_Dia_Comp_576,LD576,molar,-30.725296569568112,measured
Landolt_Dia_Comp_3463,LD3463,molar,-87.95003703010221,measured
Landolt_Para_Comp_3945,LP3945,molar,10.492283155900644,measured
Landolt_Dia_Comp_3344,LD3344,molar,-59.530853164030674,measured
Landolt_Para_Comp_4452,LP4452,molar,191.74288003968852,measured
Landolt_Para_Comp_5804,LP5804,molar,50.8707876698482,measured
Landolt_Dia_Comp_4879,LD4879,molar,-61.23810123337368,measured
Landolt_Para_Comp_5365,LP5365,molar,111.01762455046601,measured
Landolt_Dia_Comp_4988,LD4988,molar,-51.13855819663012,measured
Landolt_Dia_Comp_4284,LD4284,molar,-66.19879963613224,measured
Landolt_Para_Comp_4415,LP4415,molar,54.271222389387965,measured
Landolt_Para_Comp_4500,LP4500,molar,107.45052051627128,measured
Landolt_Dia_Comp_2,LD2,molar,-69.33275505379473,measured
Landolt_Dia_Comp_270,LD270,molar,-46.77424617910334,measured
Landolt_Para_Comp_3964,LP3964,molar,106.79020245445193,measured
Landolt_Para_Comp_847,LP847,molar,226.5377368165451,measured
Landolt_Para_Comp_2306,LP2306,molar,79.53896416225328,measured
Landolt_Para_Comp_5407,LP5407,molar,53.43065316017883,measured
Landolt_Dia_Comp_3722,LD3722,molar,-91.26250924841776,measured
Landolt_Dia_Comp_921,LD921,molar,-32.75894816632964,measured
Landolt_Para_Comp_857,LP857,molar,18.3211772559057,measured
Landolt_Dia_Comp_2017,LD2017,molar,-40.44324796961327,measured
Landolt_Dia_Comp_592,LD592,molar,-62.06629776244911,measured
Landolt_Dia_Comp_4328,LD4328,molar,-1.0,measured
Landolt_Dia_Comp_2622,LD2622,molar,-33.68291712333485,measured
Landolt_Dia_Comp_2450,LD2450,molar,-10.003313339197973,measured
Landolt_Dia_Comp_2790,LD2790,molar,-51.580139797549855,measured
Landolt_Dia_Comp_32,LD32,molar,-33.18071718684912,measured
Landolt_Dia_Comp_3816,LD3816,molar,-31.126470747452153,measured
Landolt_Para_Comp_2589,LP2589,molar,10.077351635281499,measured
Landolt_Dia_Comp_132,LD132,molar,-31.286255158752628,measured
Landolt_Para_Comp_3269,LP3269,molar,187.86210334954748,measured
Landolt_Para_Comp_4283,LP4283,molar,127.87086987503716,measured
Landolt_Para_Comp_4226,LP4226,molar,184.24620743678665,measured
Landolt_Para_Comp_729,LP729,molar,47.67226059545111,measured
Landolt_Dia_Comp_19,LD19,molar,-64.9152159008159,measured
Landolt_Dia_Comp_150,LD150,molar,-27.620988340869452,measured
Landolt_Para_Comp_5123,LP5123,molar,121.04232611274556,measured
Landolt_Dia_Comp_924,LD924,molar,-40.40103004807534,measured
Landolt_Para_Comp_319,LP319,molar,94.82016423126836,measured
Landolt_Dia_Comp_2228,LD2228,molar,-59.9937912058559,measured
Landolt_Dia_Comp_1469,LD1469,molar,-79.70692792493551,measured
Landolt_Para_Comp_2405,LP2405,molar,56.03330775546648,measured
Landolt_Dia_Comp_1772,LD1772,molar,-49.398614582876206,measured
Landolt_Para_Comp_4799,LP4799,molar,87.25849069728228,measured
Landolt_Dia_Comp_5282,LD5282,molar,-72.67317326286869,measured
Landolt_Dia_Comp_2688,LD2688,molar,-44.17533870261055,measured
Landolt_Para_Comp_1925,LP1925,molar,25.6753805344319,measured
Landolt_Dia_Comp_1130,LD1130,molar,-61.064361029570264,measured
Landolt_Para_Comp_4061,LP4061,molar,113.99885243783072,measured
Landolt_Para_Comp_3194,LP3194,molar,90.81665994523709,measured
Landolt_Para_Comp_5943,LP5943,molar,188.99862611466924,measured
Landolt_Para_Comp_1021,LP1021,molar,131.67718354576147,measured
Landolt_Dia_Comp_2349,LD2349,molar,-49.89438396574281,measured
Landolt_Para_Comp_2046,LP2046,molar,24.3653223223807,measured
Landolt_Para_Comp_3654,LP3654,molar,443.61675120875054,measured
Landolt_Dia_Comp_988,LD988,molar,-16.424985558673697,measured
Landolt_Dia_Comp_51,LD51,molar,-37.576452142861314,measured
Landolt_Para_Comp_1396,LP1396,molar,11.790613481422627,measured
Landolt_Dia_Comp_2661,LD2661,molar,-35.97988672278497,measured
Landolt_Dia_Comp_3962,LD3962,molar,-36.535089007182236,measured
Landolt_Para_Comp_2226,LP2226,molar,21.508870848445316,measured
Landolt_Para_Comp_4192,LP4192,molar,172.13201795502454,measured
Landolt_Para_Comp_4848,LP4848,molar,93.43140525001155,measured
Landolt_Dia_Comp_4371,LD4371,molar,-95.68218728411,measured
Landolt_Dia_Comp_1326,LD1326,molar,-33.91681322275229,measured
Landolt_Dia_Comp_1603,LD1603,molar,-67.14245251628563,measured
Landolt_Para_Comp_663,LP663,molar,52.05788167864341,measured
Landolt_Dia_Comp_1314,LD1314,molar,-14.383529017679258,measured
Landolt_Para_Comp_3370,LP3370,molar,181.6067612602714,measured
Landolt_Dia_Comp_3812,LD3812,molar,-53.366791524312845,measured
Landolt_Dia_Comp_4570,LD4570,molar,-14.729516621838712,measured
Landolt_Dia_Comp_1245,LD1245,molar,-43.61298529338264,measured
Landolt_Dia_Comp_4905,LD4905,molar,-87.38229074835999,measured
Landolt_Para_Comp_5222,LP5222,molar,344.6951735696595,measured
Landolt_Dia_Comp_870,LD870,molar,-49.883142289336625,measured
Landolt_Para_Comp_372,LP372,molar,33.34872501599856,measured
Landolt_Para_Comp_5915,LP5915,molar,99.10553978751832,measured
Landolt_Dia_Comp_2542,LD2542,molar,-43.73848217125448,measured
Landolt_Dia_Comp_1793,LD1793,molar,-35.513604560905165,measured
Landolt_Dia_Comp_4666,LD4666,molar,-31.997979161061807,measured
Landolt_Dia_Comp_826,LD826,molar,-19.351423428945264,measured
Landolt_Para_Comp_143,LP143,molar,138.8953162977161,measured
Landolt_Dia_Comp_2678,LD2678,molar,-91.28187235440271,measured
Landolt_Para_Comp_2924,LP2924,molar,77.86145640170206,measured
Landolt_Dia_Comp_2325,LD2325,molar,-82.7346180817822,measured
Landolt_Dia_Comp_5491,LD5491,molar,-68.7694848767559,measured
Landolt_Dia_Comp_96,LD96,molar,-72.82213406183935,measured
Landolt_Para_Comp_4021,LP4021,molar,32.81261581779603,measured
Landolt_Dia_Comp_3850,LD3850,molar,-27.72768985192154,measured
Landolt_Para_Comp_5913,LP5913,molar,126.29600275972197,measured
Landolt_Para_Comp_1337,LP1337,molar,88.74214997335412,measured
Landolt_Para_Comp_2968,LP2968,molar,251.94769798750224,measured
Landolt_Para_Comp_3218,LP3218,molar,26.63754055586358,measured
Landolt_Dia_Comp_385,LD385,molar,-33.562170629569806,measured
Landolt_Para_Comp_3600,LP3600,molar,144.6638895331839,measured
Landolt_Para_Comp_3542,LP3542,molar,14.605433390192673,measured
Landolt_Dia_Comp_5042,LD5042,molar,-61.24617332732947,measured
Landolt_Dia_Comp_5637,LD5637,molar,-58.791436093106206,measured
Landolt_Dia_Comp_3933,LD3933,molar,-65.13170069206038,measured
Landolt_Dia_Comp_2355,LD2355,molar,-39.94546777044985,measured
Landolt_Para_Comp_4723,LP4723,molar,18.83012428681064,measured
Landolt_Dia_Comp_296,LD296,molar,-61.11678292204642,measured
Landolt_Dia_Comp_1075,LD1075,molar,-80.74212543497134,measured
Landolt_Para_Comp_4734,LP4734,molar,19.568823940754367,measured
Landolt_Dia_Comp_2516,LD2516,molar,-76.3608251856564,measured
Landolt_Para_Comp_1653,LP1653,molar,47.140286632084766,measured
Landolt_Para_Comp_45,LP45,molar,131.72150258311734,measured
Landolt_Dia_Comp_2667,LD2667,molar,-28.295697466348514,measured
Landolt_Para_Comp_1534,LP1534,molar,116.18334139409221,measured
Landolt_Para_Comp_1487,LP1487,molar,138.74122478315655,measured
Landolt_Para_Comp_2926,LP2926,molar,240.52966984136492,measured
Landolt_Para_Comp_2189,LP2189,molar,510.259741438994,measured
Landolt_Para_Comp_1180,LP1180,molar,13.388346211474452,measured
Landolt_Para_Comp_3121,LP3121,molar,194.7918522523355,measured
Landolt_Dia_Comp_2291,LD2291,molar,-70.54309045618656,measured
Landolt_Para_Comp_4193,LP4193,molar,92.5971074745614,measured
Landolt_Dia_Comp_4860,LD4860,molar,-36.3907308519407,measured
Landolt_Dia_Comp_841,LD841,molar,-7.196464440855422,measured
Landolt_Dia_Comp_1711,LD1711,molar,-53.005531379461246,measured
Landolt_Dia_Comp_5739,LD5739,molar,-44.76111160285074,measured
Landolt_Para_Comp_4841,LP4841,molar,36.11317218401396,measured
Landolt_Dia_Comp_4145,LD4145,molar,-26.426057851015806,measured
Landolt_Para_Comp_909,LP909,molar,161.89224191229073,measured
Landolt_Para_Comp_4741,LP4741,molar,192.79905666379798,measured
Landolt_Dia_Comp_4555,LD4555,molar,-53.9346347931681,measured
Landolt_Dia_Comp_1579,LD1579,molar,-32.856201469537666,measured
Landolt_Para_Comp_5293,LP5293,molar,75.65166224934312,measured
Landolt_Para_Comp_1013,LP1013,molar,197.57179961635308,measured
Landolt_Para_Comp_5458,LP5458,molar,109.39096228349469,measured
Landolt_Dia_Comp_4168,LD4168,molar,-79.11926436265006,measured
Landolt_Para_Comp_3073,LP3073,molar,453.28830706969944,measured
Landolt_Dia_Comp_5655,LD5655,molar,-26.513025280372243,measured
Landolt_Para_Comp_273,LP273,molar,57.491083920561316,measured
Landolt_Dia_Comp_2227,LD2227,molar,-19.58107342641356,measured
Landolt_Para_Comp_2127,LP2127,molar,122.62829611130964,measured
Landolt_Para_Comp_1700,LP1700,molar,380.2562041835709,measured
Landolt_Dia_Comp_4353,LD4353,molar,-73.58625421144424,measured
Landolt_Dia_Comp_188,LD188,molar,-60.664543051785785,measured
Landolt_Dia_Comp_5330,LD5330,molar,-35.96976984410318,measured
Landolt_Dia_Comp_487,LD487,molar,-60.67605885452758,measured
Landolt_Para_Comp_1695,LP1695,molar,69.19862108733356,measured
Landolt_Dia_Comp_941,LD941,molar,-14.285399841102958,measured
Landolt_Para_Comp_1422,LP1422,molar,57.833800853894445,measured
Landolt_Para_Comp_1461,LP1461,molar,12.742004090024402,measured
Landolt_Para_Comp_1025,LP1025,molar,544.0635247076136,measured
Landolt_Dia_Comp_4434,LD4434,molar,-40.843687083227195,measured
Landolt_Dia_Comp_205,LD205,molar,-47.57743565661585,measured
Landolt_Para_Comp_1802,LP1802,molar,372.0400329940063,measured
Landolt_Dia_Comp_1266,LD1266,molar,-53.43757900918209,measured
Landolt_Para_Comp_5433,LP5433,molar,17.173333446990267,measured
Landolt_Dia_Comp_3035,LD3035,molar,-51.20667178861219,measured
Landolt_Para_Comp_4838,LP4838,molar,22.872415658006318,measured
Landolt_Dia_Comp_158,LD158,molar,-74.87199724974037,measured
Landolt_Para_Comp_740,LP740,molar,133.28775879970644,measured
Landolt_Para_Comp_49,LP49,molar,284.7540551950158,measured
Landolt_Para_Comp_1101,LP1101,molar,28.87889348701555,measured
Landolt_Para_Comp_398,LP398,molar,439.32107017413114,measured
Landolt_Para_Comp_1966,LP1966,molar,159.53049924444468,measured
Landolt_Dia_Comp_4493,LD4493,molar,-26.433326692899772,measured
Landolt_Dia_Comp_3551,LD3551,molar,-85.8794452118745,measured
Landolt_Dia_Comp_113,LD113,molar,-64.95927333433622,measured
Landolt_Para_Comp_2286,LP2286,molar,13.879078355536684,measured
Landolt_Para_Comp_3282,LP3282,molar,96.07958681455887,measured
Landolt_Dia_Comp_766,LD766,molar,-60.952630714811505,measured
Landolt_Dia_Comp_3509,LD3509,molar,-29.616462555457424,measured
Landolt_Dia_Comp_3449,LD3449,molar,-28.787718298792257,measured
Landolt_Para_Comp_5411,LP5411,molar,77.64910503449468,measured
Landolt_Dia_Comp_3200,LD3200,molar,-31.708860771104526,measured
Landolt_Dia_Comp_2685,LD2685,molar,-54.19387594201972,measured
Landolt_Dia_Comp_3781,LD3781,molar,-7.067120812137219,measured
Landolt_Dia_Comp_4345,LD4345,molar,-36.06694975042354,measured
Landolt_Para_Comp_1775,LP1775,molar,258.13007581966247,measured
Landolt_Dia_Comp_2387,LD2387,molar,-50.755864099751044,measured
Landolt_Dia_Comp_1543,LD1543,molar,-91.45595478032939,measured
Landolt_Para_Comp_557,LP557,molar,74.3948795770919,measured
Landolt_Para_Comp_1688,LP1688,molar,21.227077548962672,measured
Landolt_Para_Comp_794,LP794,molar,267.55095438867204,measured
Landolt_Para_Comp_3727,LP3727,molar,398.5748912637131,measured
Landolt_Para_Comp_3631,LP3631,molar,12.737927954851308,measured
Landolt_Para_Comp_5382,LP5382,molar,171.48117523498598,measured
Landolt_Para_Comp_4973,LP4973,molar,199.2574556198147,measured
Landolt_Dia_Comp_3081,LD3081,molar,-40.64480795173055,measured
Landolt_Dia_Comp_1738,LD1738,molar,-69.16808855049217,measured
Landolt_Para_Comp_1933,LP1933,molar,142.2783438253419,measured
Landolt_Para_Comp_4660,LP4660,molar,48.302478526228114,measured
Landolt_Dia_Comp_5869,LD5869,molar,-37.79688433680925,measured
Landolt_Dia_Comp_733,LD733,molar,-28.24647995144894,measured
Landolt_Para_Comp_4235,LP4235,molar,96.62000248007188,measured
Landolt_Dia_Comp_3687,LD3687,molar,-27.289565235750484,measured
Landolt_Para_Comp_3515,LP3515,molar,93.1619116639064,measured
Landolt_Para_Comp_1209,LP1209,molar,55.868252166807395,measured
Landolt_Dia_Comp_5945,LD5945,molar,-66.15861042281674,measured
Landolt_Dia_Comp_2236,LD2236,molar,-40.881776384905145,measured
Landolt_Para_Comp_1615,LP1615,molar,45.35221785284387,measured
Landolt_Dia_Comp_1733,LD1733,molar,-59.62329837025552,measured
Landolt_Para_Comp_4983,LP4983,molar,259.77763082999445,measured
Landolt_Para_Comp_1091,LP1091,molar,78.6215116795541,measured
Landolt_Dia_Comp_3881,LD3881,molar,-46.966604445821545,measured
Landolt_Para_Comp_3182,LP3182,molar,76.98043049798471,measured
Landolt_Dia_Comp_1088,LD1088,molar,-54.70356544901022,measured
Landolt_Dia_Comp_5508,LD5508,molar,-58.78566043118542,measured
Landolt_Dia_Comp_2949,LD2949,molar,-57.87019553155685,measured
Landolt_Dia_Comp_3087,LD3087,molar,-41.29248222924487,measured
Landolt_Dia_Comp_2750,LD2750,molar,-21.49678319910223,measured
Landolt_Para_Comp_4781,LP4781,molar,54.59489287551488,measured
Landolt_Dia_Comp_4569,LD4569,molar,-46.578735997031764,measured
Landolt_Para_Comp_4740,LP4740,molar,59.79761290086364,measured
Landolt_Para_Comp_5726,LP5726,molar,1212.0587306988898,measured
Landolt_Dia_Comp_5316,LD5316,molar,-49.20289000690338,measured
Landolt_Dia_Comp_3627,LD3627,molar,-14.841624679460026,measured
Landolt_Dia_Comp_1057,LD1057,molar,-60.21219079913276,measured
Landolt_Dia_Comp_3100,LD3100,molar,-46.016214822643754,measured
Landolt_Para_Comp_4063,LP4063,molar,268.08520255956824,measured
Landolt_Dia_Comp_5570,LD5570,molar,-8.388625682145765,measured
Landolt_Dia_Comp_2304,LD2304,molar,-32.529385868107724,measured
Landolt_Para_Comp_1161,LP1161,molar,110.74247629159593,measured
Landolt_Para_Comp_1288,LP1288,molar,35.88695835070165,measured
Landolt_Dia_Comp_4059,LD4059,molar,-44.46331760362503,measured
Landolt_Dia_Comp_5835,LD5835,molar,-22.30592317329009,measured
Landolt_Para_Comp_4153,LP4153,molar,48.50721225672001,measured
Landolt_Dia_Comp_1670,LD1670,molar,-69.16495654953417,measured
Landolt_Dia_Comp_3742,LD3742,molar,-27.430199257884965,measured
Landolt_Para_Comp_539,LP539,molar,61.205650543541076,measured
Landolt_Para_Comp_1481,LP1481,molar,407.61253047846174,measured
Landolt_Dia_Comp_3476,LD3476,molar,-27.442253977497817,measured
Landolt_Para_Comp_5258,LP5258,molar,350.57437221903024,measured
Landolt_Dia_Comp_236,LD236,molar,-59.1003628609353,measured
Landolt_Dia_Comp_2491,LD2491,molar,-48.79722220892604,measured
Landolt_Para_Comp_3970,LP3970,molar,184.50786520755494,measured
Landolt_Dia_Comp_1095,LD1095,molar,-72.84653742000992,measured
Landolt_Para_Comp_3944,LP3944,molar,78.7012731988381,measured
Landolt_Dia_Comp_3151,LD3151,molar,-90.78555699708431,measured
Landolt_Para_Comp_3339,LP3339,molar,233.18229948490807,measured
Landolt_Dia_Comp_2364,LD2364,molar,-79.02599918045537,measured
Landolt_Para_Comp_3071,LP3071,molar,17.844220839087285,measured
Landolt_Dia_Comp_1019,LD1019,molar,-74.07266440061184,measured
Landolt_Para_Comp_5644,LP5644,molar,168.4255371986262,measured
Landolt_Para_Comp_5089,LP5089,molar,22.10090139108244,measured
Landolt_Dia_Comp_5349,LD5349,molar,-30.937187057326817,measured
Landolt_Dia_Comp_1378,LD1378,molar,-29.349685311591433,measured
Landolt_Dia_Comp_5941,LD5941,molar,-26.394271075474663,measured
Landolt_Para_Comp_3263,LP3263,molar,491.91765373158336,measured
Landolt_Dia_Comp_3979,LD3979,molar,-1.0,measured
Landolt_Dia_Comp_2521,LD2521,molar,-55.897098149211686,measured
Landolt_Para_Comp_1896,LP1896,molar,216.05506697268157,measured
Landolt_Dia_Comp_5184,LD5184,molar,-71.52227598367298,measured
Landolt_Dia_Comp_170,LD170,molar,-60.93483665144566,measured
Landolt_Dia_Comp_5997,LD5997,molar,-51.1737508239773,measured
Landolt_Para_Comp_2492,LP2492,molar,228.1442854153521,measured
Landolt_Para_Comp_3069,LP3069,molar,11.838559639377902,measured
Landolt_Para_Comp_1446,LP1446,molar,85.47323678763534,measured
Landolt_Dia_Comp_2675,LD2675,molar,-57.37793658107193,measured
Landolt_Dia_Comp_378,LD378,molar,-40.559556472530105,measured
Landolt_Para_Comp_5772,LP5772,molar,246.79108838290762,measured
Landolt_Dia_Comp_1372,LD1372,molar,-17.437713394783025,measured
Landolt_Para_Comp_2224,LP2224,molar,66.245372625398,measured
Landolt_Para_Comp_1774,LP1774,molar,344.8059793142504,measured
Landolt_Dia_Comp_388,LD388,molar,-62.254509002763456,measured
Landolt_Dia_Comp_3705,LD3705,molar,-59.20150043182572,measured
Landolt_Dia_Comp_545,LD545,molar,-31.194946632533508,measured
Landolt_Dia_Comp_1685,LD1685,molar,-53.73943782787102,measured
Landolt_Para_Comp_3270,LP3270,molar,251.10787499824278,measured
Landolt_Para_Comp_328,LP328,molar,33.898900041254294,measured
Landolt_Dia_Comp_1229,LD1229,molar,-74.19015102664453,measured
Landolt_Para_Comp_3378,LP3378,molar,86.49560038309836,measured
Landolt_Para_Comp_4696,LP4696,molar,175.115833538559,measured
Landolt_Dia_Comp_2789,LD2789,molar,-51.880825195795296,measured
Landolt_Para_Comp_4353,LP4353,molar,23.707446223135914,measured
Landolt_Dia_Comp_4789,LD4789,molar,-56.37991686681556,measured
Landolt_Dia_Comp_700,LD700,molar,-48.74227537095109,measured
Landolt_Para_Comp_1197,LP1197,molar,71.94179854610111,measured
Landolt_Dia_Comp_1446,LD1446,molar,-71.20154381967352,measured
Landolt_Dia_Comp_5743,LD5743,molar,-28.46874038272086,measured
Landolt_Dia_Comp_690,LD690,molar,-55.73131335458032,measured
Landolt_Para_Comp_4671,LP4671,molar,53.408256622465046,measured
Landolt_Para_Comp_1868,LP1868,molar,311.6085319602737,measured
Landolt_Para_Comp_418,LP418,molar,265.61124451012086,measured
Landolt_Para_Comp_832,LP832,molar,302.86179056006534,measured
Landolt_Dia_Comp_2460,LD2460,molar,-24.157929281489206,measured
Landolt_Para_Comp_3595,LP3595,molar,614.7959451410406,measured
Landolt_Para_Comp_3423,LP3423,molar,220.25066459294587,measured
Landolt_Para_Comp_4938,LP4938,molar,198.21433157176912,measured
Landolt_Dia_Comp_1393,LD1393,molar,-64.6840425022207,measured
Landolt_Para_Comp_5951,LP5951,molar,109.62961021654621,measured
Landolt_Para_Comp_2791,LP2791,molar,96.5073010363247,measured
Landolt_Para_Comp_3426,LP3426,molar,93.43913471865272,measured
Landolt_Dia_Comp_4706,LD4706,molar,-43.22065103288739,measured
Landolt_Dia_Comp_4232,LD4232,molar,-46.15633286352825,measured
Landolt_Dia_Comp_2305,LD2305,molar,-51.02977599515294,measured
Landolt_Para_Comp_3390,LP3390,molar,657.3156821442884,measured
Landolt_Para_Comp_5584,LP5584,molar,50.46302561480642,measured
Landolt_Para_Comp_4888,LP4888,molar,25.52127387222206,measured
Landolt_Dia_Comp_1350,LD1350,molar,-50.635382740603305,measured
Landolt_Dia_Comp_5435,LD5435,molar,-33.9505488872136,measured
Landolt_Dia_Comp_2094,LD2094,molar,-64.3099073281817,measured
Landolt_Dia_Comp_2751,LD2751,molar,-33.36283718182088,measured
Landolt_Dia_Comp_5883,LD5883,molar,-73.87406932637953,measured
Landolt_Dia_Comp_3238,LD3238,molar,-35.173551077511874,measured
Landolt_Para_Comp_5415,LP5415,molar,17.509997918904286,measured
Landolt_Para_Comp_2527,LP2527,molar,128.94521562613124,measured
Landolt_Para_Comp_4769,LP4769,molar,222.85199559743432,measured
Landolt_Para_Comp_391,LP391,molar,199.4069008520852,measured
Landolt_Para_Comp_1056,LP1056,molar,78.51328114334018,measured
Landolt_Dia_Comp_2801,LD2801,molar,-10.866763034387183,measured
Landolt_Para_Comp_786,LP786,molar,112.65497039374696,measured
Landolt_Para_Comp_3799,LP3799,molar,32.98476893376507,measured
Landolt_Dia_Comp_2638,LD2638,molar,-17.52084847060999,measured
Landolt_Para_Comp_3650,LP3650,molar,60.18481240138024,measured
Landolt_Dia_Comp_3546,LD3546,molar,-48.87491303372347,measured
Landolt_Para_Comp_4853,LP4853,molar,29.131902280487452,measured
Landolt_Para_Comp_1969,LP1969,molar,218.87525273532813,measured
Landolt_Para_Comp_5286,LP5286,molar,237.6150974329959,measured
Landolt_Dia_Comp_2245,LD2245,molar,-56.54518369042716,measured
Landolt_Dia_Comp_3847,LD3847,molar,-33.45175863415824,measured
Landolt_Dia_Comp_5944,LD5944,molar,-70.65727024269857,measured
Landolt_Para_Comp_5711,LP5711,molar,286.88661811084876,measured
Landolt_Dia_Comp_1339,LD1339,molar,-69.72510894647976,measured
Landolt_Para_Comp_348,LP348,molar,253.2582328119204,measured
Landolt_Dia_Comp_1831,LD1831,molar,-54.074251650899875,measured
Landolt_Dia_Comp_4939,LD4939,molar,-20.362385844895133,measured
Landolt_Para_Comp_47,LP47,molar,255.38707150048066,measured
Landolt_Para_Comp_5816,LP5816,molar,210.06794612087603,measured
Landolt_Para_Comp_1738,LP1738,molar,17.291475189193644,measured
Landolt_Dia_Comp_5044,LD5044,molar,-45.73993889539107,measured
Landolt_Para_Comp_3343,LP3343,molar,48.00111581401717,measured
Landolt_Para_Comp_3627,LP3627,molar,142.05236070114574,measured
Landolt_Dia_Comp_5224,LD5224,molar,-41.467846116513506,measured
Landolt_Para_Comp_1942,LP1942,molar,82.9407888720687,measured
Landolt_Para_Comp_4728,LP4728,molar,215.77462423555468,measured
Landolt_Para_Comp_4784,LP4784,molar,62.852353571528724,measured
Landolt_Dia_Comp_4582,LD4582,molar,-33.09804777090385,measured
Landolt_Dia_Comp_4993,LD4993,molar,-81.81144284925394,measured
Landolt_Dia_Comp_1829,LD1829,molar,-59.30765719562251,measured
Landolt_Dia_Comp_1649,LD1649,molar,-30.891253565893134,measured
Landolt_Dia_Comp_1030,LD1030,molar,-52.802669083465545,measured
Landolt_Dia_Comp_368,LD368,molar,-49.42710495183403,measured
Landolt_Dia_Comp_1033,LD1033,molar,-88.49656752081107,measured
Landolt_Dia_Comp_2583,LD2583,molar,-30.77709493712665,measured
Landolt_Para_Comp_5076,LP5076,molar,146.83081606420532,measured
Landolt_Dia_Comp_407,LD407,molar,-35.987908962823944,measured
Landolt_Para_Comp_3251,LP3251,molar,12.509947233147459,measured
Landolt_Dia_Comp_2384,LD2384,molar,-30.685826106974588,measured
Landolt_Para_Comp_5317,LP5317,molar,67.15477806422709,measured
Landolt_Para_Comp_5691,LP5691,molar,176.6420860477407,measured
Landolt_Dia_Comp_2327,LD2327,molar,-42.594393489594836,measured
Landolt_Dia_Comp_3479,LD3479,molar,-42.61090978053865,measured
Landolt_Dia_Comp_1112,LD1112,molar,-46.28229878898325,measured
Landolt_Dia_Comp_25,LD25,molar,-32.86295804061467,measured
Landolt_Dia_Comp_2695,LD2695,molar,-51.14550501338482,measured
Landolt_Dia_Comp_2225,LD2225,molar,-60.94007761327488,measured
Landolt_Dia_Comp_3296,LD3296,molar,-61.76452343614292,measured
Landolt_Para_Comp_4099,LP4099,molar,64.68503057651046,measured
Landolt_Dia_Comp_4297,LD4297,molar,-31.62353201462621,measured
Landolt_Para_Comp_5518,LP5518,molar,56.98525511760275,measured
Landolt_Para_Comp_1825,LP1825,molar,30.35106973602199,measured
Landolt_Para_Comp_2037,LP2037,molar,28.154607970770268,measured
Landolt_Dia_Comp_2637,LD2637,molar,-44.62329633981131,measured
Landolt_Dia_Comp_2186,LD2186,molar,-31.959162143137124,measured
Landolt_Para_Comp_682,LP682,molar,213.11014033422285,measured
Landolt_Dia_Comp_3694,LD3694,molar,-75.40663055235046,measured
Landolt_Dia_Comp_4796,LD4796,molar,-33.10849150375863,measured
Landolt_Dia_Comp_4189,LD4189,molar,-29.226015885546666,measured
Landolt_Para_Comp_5146,LP5146,molar,243.7423588907647,measured
Landolt_Para_Comp_3458,LP3458,molar,282.5291858394497,measured
Landolt_Para_Comp_3439,LP3439,molar,143.9503707233234,measured
Landolt_Dia_Comp_5106,LD5106,molar,-13.736403669320353,measured
Landolt_Dia_Comp_5105,LD5105,molar,-49.02735797047755,measured
Landolt_Para_Comp_2496,LP2496,molar,70.42099089717206,measured
Landolt_Dia_Comp_2761,LD2761,molar,-48.79109083482553,measured
Landolt_Dia_Comp_4074,LD4074,molar,-33.44986915240313,measured
Landolt_Dia_Comp_2477,LD2477,molar,-76.05967820687611,measured
Landolt_Para_Comp_2650,LP2650,molar,35.710718165603296,measured
Landolt_Dia_Comp_2203,LD2203,molar,-23.90603636176642,measured
Landolt_Dia_Comp_2579,LD2579,molar,-19.755668746396612,measured
Landolt_Para_Comp_3611,LP3611,molar,162.78890214297084,measured
Landolt_Dia_Comp_2857,LD2857,molar,-72.04053992248666,measured
Landolt_Para_Comp_423,LP423,molar,48.939072143201976,measured
Landolt_Para_Comp_751,LP751,molar,98.10104421839154,measured
Landolt_Para_Comp_986,LP986,molar,130.50901615715122,measured
Landolt_Dia_Comp_821,LD821,molar,-45.06755751660588,measured
Landolt_Para_Comp_3422,LP3422,molar,44.40838458702654,measured
Landolt_Dia_Comp_2677,LD2677,molar,-51.550289191904504,measured
Landolt_Para_Comp_2123,LP2123,molar,22.109929144700295,measured
Landolt_Para_Comp_5036,LP5036,molar,183.8031725095142,measured
Landolt_Para_Comp_177,LP177,molar,72.00494312831864,measured
Landolt_Dia_Comp_4604,LD4604,molar,-59.376082395830565,measured
Landolt_Dia_Comp_221,LD221,molar,-43.74105444776613,measured
Landolt_Para_Comp_2746,LP2746,molar,104.59866876933054,measured
Landolt_Dia_Comp_5989,LD5989,molar,-51.523335910762626,measured
Landolt_Dia_Comp_1613,LD1613,molar,-26.21991867302263,measured
Landolt_Dia_Comp_4745,LD4745,molar,-48.30463621692747,measured
Landolt_Para_Comp_5292,LP5292,molar,152.02235563749323,measured
Landolt_Para_Comp_1228,LP1228,molar,213.42870849684851,measured
Landolt_Dia_Comp_3739,LD3739,molar,-35.221931809316914,measured
Landolt_Para_Comp_2587,LP2587,molar,361.48594883699775,measured
Landolt_Dia_Comp_3882,LD3882,molar,-36.92902343994584,measured
Landolt_Para_Comp_2001,LP2001,molar,32.216528212042945,measured
Landolt_Dia_Comp_4216,LD4216,molar,-68.11950815413581,measured
Landolt_Para_Comp_4585,LP4585,molar,421.8130949247669,measured
Landolt_Dia_Comp_4822,LD4822,molar,-58.512497573846574,measured
Landolt_Dia_Comp_5194,LD5194,molar,-82.77752022548428,measured
Landolt_Para_Comp_2020,LP2020,molar,196.32454675933926,measured
Landolt_Dia_Comp_1157,LD1157,molar,-54.954301379514746,measured
Landolt_Para_Comp_1261,LP1261,molar,572.0124650343172,measured
Landolt_Dia_Comp_5521,LD5521,molar,-43.84529965876551,measured
Landolt_Para_Comp_2389,LP2389,molar,55.07549272070976,measured
Landolt_Dia_Comp_200,LD200,molar,-56.6141211818185,measured
Landolt_Para_Comp_5566,LP5566,molar,127.0492628571713,measured
Landolt_Para_Comp_677,LP677,molar,318.3897217756778,measured
Landolt_Dia_Comp_2792,LD2792,molar,-38.520318254656885,measured
Landolt_Para_Comp_4538,LP4538,molar,64.99909999014017,measured
Landolt_Dia_Comp_4311,LD4311,molar,-26.248024595227722,measured
Landolt_Para_Comp_4751,LP4751,molar,138.8956913711661,measured
Landolt_Para_Comp_4454,LP4454,molar,699.247006622057,measured
Landolt_Dia_Comp_3345,LD3345,molar,-57.32069634622246,measured
Landolt_Dia_Comp_3938,LD3938,molar,-45.58435463209229,measured
Landolt_Dia_Comp_3444,LD3444,molar,-48.843597247739105,measured
Landolt_Para_Comp_4444,LP4444,molar,226.91922082993185,measured
Landolt_Para_Comp_1458,LP1458,molar,128.37167782779773,measured
Landolt_Dia_Comp_2641,LD2641,molar,-56.4549091352943,measured
Landolt_Dia_Comp_3904,LD3904,molar,-51.501854982457644,measured
Landolt_Para_Comp_5751,LP5751,molar,96.597940914894,measured
Landolt_Dia_Comp_148,LD148,molar,-74.5152104057171,measured
Landolt_Dia_Comp_5079,LD5079,molar,-35.12639674760176,measured
Landolt_Dia_Comp_3135,LD3135,molar,-9.515513627566591,measured
Landolt_Para_Comp_3521,LP3521,molar,19.650875075323704,measured
Landolt_Dia_Comp_34,LD34,molar,-65.96529277304052,measured
Landolt_Para_Comp_5177,LP5177,molar,26.925204335265576,measured
Landolt_Dia_Comp_1399,LD1399,molar,-71.42692313640359,measured
Landolt_Dia_Comp_2778,LD2778,molar,-11.836641509962107,measured
Landolt_Dia_Comp_2864,LD2864,molar,-20.737813956222663,measured
Landolt_Dia_Comp_237,LD237,molar,-37.44176536046254,measured
Landolt_Dia_Comp_2466,LD2466,molar,-63.12498781610654,measured
Landolt_Para_Comp_58,LP58,molar,220.63196102738846,measured
Landolt_Dia_Comp_1993,LD1993,molar,-37.08933335636471,measured
Landolt_Dia_Comp_4662,LD4662,molar,-24.822272870664207,measured
Landolt_Dia_Comp_5583,LD5583,molar,-87.78154914833297,measured
Landolt_Dia_Comp_2880,LD2880,molar,-47.68169384857687,measured
Landolt_Para_Comp_3762,LP3762,molar,375.04994279587686,measured
Landolt_Para_Comp_4197,LP4197,molar,503.5312501301683,measured
Landolt_Dia_Comp_5111,LD5111,molar,-98.38088259420394,measured
Landolt_Para_Comp_5983,LP5983,molar,160.1706835890914,measured
Landolt_Dia_Comp_4022,LD4022,molar,-91.56785871439597,measured
Landolt_Dia_Comp_2357,LD2357,molar,-36.90769487122421,measured
Landolt_Dia_Comp_92,LD92,molar,-36.728632675104464,measured
Landolt_Para_Comp_4122,LP4122,molar,563.6786580307322,measured
Landolt_Para_Comp_1941,LP1941,molar,179.98768634725562,measured
Landolt_Dia_Comp_2523,LD2523,molar,-53.56435728035854,measured
Landolt_Dia_Comp_4956,LD4956,molar,-52.806189777305605,measured
Landolt_Dia_Comp_1593,LD1593,molar,-67.37356143974105,measured
Landolt_Dia_Comp_5846,LD5846,molar,-78.70782609982122,measured
Landolt_Dia_Comp_413,LD413,molar,-62.62198658699063,measured
Landolt_Para_Comp_5541,LP5541,molar,231.19622015117355,measured
Landolt_Dia_Comp_4095,LD4095,molar,-42.05268267105357,measured
Landolt_Dia_Comp_4619,LD4619,molar,-58.7643259593396,measured
Landolt_Dia_Comp_1626,LD1626,molar,-85.0497544928708,measured
Landolt_Para_Comp_5368,LP5368,molar,122.51374625843617,measured
Landolt_Dia_Comp_4959,LD4959,molar,-16.831172990736974,measured
Landolt_Para_Comp_2335,LP2335,molar,54.19192320400111,measured
Landolt_Dia_Comp_2966,LD2966,molar,-15.741446443967718,measured
Landolt_Para_Comp_1667,LP1667,molar,68.46761744932853,measured
Landolt_Dia_Comp_551,LD551,molar,-51.81027963494512,measured
Landolt_Para_Comp_2431,LP2431,molar,191.1106155049497,measured
Landolt_Dia_Comp_5363,LD5363,molar,-13.30707474153187,measured
Landolt_Para_Comp_4870,LP4870,molar,70.31596058648921,measured
Landolt_Dia_Comp_4587,LD4587,molar,-62.83592975937807,measured
Landolt_Para_Comp_2409,LP2409,molar,299.7432789921598,measured
Landolt_Dia_Comp_651,LD651,molar,-63.80695109901032,measured
Landolt_Dia_Comp_4491,LD4491,molar,-53.12342049440328,measured
Landolt_Para_Comp_3765,LP3765,molar,124.01717620203004,measured
Landolt_Dia_Comp_162,LD162,molar,-58.68381623382544,measured
Landolt_Dia_Comp_2847,LD2847,molar,-50.19720863295541,measured
Landolt_Dia_Comp_2485,LD2485,molar,-69.49857759280572,measured
Landolt_Para_Comp_3740,LP3740,molar,140.63541881387,measured
Landolt_Dia_Comp_1134,LD1134,molar,-57.89308012824233,measured
Landolt_Para_Comp_1603,LP1603,molar,130.7605889385136,measured
Landolt_Para_Comp_954,LP954,molar,108.39035342429257,measured
Landolt_Dia_Comp_4874,LD4874,molar,-52.48185000011414,measured
Landolt_Dia_Comp_1026,LD1026,molar,-46.040352034922094,measured
Landolt_Dia_Comp_635,LD635,molar,-43.41194439063622,measured
Landolt_Dia_Comp_3777,LD3777,molar,-32.66631351363328,measured
Landolt_Para_Comp_5240,LP5240,molar,127.17590245222935,measured
Landolt_Dia_Comp_4013,LD4013,molar,-74.33386091422648,measured
Landolt_Para_Comp_4923,LP4923,molar,50.92593583457093,measured
Landolt_Para_Comp_5891,LP5891,molar,144.51803706243678,measured
Landolt_Dia_Comp_2200,LD2200,molar,-44.12098422356928,measured
Landolt_Para_Comp_3160,LP3160,molar,178.2956497357422,measured
Landolt_Para_Comp_5385,LP5385,molar,53.561451493190795,measured
Landolt_Dia_Comp_3801,LD3801,molar,-46.616545835049294,measured
Landolt_Dia_Comp_578,LD578,molar,-75.54953918010163,measured
Landolt_Para_Comp_4487,LP4487,molar,602.4188931914434,measured
Landolt_Para_Comp_3871,LP3871,molar,101.61507332875115,measured
Landolt_Dia_Comp_846,LD846,molar,-26.875568564337446,measured
Landolt_Dia_Comp_754,LD754,molar,-29.749655669869522,measured
Landolt_Para_Comp_4481,LP4481,molar,15.185317780448852,measured
Landolt_Dia_Comp_4962,LD4962,molar,-44.0620211519417,measured
Landolt_Para_Comp_3695,LP3695,molar,348.2928591852454,measured
Landolt_Para_Comp_5478,LP5478,molar,507.63262564414083,measured
Landolt_Para_Comp_521,LP521,molar,112.73655543301584,measured
Landolt_Para_Comp_573,LP573,molar,21.055598158361477,measured
Landolt_Para_Comp_1371,LP1371,molar,120.63825502076823,measured
Landolt_Dia_Comp_2507,LD2507,molar,-63.84664276875354,measured
Landolt_Para_Comp_2742,LP2742,molar,193.28465565718597,measured
Landolt_Dia_Comp_1210,LD1210,molar,-42.89123715444978,measured
Landolt_Dia_Comp_4265,LD4265,molar,-20.00626931078461,measured
Landolt_Para_Comp_5315,LP5315,molar,131.2392297101519,measured
Landolt_Dia_Comp_1371,LD1371,molar,-74.10575465883961,measured
Landolt_Para_Comp_4430,LP4430,molar,54.01732502144187,measured
Landolt_Para_Comp_5621,LP5621,molar,583.4890508305991,measured
Landolt_Para_Comp_5520,LP5520,molar,51.3759260062334,measured
Landolt_Dia_Comp_5286,LD5286,molar,-54.83521960783545,measured
Landolt_Para_Comp_14,LP14,molar,28.09828532392676,measured
Landolt_Dia_Comp_2689,LD2689,molar,-48.005843929810844,measured
Landolt_Para_Comp_3326,LP3326,molar,651.7960491493211,measured
Landolt_Dia_Comp_1137,LD1137,molar,-57.43824408127692,measured
Landolt_Dia_Comp_2829,LD2829,molar,-66.00938304151157,measured
Landolt_Para_Comp_3314,LP3314,molar,294.5890871502444,measured
Landolt_Dia_Comp_3130,LD3130,molar,-66.60301707199945,measured
Landolt_Dia_Comp_2705,LD2705,molar,-35.377576232874866,measured
Landolt_Dia_Comp_3393,LD3393,molar,-47.62905820129031,measured
Landolt_Dia_Comp_4853,LD4853,molar,-1.0,measured
Landolt_Dia_Comp_873,LD873,molar,-78.62853226961562,measured
Landolt_Dia_Comp_3943,LD3943,molar,-33.059273891754884,measured
Landolt_Dia_Comp_5332,LD5332,molar,-38.485831909343226,measured
Landolt_Dia_Comp_3556,LD3556,molar,-40.529825647167144,measured
Landolt_Dia_Comp_1974,LD1974,molar,-61.428162789008994,measured
Landolt_Dia_Comp_5752,LD5752,molar,-21.624735974448818,measured
Landolt_Para_Comp_5766,LP5766,molar,371.1238730988254,measured
Landolt_Dia_Comp_974,LD974,molar,-44.731825199949526,measured
Landolt_Dia_Comp_252,LD252,molar,-74.50195481242149,measured
Landolt_Dia_Comp_4659,LD4659,molar,-90.44421069673281,measured
Landolt_Dia_Comp_1169,LD1169,molar,-42.50299243767972,measured
Landolt_Dia_Comp_5559,LD5559,molar,-1.0,measured
Landolt_Para_Comp_676,LP676,molar,142.00934482569167,measured
Landolt_Dia_Comp_2658,LD2658,molar,-37.52841025315924,measured
Landolt_Para_Comp_1605,LP1605,molar,188.42887494096018,measured
Landolt_Para_Comp_2529,LP2529,molar,263.3389868619247,measured
Landolt_Para_Comp_1682,LP1682,molar,61.251030214188134,measured
Landolt_Dia_Comp_5753,LD5753,molar,-44.922141686088665,measured
Landolt_Dia_Comp_5865,LD5865,molar,-48.79760543376691,measured
Landolt_Dia_Comp_1822,LD1822,molar,-76.97033607171794,measured
Landolt_Para_Comp_3518,LP3518,molar,111.96566444788976,measured
Landolt_Para_Comp_5201,LP5201,molar,191.9044352854245,measured
Landolt_Dia_Comp_5659,LD5659,molar,-35.8529168642071,measured
Landolt_Para_Comp_5049,LP5049,molar,454.72295507051456,measured
Landolt_Para_Comp_1459,LP1459,molar,239.37724032335242,measured
Landolt_Dia_Comp_3849,LD3849,molar,-41.067573038235345,measured
Landolt_Para_Comp_3898,LP3898,molar,160.6442669307493,measured
Landolt_Dia_Comp_2343,LD2343,molar,-83.78035986948561,measured
Landolt_Dia_Comp_5561,LD5561,molar,-51.08696314399467,measured
Landolt_Dia_Comp_2993,LD2993,molar,-79.27878486552495,measured
Landolt_Para_Comp_4611,LP4611,molar,71.45533914275438,measured
Landolt_Para_Comp_3957,LP3957,molar,72.86093517049437,measured
Landolt_Dia_Comp_2922,LD2922,molar,-51.21525454659233,measured
Landolt_Dia_Comp_373,LD373,molar,-92.13099205235875,measured
Landolt_Dia_Comp_4877,LD4877,molar,-19.863521274312458,measured
Landolt_Para_Comp_3536,LP3536,molar,531.3556883771967,measured
Landolt_Para_Comp_2827,LP2827,molar,36.850415558523046,measured
Landolt_Para_Comp_2088,LP2088,molar,143.60466475857677,measured
Landolt_Para_Comp_128,LP128,molar,282.42455293812856,measured
Landolt_Para_Comp_965,LP965,molar,61.31873417728642,measured
Landolt_Para_Comp_3809,LP3809,molar,129.34200406535007,measured
Landolt_Dia_Comp_2917,LD2917,molar,-39.86066291308558,measured
Landolt_Dia_Comp_2995,LD2995,molar,-42.770256458187895,measured
Landolt_Para_Comp_5244,LP5244,molar,115.35166742742702,measured
Landolt_Para_Comp_1059,LP1059,molar,113.5621135043527,measured
Landolt_Dia_Comp_4386,LD4386,molar,-40.54500619229336,measured
Landolt_Dia_Comp_823,LD823,molar,-36.875430932765454,measured
Landolt_Para_Comp_1859,LP1859,molar,50.50857413555976,measured
Landolt_Dia_Comp_1494,LD1494,molar,-30.547856604971408,measured
Landolt_Para_Comp_69,LP69,molar,11.03619348726921,measured
Landolt_Dia_Comp_1056,LD1056,molar,-47.387326423748526,measured
Landolt_Para_Comp_1421,LP1421,molar,133.99930264265186,measured
Landolt_Para_Comp_2398,LP2398,molar,163.845418088109,measured
Landolt_Para_Comp_3359,LP3359,molar,144.98271635053698,measured
Landolt_Para_Comp_1360,LP1360,molar,74.17967339874163,measured
Landolt_Para_Comp_5555,LP5555,molar,99.86394877599767,measured
Landolt_Dia_Comp_4696,LD4696,molar,-75.95453266813148,measured
Landolt_Para_Comp_2835,LP2835,molar,440.5648772988485,measured
Landolt_Dia_Comp_4873,LD4873,molar,-41.901468190404714,measured
Landolt_Para_Comp_4835,LP4835,molar,59.32368662771538,measured
Landolt_Para_Comp_1179,LP1179,molar,46.44577895672481,measured
Landolt_Para_Comp_330,LP330,molar,640.0371544529467,measured
Landolt_Para_Comp_1531,LP1531,molar,136.83152045978437,measured
Landolt_Para_Comp_1317,LP1317,molar,76.27635891965784,measured
Landolt_Dia_Comp_4062,LD4062,molar,-68.64082980162269,measured
Landolt_Para_Comp_4634,LP4634,molar,42.60862133593194,measured
Landolt_Para_Comp_2713,LP2713,molar,260.8328659957128,measured
Landolt_Dia_Comp_3579,LD3579,molar,-42.03055256646242,measured
Landolt_Para_Comp_4389,LP4389,molar,48.95785623902503,measured
Landolt_Para_Comp_5834,LP5834,molar,10.404306795274199,measured
Landolt_Para_Comp_4070,LP4070,molar,338.59023737939,measured
Landolt_Para_Comp_660,LP660,molar,37.5734204562291,measured
Landolt_Dia_Comp_3892,LD3892,molar,-48.734054568428334,measured
Landolt_Para_Comp_2546,LP2546,molar,62.87264607824702,measured
Landolt_Dia_Comp_208,LD208,molar,-47.92251592519938,measured
Landolt_Dia_Comp_615,LD615,molar,-60.42503587103086,measured
Landolt_Para_Comp_5539,LP5539,molar,61.08877141431421,measured
Landolt_Para_Comp_337,LP337,molar,40.84522220786877,measured
Landolt_Dia_Comp_1998,LD1998,molar,-53.27892146320163,measured
Landolt_Dia_Comp_309,LD309,molar,-54.50190912212959,measured
Landolt_Para_Comp_1296,LP1296,molar,195.88155765357135,measured
Landolt_Dia_Comp_5716,LD5716,molar,-49.236439368496555,measured
Landolt_Dia_Comp_2715,LD2715,molar,-35.335526173963224,measured
Landolt_Para_Comp_1096,LP1096,molar,81.72565268962217,measured
Landolt_Dia_Comp_4632,LD4632,molar,-28.000056423954454,measured
Landolt_Para_Comp_5784,LP5784,molar,169.18143516682264,measured
Landolt_Dia_Comp_1406,LD1406,molar,-44.30468449082294,measured
Landolt_Para_Comp_3351,LP3351,molar,181.5782471667671,measured
Landolt_Dia_Comp_3803,LD3803,molar,-38.750098553771956,measured
Landolt_Para_Comp_882,LP882,molar,23.422958166435855,measured
Landolt_Para_Comp_1742,LP1742,molar,20.874376135005644,measured
Landolt_Para_Comp_5058,LP5058,molar,24.60333967664789,measured
Landolt_Dia_Comp_4533,LD4533,molar,-38.006460281030435,measured
Landolt_Dia_Comp_1022,LD1022,molar,-59.523804454476135,measured
Landolt_Dia_Comp_2095,LD2095,molar,-76.47679933180677,measured
Landolt_Dia_Comp_787,LD787,molar,-47.41707775199488,measured
Landolt_Dia_Comp_1448,LD1448,molar,-49.047681376101266,measured
Landolt_Dia_Comp_2592,LD2592,molar,-25.512137585556314,measured
Landolt_Para_Comp_5802,LP5802,molar,509.44604779321753,measured
Landolt_Dia_Comp_2318,LD2318,molar,-25.14404083021624,measured
Landolt_Para_Comp_2760,LP2760,molar,100.06126929368119,measured
Landolt_Dia_Comp_1810,LD1810,molar,-83.92439216539817,measured
Landolt_Para_Comp_3804,LP3804,molar,78.24426177208315,measured
Landolt_Para_Comp_3665,LP3665,molar,150.5895261388238,measured
Landolt_Dia_Comp_2322,LD2322,molar,-99.7335392275154,measured
Landolt_Para_Comp_4815,LP4815,molar,253.20699240639692,measured
Landolt_Dia_Comp_577,LD577,molar,-27.84895311417275,measured
Landolt_Para_Comp_2741,LP2741,molar,12.856469929543787,measured
Landolt_Para_Comp_4836,LP4836,molar,28.230636395046172,measured
Landolt_Dia_Comp_5383,LD5383,molar,-22.293264403050898,measured
Landolt_Para_Comp_5442,LP5442,molar,93.5659038907635,measured
Landolt_Dia_Comp_5872,LD5872,molar,-65.79358036792092,measured
Landolt_Dia_Comp_110,LD110,molar,-59.41671956549324,measured
Landolt_Para_Comp_3697,LP3697,molar,75.46591611254308,measured
Landolt_Para_Comp_2571,LP2571,molar,66.86621918216034,measured
Landolt_Dia_Comp_3086,LD3086,molar,-37.68215149945314,measured
Landolt_Para_Comp_3483,LP3483,molar,141.60534879359554,measured
Landolt_Para_Comp_1684,LP1684,molar,80.3888517688968,measured
Landolt_Dia_Comp_1811,LD1811,molar,-8.32939358121368,measured
Landolt_Dia_Comp_3212,LD3212,molar,-14.493434371555821,measured
Landolt_Dia_Comp_3106,LD3106,molar,-36.652278904496136,measured
Landolt_Dia_Comp_1825,LD1825,molar,-73.86555982503528,measured
Landolt_Dia_Comp_4749,LD4749,molar,-60.709149281124084,measured
Landolt_Para_Comp_2818,LP2818,molar,62.03062870502521,measured
Landolt_Para_Comp_1081,LP1081,molar,107.3774985074239,measured
Landolt_Dia_Comp_1807,LD1807,molar,-46.48080822838036,measured
Landolt_Dia_Comp_2118,LD2118,molar,-49.64275787607476,measured
Landolt_Para_Comp_5348,LP5348,molar,115.7984617515019,measured
Landolt_Dia_Comp_1479,LD1479,molar,-23.63214374369273,measured
Landolt_Para_Comp_4327,LP4327,molar,16.215222997926123,measured
Landolt_Dia_Comp_5344,LD5344,molar,-51.008125738896574,measured
Landolt_Para_Comp_2709,LP2709,molar,107.98068755987742,measured
Landolt_Dia_Comp_220,LD220,molar,-82.90243658519339,measured
Landolt_Para_Comp_3495,LP3495,molar,140.13773154689392,measured
Landolt_Para_Comp_646,LP646,molar,35.663584183697964,measured
Landolt_Dia_Comp_1237,LD1237,molar,-59.06387910280139,measured
Landolt_Dia_Comp_2462,LD2462,molar,-52.553326616846036,measured
Landolt_Dia_Comp_3141,LD3141,molar,-28.603252107726686,measured
Landolt_Para_Comp_3445,LP3445,molar,379.4878623554642,measured
Landolt_Para_Comp_1445,LP1445,molar,243.5419013964514,measured
Landolt_Para_Comp_2457,LP2457,molar,79.17691566339319,measured
Landolt_Para_Comp_2594,LP2594,molar,65.82893188835561,measured
Landolt_Dia_Comp_4316,LD4316,molar,-64.37701390647867,measured
Landolt_Para_Comp_5622,LP5622,molar,72.4428352713455,measured
Landolt_Para_Comp_3152,LP3152,molar,442.7418672147222,measured
Landolt_Para_Comp_2134,LP2134,molar,309.13289383238146,measured
Landolt_Dia_Comp_2558,LD2558,molar,-53.99402040121812,measured
Landolt_Para_Comp_2959,LP2959,molar,20.76871570499614,measured
Landolt_Para_Comp_4701,LP4701,molar,138.22364251834102,measured
Landolt_Para_Comp_5794,LP5794,molar,24.696398681689708,measured
Landolt_Dia_Comp_4923,LD4923,molar,-65.36643522862666,measured
Landolt_Para_Comp_470,LP470,molar,119.29828641142863,measured
Landolt_Para_Comp_3907,LP3907,molar,403.03833014895093,measured
Landolt_Dia_Comp_3888,LD3888,molar,-64.06202927171164,measured
Landolt_Para_Comp_4397,LP4397,molar,21.19809001253522,measured
Landolt_Dia_Comp_751,LD751,molar,-61.01440703171073,measured
Landolt_Dia_Comp_1846,LD1846,molar,-26.711045848440058,measured
Landolt_Para_Comp_2063,LP2063,molar,542.9014743371795,measured
Landolt_Dia_Comp_1967,LD1967,molar,-23.466815417748208,measured
Landolt_Dia_Comp_3656,LD3656,molar,-29.890852739653884,measured
Landolt_Para_Comp_519,LP519,molar,142.54329090628605,measured
Landolt_Para_Comp_613,LP613,molar,304.3215289668749,measured
Landolt_Para_Comp_1984,LP1984,molar,162.31144557126373,measured
Landolt_Para_Comp_4872,LP4872,molar,69.1416219283717,measured
Landolt_Para_Comp_2671,LP2671,molar,208.49391664527113,measured
Landolt_Para_Comp_5165,LP5165,molar,49.54080102193985,measured
Landolt_Dia_Comp_3056,LD3056,molar,-57.13392123223152,measured
Landolt_Dia_Comp_5218,LD5218,molar,-86.51023509377563,measured
Landolt_Dia_Comp_5620,LD5620,molar,-56.33601960565063,measured
Landolt_Para_Comp_2663,LP2663,molar,94.77208791037839,measured
Landolt_Dia_Comp_3980,LD3980,molar,-64.77670874544758,measured
Landolt_Dia_Comp_1179,LD1179,molar,-68.3743136793819,measured
Landolt_Para_Comp_3719,LP3719,molar,283.9267256104153,measured
Landolt_Para_Comp_3061,LP3061,molar,50.55440259734225,measured
Landolt_Para_Comp_3349,LP3349,molar,119.29206167320504,measured
Landolt_Para_Comp_3637,LP3637,molar,218.13627260561248,measured
Landolt_Dia_Comp_5860,LD5860,molar,-74.56007251637631,measured
Landolt_Dia_Comp_2135,LD2135,molar,-42.79332694105441,measured
Landolt_Dia_Comp_1756,LD1756,molar,-46.270873340711795,measured
Landolt_Para_Comp_5698,LP5698,molar,200.2856407509456,measured
Landolt_Dia_Comp_4882,LD4882,molar,-34.02196145297223,measured
Landolt_Para_Comp_5228,LP5228,molar,192.75363628570219,measured
Landolt_Dia_Comp_5238,LD5238,molar,-55.41776799440934,measured
Landolt_Para_Comp_1579,LP1579,molar,122.89835335037877,measured
Landolt_Para_Comp_1272,LP1272,molar,15.965672885993405,measured
Landolt_Para_Comp_3775,LP3775,molar,611.0288144472621,measured
Landolt_Para_Comp_785,LP785,molar,113.48559611395031,measured
Landolt_Dia_Comp_4551,LD4551,molar,-63.40621109624436,measured
Landolt_Para_Comp_3523,LP3523,molar,24.60808641133959,measured
Landolt_Dia_Comp_1332,LD1332,molar,-31.39344839296688,measured
Landolt_Para_Comp_733,LP733,molar,140.60620152809528,measured
Landolt_Para_Comp_3661,LP3661,molar,108.74794943165463,measured
Landolt_Para_Comp_4202,LP4202,molar,235.87762084783748,measured
Landolt_Para_Comp_1999,LP1999,molar,93.4116033681934,measured
Landolt_Dia_Comp_1578,LD1578,molar,-76.98959372749083,measured
Landolt_Para_Comp_108,LP108,molar,130.20880680332976,measured
Landolt_Para_Comp_3348,LP3348,molar,205.39717543424769,measured
Landolt_Dia_Comp_2211,LD2211,molar,-56.48805930783802,measured
Landolt_Dia_Comp_3311,LD3311,molar,-51.25475782414255,measured
Landolt_Para_Comp_4248,LP4248,molar,87.75543273205393,measured
Landolt_Dia_Comp_567,LD567,molar,-40.40097242233248,measured
Landolt_Para_Comp_4416,LP4416,molar,145.81509123514735,measured
Landolt_Para_Comp_4142,LP4142,molar,86.37488700583482,measured
Landolt_Dia_Comp_1802,LD1802,molar,-46.85848868829471,measured
Landolt_Para_Comp_5716,LP5716,molar,214.46186338564115,measured
Landolt_Dia_Comp_4024,LD4024,molar,-57.26974554493202,measured
Landolt_Para_Comp_1540,LP1540,molar,233.7919777827929,measured
Landolt_Dia_Comp_1197,LD1197,molar,-34.64560082125422,measured
Landolt_Para_Comp_578,LP578,molar,37.93054798354117,measured
Landolt_Dia_Comp_4966,LD4966,molar,-71.30915297952413,measured
Landolt_Dia_Comp_2212,LD2212,molar,-85.101496091186,measured
Landolt_Para_Comp_1069,LP1069,molar,20.332653933829217,measured
Landolt_Para_Comp_4475,LP4475,molar,11.108502769873224,measured
Landolt_Dia_Comp_5086,LD5086,molar,-74.58103081024757,measured
Landolt_Dia_Comp_3264,LD3264,molar,-39.86012408741158,measured
Landolt_Para_Comp_3842,LP3842,molar,24.81100505089475,measured
Landolt_Para_Comp_5575,LP5575,molar,154.8898454568033,measured
Landolt_Para_Comp_5922,LP5922,molar,44.10309923343228,measured
Landolt_Para_Comp_5305,LP5305,molar,96.96870917923594,measured
Landolt_Dia_Comp_3536,LD3536,molar,-54.13466721625193,measured
Landolt_Para_Comp_600,LP600,molar,362.7963924656912,measured
Landolt_Para_Comp_2606,LP2606,molar,59.37489054706592,measured
Landolt_Para_Comp_4527,LP4527,molar,130.4451181187417,measured
Landolt_Para_Comp_2173,LP2173,molar,68.62586169938501,measured
Landolt_Para_Comp_5664,LP5664,molar,22.001401980398214,measured
Landolt_Para_Comp_5064,LP5064,molar,273.61376589468114,measured
Landolt_Para_Comp_2703,LP2703,molar,16.98895380272048,measured
Landolt_Dia_Comp_3689,LD3689,molar,-98.21110692307306,measured
Landolt_Dia_Comp_3584,LD3584,molar,-10.476021501433948,measured
Landolt_Dia_Comp_4775,LD4775,molar,-55.75072488610331,measured
Landolt_Para_Comp_274,LP274,molar,533.8636862327875,measured
Landolt_Para_Comp_2669,LP2669,molar,132.85858039926387,measured
Landolt_Dia_Comp_944,LD944,molar,-26.20895101188916,measured
Landolt_Dia_Comp_2512,LD2512,molar,-51.876100822426594,measured
Landolt_Para_Comp_4917,LP4917,molar,231.6861785065104,measured
Landolt_Para_Comp_4663,LP4663,molar,152.70809937827795,measured
Landolt_Dia_Comp_3487,LD3487,molar,-59.710655286573534,measured
Landolt_Para_Comp_2531,LP2531,molar,85.47313075414895,measured
Landolt_Para_Comp_4385,LP4385,molar,567.7981837386285,measured
Landolt_Dia_Comp_4711,LD4711,molar,-47.295461990344656,measured
Landolt_Dia_Comp_4355,LD4355,molar,-60.74918127976855,measured
Landolt_Dia_Comp_4855,LD4855,molar,-26.056554355633985,measured
Landolt_Dia_Comp_4700,LD4700,molar,-25.916755369723514,measured
Landolt_Dia_Comp_401,LD401,molar,-83.13479913234148,measured
Landolt_Dia_Comp_4055,LD4055,molar,-27.463306244933563,measured
Landolt_Dia_Comp_1888,LD1888,molar,-82.44686795366592,measured
Landolt_Para_Comp_1548,LP1548,molar,41.665133994457804,measured
Landolt_Para_Comp_743,LP743,molar,58.74157074545572,measured
Landolt_Dia_Comp_5355,LD5355,molar,-53.621259608517285,measured
Landolt_Dia_Comp_3770,LD3770,molar,-34.425932514961126,measured
Landolt_Para_Comp_2564,LP2564,molar,87.48995763959523,measured
Landolt_Dia_Comp_1291,LD1291,molar,-25.881707556352346,measured
Landolt_Para_Comp_2771,LP2771,molar,473.59293920088203,measured
Landolt_Dia_Comp_4069,LD4069,molar,-39.26232517591167,measured
Landolt_Dia_Comp_5396,LD5396,molar,-41.023920601529014,measured
Landolt_Dia_Comp_957,LD957,molar,-43.411639756382755,measured
Landolt_Dia_Comp_5372,LD5372,molar,-65.4205579691535,measured
Landolt_Dia_Comp_2365,LD2365,molar,-71.62763601009364,measured
Landolt_Para_Comp_1857,LP1857,molar,306.2568643178782,measured
Landolt_Para_Comp_1731,LP1731,molar,415.6473982127857,measured
Landolt_Dia_Comp_5029,LD5029,molar,-52.87827400273979,measured
Landolt_Dia_Comp_762,LD762,molar,-36.817934132959195,measured
Landolt_Dia_Comp_4291,LD4291,molar,-70.54837886213369,measured
Landolt_Dia_Comp_1898,LD1898,molar,-68.76628126548151,measured
Landolt_Para_Comp_1921,LP1921,molar,78.02796226907226,measured
Landolt_Para_Comp_452,LP452,molar,106.31739245529965,measured
Landolt_Dia_Comp_5487,LD5487,molar,-66.33059402950883,measured
Landolt_Para_Comp_4648,LP4648,molar,159.66670832620036,measured
Landolt_Para_Comp_1463,LP1463,molar,599.2422862933805,measured
Landolt_Para_Comp_3443,LP3443,molar,74.68440427437415,measured
Landolt_Para_Comp_5733,LP5733,molar,270.2744565377681,measured
Landolt_Para_Comp_503,LP503,molar,62.5684710729554,measured
Landolt_Para_Comp_4056,LP4056,molar,172.05376841634202,measured
Landolt_Dia_Comp_4824,LD4824,molar,-49.02532956551597,measured
Landolt_Para_Comp_344,LP344,molar,17.01764971964566,measured
Landolt_Para_Comp_3605,LP3605,molar,86.04216222294605,measured
Landolt_Para_Comp_4285,LP4285,molar,855.6090343328434,measured
Landolt_Para_Comp_4981,LP4981,molar,217.60803575929452,measured
Landolt_Para_Comp_4945,LP4945,molar,333.58860085896066,measured
Landolt_Dia_Comp_4825,LD4825,molar,-22.984250951507647,measured
Landolt_Dia_Comp_4136,LD4136,molar,-69.60732104074656,measured
Landolt_Dia_Comp_3348,LD3348,molar,-70.04251462900349,measured
Landolt_Para_Comp_1517,LP1517,molar,563.8786085714559,measured
Landolt_Dia_Comp_3176,LD3176,molar,-39.291260421161894,measured
Landolt_Para_Comp_141,LP141,molar,296.74857348479316,measured
Landolt_Para_Comp_3821,LP3821,molar,49.74172018931948,measured
Landolt_Para_Comp_5633,LP5633,molar,171.64345296831684,measured
Landolt_Dia_Comp_3256,LD3256,molar,-25.631606522387152,measured
Landolt_Para_Comp_1593,LP1593,molar,61.61222805623762,measured
Landolt_Dia_Comp_1695,LD1695,molar,-48.5972282675266,measured
Landolt_Para_Comp_3098,LP3098,molar,218.8917420258023,measured
Landolt_Para_Comp_5617,LP5617,molar,65.73952278523825,measured
Landolt_Dia_Comp_5247,LD5247,molar,-32.16650201187178,measured
Landolt_Para_Comp_3122,LP3122,molar,36.3164938103309,measured
Landolt_Dia_Comp_3118,LD3118,molar,-26.290104670093314,measured
Landolt_Para_Comp_1897,LP1897,molar,80.97157486318154,measured
Landolt_Dia_Comp_3020,LD3020,molar,-47.61700402582804,measured
Landolt_Para_Comp_469,LP469,molar,147.89752674177305,measured
Landolt_Dia_Comp_3896,LD3896,molar,-65.85994559683978,measured
Landolt_Dia_Comp_3529,LD3529,molar,-45.700185793524184,measured
Landolt_Dia_Comp_2171,LD2171,molar,-54.324394996723505,measured
Landolt_Para_Comp_3873,LP3873,molar,92.6818629355667,measured
Landolt_Dia_Comp_5713,LD5713,molar,-29.552299484910044,measured
Landolt_Para_Comp_4792,LP4792,molar,53.13952292178843,measured
Landolt_Para_Comp_796,LP796,molar,201.40704068430801,measured
Landolt_Para_Comp_2181,LP2181,molar,144.07244182754474,measured
Landolt_Para_Comp_3464,LP3464,molar,10.479599602305125,measured
Landolt_Dia_Comp_3472,LD3472,molar,-59.474371108933866,measured
Landolt_Para_Comp_644,LP644,molar,299.77049655850414,measured
Landolt_Para_Comp_4357,LP4357,molar,46.667891925011396,measured
Landolt_Para_Comp_269,LP269,molar,175.04839074114452,measured
Landolt_Para_Comp_1003,LP1003,molar,66.0178850573225,measured
Landolt_Para_Comp_3129,LP3129,molar,110.46601522444718,measured
Landolt_Dia_Comp_4778,LD4778,molar,-35.40272274313888,measured
Landolt_Dia_Comp_1102,LD1102,molar,-55.72490734518505,measured
Landolt_Dia_Comp_1457,LD1457,molar,-75.30555261661218,measured
Landolt_Para_Comp_2667,LP2667,molar,181.92244000136319,measured
Landolt_Dia_Comp_4388,LD4388,molar,-49.55839941675036,measured
Landolt_Dia_Comp_4552,LD4552,molar,-35.312182022223176,measured
Landolt_Dia_Comp_2770,LD2770,molar,-62.29819188399588,measured
Landolt_Dia_Comp_5903,LD5903,molar,-53.17475560128904,measured
Landolt_Dia_Comp_3894,LD3894,molar,-43.538910394879935,measured
Landolt_Para_Comp_4066,LP4066,molar,130.06742575345731,measured
Landolt_Para_Comp_3818,LP3818,molar,59.55545725167927,measured
Landolt_Dia_Comp_3143,LD3143,molar,-80.59256819273432,measured
Landolt_Para_Comp_1016,LP1016,molar,49.0201271659091,measured
Landolt_Para_Comp_25,LP25,molar,110.28745128004113,measured
Landolt_Dia_Comp_5888,LD5888,molar,-57.10600591290077,measured
Landolt_Para_Comp_5811,LP5811,molar,208.16699636005728,measured
Landolt_Para_Comp_5796,LP5796,molar,213.38295936817102,measured
Landolt_Dia_Comp_660,LD660,molar,-42.184845035583955,measured
Landolt_Dia_Comp_3163,LD3163,molar,-47.175263880736786,measured
Landolt_Para_Comp_17,LP17,molar,125.82814937641021,measured
Landolt_Dia_Comp_2545,LD2545,molar,-43.171893316639526,measured
Landolt_Dia_Comp_5,LD5,molar,-42.7805666882745,measured
Landolt_Dia_Comp_4765,LD4765,molar,-38.97965701745324,measured
Landolt_Dia_Comp_412,LD412,molar,-67.76684246371516,measured
Landolt_Dia_Comp_1517,LD1517,molar,-71.98343321831851,measured
Landolt_Dia_Comp_4424,LD4424,molar,-39.91156593169462,measured
Landolt_Dia_Comp_1878,LD1878,molar,-16.00495202605859,measured
Landolt_Para_Comp_5180,LP5180,molar,28.80510835737003,measured
Landolt_Dia_Comp_1959,LD1959,molar,-30.934362700395056,measured
Landolt_Dia_Comp_562,LD562,molar,-40.9802290846747,measured
Landolt_Para_Comp_5298,LP5298,molar,457.97754665106055,measured
Landolt_Para_Comp_2214,LP2214,molar,453.3859730070261,measured
Landolt_Dia_Comp_3451,LD3451,molar,-76.82466481805868,measured
Landolt_Dia_Comp_2334,LD2334,molar,-57.13373602730125,measured
Landolt_Dia_Comp_5423,LD5423,molar,-67.85123604787155,measured
Landolt_Para_Comp_307,LP307,molar,46.656137342574446,measured
Landolt_Dia_Comp_3039,LD3039,molar,-83.64897182295189,measured
Landolt_Dia_Comp_1821,LD1821,molar,-45.816999122634606,measured
Landolt_Para_Comp_579,LP579,molar,101.95758615769685,measured
Landolt_Dia_Comp_4839,LD4839,molar,-37.43574899329351,measured
Landolt_Dia_Comp_4625,LD4625,molar,-62.732448005474815,measured
Landolt_Para_Comp_4172,LP4172,molar,27.376057297764838,measured
Landolt_Para_Comp_5245,LP5245,molar,100.53972615947325,measured
Landolt_Dia_Comp_3783,LD3783,molar,-48.202018262865046,measured
Landolt_Para_Comp_2031,LP2031,molar,57.91368670137097,measured
Landolt_Para_Comp_1994,LP1994,molar,361.540602509888,measured
Landolt_Para_Comp_995,LP995,molar,17.517669875129975,measured
Landolt_Dia_Comp_3452,LD3452,molar,-46.633718441934946,measured
Landolt_Para_Comp_2159,LP2159,molar,30.401046292542226,measured
Landolt_Para_Comp_3259,LP3259,molar,160.48771192496991,measured
Landolt_Dia_Comp_4296,LD4296,molar,-40.396146289029794,measured
Landolt_Dia_Comp_5538,LD5538,molar,-18.95364533007621,measured
Landolt_Dia_Comp_2997,LD2997,molar,-31.689470901050086,measured
Landolt_Dia_Comp_154,LD154,molar,-70.37133843140732,measured
Landolt_Dia_Comp_4160,LD4160,molar,-74.2474025004222,measured
Landolt_Dia_Comp_127,LD127,molar,-54.499481754887874,measured
Landolt_Para_Comp_5257,LP5257,molar,349.0733551024264,measured
Landolt_Para_Comp_5669,LP5669,molar,207.3051271047347,measured
Landolt_Dia_Comp_4149,LD4149,molar,-48.08039955076605,measured
Landolt_Para_Comp_2141,LP2141,molar,203.52905356079722,measured
Landolt_Para_Comp_934,LP934,molar,60.04803583083709,measured
Landolt_Para_Comp_5910,LP5910,molar,15.270821662746123,measured
Landolt_Dia_Comp_4991,LD4991,molar,-81.02588666017495,measured
Landolt_Dia_Comp_3126,LD3126,molar,-38.63413217057733,measured
Landolt_Dia_Comp_5151,LD5151,molar,-69.8267897333383,measured
Landolt_Dia_Comp_1976,LD1976,molar,-55.56833593016251,measured
Landolt_Dia_Comp_1322,LD1322,molar,-55.14683869384437,measured
Landolt_Para_Comp_2659,LP2659,molar,259.10461198368205,measured
Landolt_Dia_Comp_3616,LD3616,molar,-28.95433661778771,measured
Landolt_Dia_Comp_5297,LD5297,molar,-54.90064397717198,measured
Landolt_Para_Comp_5874,LP5874,molar,11.968077100836721,measured
Landolt_Dia_Comp_4143,LD4143,molar,-31.80431354041159,measured
Landolt_Dia_Comp_2710,LD2710,molar,-71.96050409883885,measured
Landolt_Dia_Comp_398,LD398,molar,-58.256127224565944,measured
Landolt_Para_Comp_4272,LP4272,molar,143.95788703911688,measured
Landolt_Dia_Comp_3583,LD3583,molar,-82.50638369244501,measured
Landolt_Para_Comp_2824,LP2824,molar,525.3762123882623,measured
Landolt_Para_Comp_5590,LP5590,molar,128.43180398976398,measured
Landolt_Para_Comp_3771,LP3771,molar,92.4591335955791,measured
Landolt_Para_Comp_5446,LP5446,molar,39.65284416658809,measured
Landolt_Para_Comp_2955,LP2955,molar,30.756702970688803,measured
Landolt_Dia_Comp_3929,LD3929,molar,-39.48390346337528,measured
Landolt_Para_Comp_2509,LP2509,molar,297.1475800298947,measured
Landolt_Para_Comp_1867,LP1867,molar,371.17150254081974,measured
Landolt_Dia_Comp_225,LD225,molar,-60.0379555776671,measured
Landolt_Dia_Comp_4984,LD4984,molar,-28.88393930465121,measured
Landolt_Para_Comp_1576,LP1576,molar,46.58070655943745,measured
Landolt_Para_Comp_4641,LP4641,molar,190.21825119403957,measured
Landolt_Para_Comp_1159,LP1159,molar,46.60473921014025,measured
Landolt_Dia_Comp_3527,LD3527,molar,-13.349943955508934,measured
Landolt_Dia_Comp_1640,LD1640,molar,-42.311307444379224,measured
Landolt_Para_Comp_502,LP502,molar,217.30922238835583,measured
Landolt_Para_Comp_1435,LP1435,molar,97.9440412838312,measured
Landolt_Para_Comp_2139,LP2139,molar,85.43661395995152,measured
Landolt_Dia_Comp_0,LD0,molar,-35.02899871227833,measured
Landolt_Para_Comp_4031,LP4031,molar,132.9911176788823,measured
Landolt_Dia_Comp_1905,LD1905,molar,-76.7267696505425,measured
Landolt_Para_Comp_926,LP926,molar,60.87329540784528,measured
Landolt_Dia_Comp_5424,LD5424,molar,-54.077203823399444,measured
Landolt_Dia_Comp_4515,LD4515,molar,-84.38381916889948,measured
Landolt_Dia_Comp_1697,LD1697,molar,-54.17354068299933,measured
Landolt_Dia_Comp_1916,LD1916,molar,-53.98166262044929,measured
Landolt_Para_Comp_5994,LP5994,molar,81.2658954525786,measured
Landolt_Para_Comp_1387,LP1387,molar,169.79807884228563,measured
Landolt_Para_Comp_5694,LP5694,molar,212.33282349738556,measured
Landolt_Para_Comp_3278,LP3278,molar,46.97574635734421,measured
Landolt_Para_Comp_662,LP662,molar,17.429167355707172,measured
Landolt_Para_Comp_5088,LP5088,molar,46.40537698691174,measured
Landolt_Para_Comp_5504,LP5504,molar,186.6018263276867,measured
Landolt_Para_Comp_4313,LP4313,molar,183.06280929423724,measured
Landolt_Dia_Comp_694,LD694,molar,-75.94401027805523,measured
Landolt_Para_Comp_686,LP686,molar,55.34579379180268,measured
Landolt_Dia_Comp_2182,LD2182,molar,-69.19512085653983,measured
Landolt_Para_Comp_1536,LP1536,molar,69.50923833371749,measured
Landolt_Para_Comp_2381,LP2381,molar,154.69992096083425,measured
Landolt_Dia_Comp_1632,LD1632,molar,-71.5626753128528,measured
Landolt_Dia_Comp_3340,LD3340,molar,-50.59181635655651,measured
Landolt_Para_Comp_4289,LP4289,molar,124.62829260723386,measured
Landolt_Dia_Comp_1259,LD1259,molar,-60.84263574841777,measured
Landolt_Dia_Comp_5132,LD5132,molar,-35.09534689333445,measured
Landolt_Dia_Comp_4845,LD4845,molar,-67.53173291665095,measured
Landolt_Dia_Comp_2953,LD2953,molar,-42.22736415066778,measured
Landolt_Dia_Comp_631,LD631,molar,-63.83743571826671,measured
Landolt_Dia_Comp_3754,LD3754,molar,-66.64425590142547,measured
Landolt_Dia_Comp_3211,LD3211,molar,-57.59945244020874,measured
Landolt_Para_Comp_1627,LP1627,molar,53.11201801132083,measured
Landolt_Dia_Comp_4951,LD4951,molar,-35.58798252042285,measured
Landolt_Para_Comp_4974,LP4974,molar,121.95533053259,measured
Landolt_Para_Comp_371,LP371,molar,399.1018976306626,measured
Landolt_Para_Comp_4822,LP4822,molar,394.678132507818,measured
Landolt_Para_Comp_377,LP377,molar,151.17282526476933,measured
Landolt_Dia_Comp_2479,LD2479,molar,-52.20714490701057,measured
Landolt_Para_Comp_583,LP583,molar,237.361437850962,measured
Landolt_Para_Comp_522,LP522,molar,320.2054974871307,measured
Landolt_Dia_Comp_3790,LD3790,molar,-47.4479690150276,measured
Landolt_Dia_Comp_1121,LD1121,molar,-46.417188600623795,measured
Landolt_Para_Comp_163,LP163,molar,37.48329975722209,measured
Landolt_Para_Comp_5739,LP5739,molar,67.99896301319804,measured
Landolt_Dia_Comp_3320,LD3320,molar,-64.1800852176649,measured
Landolt_Dia_Comp_2570,LD2570,molar,-69.72802257434945,measured
Landolt_Dia_Comp_5795,LD5795,molar,-27.97162876857019,measured
Landolt_Dia_Comp_1961,LD1961,molar,-38.021765865582594,measured
Landolt_Para_Comp_4647,LP4647,molar,110.09606066609429,measured
Landolt_Dia_Comp_168,LD168,molar,-72.7192972363893,measured
Landolt_Para_Comp_2435,LP2435,molar,43.250809695721316,measured
Landolt_Para_Comp_4005,LP4005,molar,207.1420559176253,measured
Landolt_Para_Comp_3870,LP3870,molar,23.180020730283154,measured
Landolt_Para_Comp_5981,LP5981,molar,12.09581671761094,measured
Landolt_Para_Comp_1012,LP1012,molar,11.351658249019689,measured
Landolt_Dia_Comp_1191,LD1191,molar,-74.08898423169651,measured
Landolt_Para_Comp_800,LP800,molar,174.58612032434888,measured
Landolt_Dia_Comp_4169,LD4169,molar,-32.7437648097915,measured
Landolt_Para_Comp_5591,LP5591,molar,210.4146868389972,measured
Landolt_Para_Comp_1771,LP1771,molar,94.61760676272681,measured
Landolt_Dia_Comp_192,LD192,molar,-72.3606289367638,measured
Landolt_Para_Comp_5307,LP5307,molar,116.14864692683656,measured
Landolt_Dia_Comp_3225,LD3225,molar,-43.885976769178775,measured
Landolt_Dia_Comp_2202,LD2202,molar,-46.1846123362905,measured
Landolt_Para_Comp_2232,LP2232,molar,31.06800217060765,measured
Landolt_Dia_Comp_1305,LD1305,molar,-70.46986204278937,measured
Landolt_Dia_Comp_4580,LD4580,molar,-63.99346774184093,measured
Landolt_Dia_Comp_3364,LD3364,molar,-48.84547964602341,measured
Landolt_Dia_Comp_2247,LD2247,molar,-83.32516187198712,measured
Landolt_Para_Comp_516,LP516,molar,306.3306169522454,measured
Landolt_Dia_Comp_5229,LD5229,molar,-23.922026077091108,measured
Landolt_Para_Comp_2005,LP2005,molar,372.0074536256851,measured
Landolt_Para_Comp_2630,LP2630,molar,14.243136988293596,measured
Landolt_Para_Comp_4163,LP4163,molar,169.81103139803145,measured
Landolt_Dia_Comp_143,LD143,molar,-34.33470026072874,measured
Landolt_Para_Comp_3984,LP3984,molar,95.10049191102925,measured
Landolt_Dia_Comp_2417,LD2417,molar,-43.828428025708064,measured
Landolt_Dia_Comp_3206,LD3206,molar,-49.716403659191606,measured
Landolt_Dia_Comp_3068,LD3068,molar,-73.56755928201963,measured
Landolt_Para_Comp_5162,LP5162,molar,51.966644399189654,measured
Landolt_Para_Comp_1385,LP1385,molar,35.17335235668402,measured
Landolt_Dia_Comp_3661,LD3661,molar,-34.53504384897864,measured
Landolt_Dia_Comp_3499,LD3499,molar,-53.455432824329165,measured
Landolt_Para_Comp_3143,LP3143,molar,180.41855222706462,measured
Landolt_Para_Comp_1162,LP1162,molar,379.33213860713465,measured
Landolt_Para_Comp_1591,LP1591,molar,83.76873723297656,measured
Landolt_Para_Comp_4949,LP4949,molar,107.81250553305816,measured
Landolt_Dia_Comp_3193,LD3193,molar,-88.52373595745775,measured
Landolt_Para_Comp_2965,LP2965,molar,14.553465110985435,measured
Landolt_Dia_Comp_1220,LD1220,molar,-41.74508807561293,measured
Landolt_Para_Comp_2453,LP2453,molar,22.49468912544313,measured
Landolt_Para_Comp_4795,LP4795,molar,202.83246647192775,measured
Landolt_Dia_Comp_1871,LD1871,molar,-31.777730158020315,measured
Landolt_Dia_Comp_1015,LD1015,molar,-9.22308161909497,measured
Landolt_Para_Comp_1843,LP1843,molar,109.88182836435908,measured
Landolt_Dia_Comp_801,LD801,molar,-39.42855295727708,measured
Landolt_Para_Comp_3213,LP3213,molar,66.24172488773246,measured
Landolt_Para_Comp_1895,LP1895,molar,126.33069874473372,measured
Landolt_Dia_Comp_3396,LD3396,molar,-30.193569026710485,measured
Landolt_Dia_Comp_3959,LD3959,molar,-23.414004322176982,measured
Landolt_Dia_Comp_2501,LD2501,molar,-59.650695078204976,measured
Landolt_Dia_Comp_1154,LD1154,molar,-7.294842663071904,measured
Landolt_Dia_Comp_741,LD741,molar,-57.930476907046526,measured
Landolt_Para_Comp_2792,LP2792,molar,277.19559383372984,measured
Landolt_Dia_Comp_5437,LD5437,molar,-55.02722454594099,measured
Landolt_Para_Comp_2364,LP2364,molar,228.64601056886283,measured
Landolt_Para_Comp_1656,LP1656,molar,182.4490256488936,measured
Landolt_Dia_Comp_1790,LD1790,molar,-61.33852237726886,measured
Landolt_Para_Comp_5218,LP5218,molar,10.29397352449309,measured
Landolt_Dia_Comp_915,LD915,molar,-67.74315322577466,measured
Landolt_Dia_Comp_2764,LD2764,molar,-44.4938813399437,measured
Landolt_Para_Comp_4408,LP4408,molar,258.6174800625642,measured
Landolt_Para_Comp_3237,LP3237,molar,255.2363867375224,measured
Landolt_Dia_Comp_1080,LD1080,molar,-58.671776639391226,measured
Landolt_Dia_Comp_346,LD346,molar,-66.1412139039325,measured
Landolt_Dia_Comp_3953,LD3953,molar,-16.634318114434933,measured
Landolt_Dia_Comp_5324,LD5324,molar,-60.63873406982359,measured
Landolt_Dia_Comp_563,LD563,molar,-40.08128771743538,measured
Landolt_Para_Comp_2288,LP2288,molar,33.065931422709504,measured
Landolt_Para_Comp_2683,LP2683,molar,770.0483682040369,measured
Landolt_Dia_Comp_3720,LD3720,molar,-38.19698872983847,measured
Landolt_Para_Comp_1404,LP1404,molar,396.21825751178636,measured
Landolt_Para_Comp_2922,LP2922,molar,70.27172284086367,measured
Landolt_Para_Comp_5658,LP5658,molar,14.416653884173463,measured
Landolt_Dia_Comp_2603,LD2603,molar,-47.291864440781836,measured
Landolt_Para_Comp_673,LP673,molar,442.79612160898125,measured
Landolt_Para_Comp_3625,LP3625,molar,40.311494486514476,measured
Landolt_Dia_Comp_1932,LD1932,molar,-80.98602592111,measured
Landolt_Para_Comp_961,LP961,molar,147.0481197278894,measured
Landolt_Dia_Comp_264,LD264,molar,-66.79798495930793,measured
Landolt_Para_Comp_5430,LP5430,molar,207.82159165183765,measured
Landolt_Dia_Comp_691,LD691,molar,-79.75042381480043,measured
Landolt_Dia_Comp_3376,LD3376,molar,-63.491875945521016,measured
Landolt_Para_Comp_4391,LP4391,molar,96.21558030191052,measured
Landolt_Dia_Comp_2609,LD2609,molar,-49.76328603356254,measured
Landolt_Para_Comp_2263,LP2263,molar,148.8209955114419,measured
Landolt_Para_Comp_2299,LP2299,molar,527.4339611750144,measured
Landolt_Dia_Comp_4808,LD4808,molar,-23.512661869592662,measured
Landolt_Para_Comp_1052,LP1052,molar,79.6753500148167,measured
Landolt_Para_Comp_568,LP568,molar,103.87612910715639,measured
Landolt_Para_Comp_880,LP880,molar,290.6400385424388,measured
Landolt_Para_Comp_5354,LP5354,molar,304.9261002710476,measured
Landolt_Para_Comp_2521,LP2521,molar,271.7048292892299,measured
Landolt_Dia_Comp_2262,LD2262,molar,-55.591526048431355,measured
Landolt_Dia_Comp_4257,LD4257,molar,-50.26646871836123,measured
Landolt_Dia_Comp_1361,LD1361,molar,-59.49887182240475,measured
Landolt_Dia_Comp_2408,LD2408,molar,-83.45979099991428,measured
Landolt_Para_Comp_1457,LP1457,molar,347.5386679447184,measured
Landolt_Dia_Comp_4423,LD4423,molar,-66.94124859446553,measured
Landolt_Para_Comp_3766,LP3766,molar,22.99079889457792,measured
Landolt_Dia_Comp_780,LD780,molar,-27.34904366918962,measured
Landolt_Para_Comp_3884,LP3884,molar,115.22291195845773,measured
Landolt_Para_Comp_1149,LP1149,molar,71.30058329108947,measured
Landolt_Dia_Comp_993,LD993,molar,-29.58015304387331,measured
Landolt_Dia_Comp_4011,LD4011,molar,-55.022814631479974,measured
Landolt_Para_Comp_1355,LP1355,molar,57.88639892033546,measured
Landolt_Para_Comp_916,LP916,molar,143.9707971571072,measured
Landolt_Para_Comp_1156,LP1156,molar,39.397558853317136,measured
Landolt_Dia_Comp_2920,LD2920,molar,-32.69264282541386,measured
Landolt_Para_Comp_2113,LP2113,molar,54.292726932237834,measured
Landolt_Dia_Comp_5028,LD5028,molar,-51.810952430374755,measured
Landolt_Dia_Comp_1086,LD1086,molar,-62.551409521011564,measured
Landolt_Para_Comp_2695,LP2695,molar,48.899070843132286,measured
Landolt_Para_Comp_2898,LP2898,molar,88.25014359682264,measured
Landolt_Dia_Comp_138,LD138,molar,-11.18688881099952,measured
Landolt_Dia_Comp_2394,LD2394,molar,-48.97300064953775,measured
Landolt_Dia_Comp_3915,LD3915,molar,-61.08172162765328,measured
Landolt_Dia_Comp_2252,LD2252,molar,-40.63214165633261,measured
Landolt_Dia_Comp_584,LD584,molar,-64.01230140638079,measured
Landolt_Para_Comp_4711,LP4711,molar,103.59344421260137,measured
Landolt_Para_Comp_1405,LP1405,molar,162.24293085452155,measured
Landolt_Dia_Comp_2079,LD2079,molar,-75.23861816328036,measured
Landolt_Dia_Comp_2587,LD2587,molar,-43.18802881453302,measured
Landolt_Para_Comp_3117,LP3117,molar,328.8804761703364,measured
Landolt_Para_Comp_3770,LP3770,molar,53.763377202566026,measured
Landolt_Dia_Comp_740,LD740,molar,-88.59124685299062,measured
Landolt_Para_Comp_1881,LP1881,molar,101.85022538812566,measured
Landolt_Para_Comp_5392,LP5392,molar,77.66335736038022,measured
Landolt_Para_Comp_4064,LP4064,molar,74.11549647755582,measured
Landolt_Para_Comp_1148,LP1148,molar,455.5653699958194,measured
Landolt_Dia_Comp_294,LD294,molar,-35.90631013582294,measured
Landolt_Para_Comp_2806,LP2806,molar,23.731821453343734,measured
Landolt_Dia_Comp_1714,LD1714,molar,-14.667337839917593,measured
Landolt_Para_Comp_265,LP265,molar,379.3066680744446,measured
Landolt_Dia_Comp_2039,LD2039,molar,-63.62083097151671,measured
Landolt_Dia_Comp_4579,LD4579,molar,-43.776398714229,measured
Landolt_Dia_Comp_3003,LD3003,molar,-10.364856509882408,measured
Landolt_Dia_Comp_860,LD860,molar,-55.084907986449736,measured
Landolt_Para_Comp_3208,LP3208,molar,28.69424328742935,measured
Landolt_Para_Comp_4957,LP4957,molar,140.82553887261253,measured
Landolt_Para_Comp_5735,LP5735,molar,108.30056546231525,measured
Landolt_Para_Comp_4510,LP4510,molar,339.49853361984304,measured
Landolt_Dia_Comp_3283,LD3283,molar,-99.12610481577305,measured
Landolt_Dia_Comp_38,LD38,molar,-68.50712573681844,measured
Landolt_Dia_Comp_3821,LD3821,molar,-45.590298119924384,measured
Landolt_Dia_Comp_267,LD267,molar,-67.35961587810364,measured
Landolt_Para_Comp_4925,LP4925,molar,285.7338194761075,measured
Landolt_Dia_Comp_5236,LD5236,molar,-73.17590876911656,measured
Landolt_Para_Comp_2545,LP2545,molar,290.235930701759,measured
Landolt_Dia_Comp_662,LD662,molar,-37.140832595847066,measured
Landolt_Dia_Comp_2883,LD2883,molar,-52.50644882427037,measured
Landolt_Para_Comp_1305,LP1305,molar,189.08211580277123,measured
Landolt_Dia_Comp_2567,LD2567,molar,-48.460238915740824,measured
Landolt_Dia_Comp_5523,LD5523,molar,-73.28270651441484,measured
Landolt_Dia_Comp_5175,LD5175,molar,-66.99128810504689,measured
Landolt_Para_Comp_5511,LP5511,molar,68.01010729444774,measured
Landolt_Para_Comp_5107,LP5107,molar,111.3887247247642,measured
Landolt_Para_Comp_3039,LP3039,molar,156.3661245369005,measured
Landolt_Dia_Comp_4191,LD4191,molar,-50.68553018652319,measured
Landolt_Para_Comp_1934,LP1934,molar,64.1585715616836,measured
Landolt_Para_Comp_4695,LP4695,molar,94.22632874285401,measured
Landolt_Dia_Comp_3624,LD3624,molar,-50.521004539957026,measured
Landolt_Dia_Comp_2672,LD2672,molar,-38.818744255734536,measured
Landolt_Para_Comp_3797,LP3797,molar,84.43490398862721,measured
Landolt_Para_Comp_5709,LP5709,molar,89.4336542073491,measured
Landolt_Dia_Comp_5940,LD5940,molar,-53.79831414356497,measured
Landolt_Para_Comp_1888,LP1888,molar,208.6826978188036,measured
Landolt_Para_Comp_589,LP589,molar,184.4255781317637,measured
Landolt_Dia_Comp_75,LD75,molar,-40.716494583967595,measured
Landolt_Para_Comp_145,LP145,molar,48.87203874223296,measured
Landolt_Para_Comp_4369,LP4369,molar,81.59342481639784,measured
Landolt_Dia_Comp_3603,LD3603,molar,-38.13140939119786,measured
Landolt_Dia_Comp_3021,LD3021,molar,-88.9505563388064,measured
Landolt_Dia_Comp_5470,LD5470,molar,-69.64449960444192,measured
Landolt_Para_Comp_4774,LP4774,molar,308.77612540412963,measured
Landolt_Dia_Comp_2791,LD2791,molar,-73.4008848615054,measured
Landolt_Dia_Comp_4705,LD4705,molar,-67.81268932926866,measured
Landolt_Para_Comp_56,LP56,molar,250.84054569953815,measured
Landolt_Dia_Comp_3370,LD3370,molar,-41.40763370662454,measured
Landolt_Para_Comp_1547,LP1547,molar,62.276186721004976,measured
Landolt_Para_Comp_5414,LP5414,molar,32.3139169792839,measured
Landolt_Para_Comp_1872,LP1872,molar,200.9956369801502,measured
Landolt_Para_Comp_820,LP820,molar,297.4077435832948,measured
Landolt_Dia_Comp_4370,LD4370,molar,-76.93052966906171,measured
Landolt_Para_Comp_4302,LP4302,molar,177.47214305911285,measured
Landolt_Dia_Comp_4163,LD4163,molar,-81.34610188072749,measured
Landolt_Dia_Comp_2938,LD2938,molar,-19.95947094798668,measured
Landolt_Dia_Comp_4741,LD4741,molar,-62.6019672218955,measured
Landolt_Dia_Comp_2736,LD2736,molar,-52.042624445733416,measured
Landolt_Para_Comp_2721,LP2721,molar,40.696736402515114,measured
Landolt_Dia_Comp_5948,LD5948,molar,-55.16574603377288,measured
Landolt_Para_Comp_3342,LP3342,molar,103.23982801965161,measured
Landolt_Para_Comp_3230,LP3230,molar,118.12218525189378,measured
Landolt_Dia_Comp_5346,LD5346,molar,-48.37771795353998,measured
Landolt_Dia_Comp_5267,LD5267,molar,-32.588500263471225,measured
Landolt_Dia_Comp_112,LD112,molar,-38.2865086535796,measured
Landolt_Para_Comp_4115,LP4115,molar,36.56574407624939,measured
Landolt_Dia_Comp_2828,LD2828,molar,-55.0133521640245,measured
Landolt_Para_Comp_3996,LP3996,molar,596.8518632596929,measured
Landolt_Dia_Comp_467,LD467,molar,-36.53930403635695,measured
Landolt_Para_Comp_925,LP925,molar,223.79069879201683,measured
Landolt_Dia_Comp_3928,LD3928,molar,-47.57701058332182,measured
Landolt_Para_Comp_5863,LP5863,molar,137.50962661401314,measured
Landolt_Dia_Comp_2616,LD2616,molar,-61.930019872005495,measured
Landolt_Dia_Comp_98,LD98,molar,-92.34035804614376,measured
Landolt_Dia_Comp_756,LD756,molar,-20.886399440977016,measured
Landolt_Dia_Comp_2302,LD2302,molar,-12.035882662886962,measured
Landolt_Dia_Comp_2289,LD2289,molar,-37.2271507586258,measured
Landolt_Dia_Comp_2487,LD2487,molar,-44.73503221726562,measured
Landolt_Dia_Comp_3903,LD3903,molar,-61.956071779022245,measured
Landolt_Dia_Comp_4610,LD4610,molar,-76.54408498527617,measured
Landolt_Dia_Comp_1906,LD1906,molar,-46.589595740086025,measured
Landolt_Para_Comp_1674,LP1674,molar,135.99063585674003,measured
Landolt_Para_Comp_4438,LP4438,molar,160.60409234206784,measured
Landolt_Para_Comp_4594,LP4594,molar,136.07955852971543,measured
Landolt_Dia_Comp_4258,LD4258,molar,-73.34033415472149,measured
Landolt_Para_Comp_1970,LP1970,molar,439.3026602690568,measured
Landolt_Para_Comp_5588,LP5588,molar,161.85965572339776,measured
Landolt_Dia_Comp_1476,LD1476,molar,-71.11486906691664,measured
Landolt_Dia_Comp_3625,LD3625,molar,-27.223165681604765,measured
Landolt_Dia_Comp_3062,LD3062,molar,-57.28849601019787,measured
Landolt_Para_Comp_454,LP454,molar,259.7882242213899,measured
Landolt_Para_Comp_5153,LP5153,molar,75.91161910527403,measured
Landolt_Para_Comp_2928,LP2928,molar,31.789046159684908,measured
Landolt_Dia_Comp_4003,LD4003,molar,-48.68927605512895,measured
Landolt_Dia_Comp_1860,LD1860,molar,-63.60166139923059,measured
Landolt_Dia_Comp_3834,LD3834,molar,-100.43746078174414,measured
Landolt_Para_Comp_2837,LP2837,molar,75.3599589573002,measured
Landolt_Para_Comp_2996,LP2996,molar,75.01186847480227,measured
Landolt_Para_Comp_4095,LP4095,molar,129.28720088190693,measured
Landolt_Para_Comp_2608,LP2608,molar,64.77587359484869,measured
Landolt_Dia_Comp_579,LD579,molar,-66.82534784924057,measured
Landolt_Dia_Comp_1576,LD1576,molar,-55.87791465654847,measured
Landolt_Para_Comp_2702,LP2702,molar,311.1830277429902,measured
Landolt_Dia_Comp_5768,LD5768,molar,-47.22083194270628,measured
Landolt_Para_Comp_3190,LP3190,molar,29.881248684468797,measured
Landolt_Para_Comp_88,LP88,molar,146.1006871789976,measured
Landolt_Dia_Comp_4945,LD4945,molar,-24.583424676880693,measured
Landolt_Para_Comp_251,LP251,molar,71.57945962817527,measured
Landolt_Para_Comp_4587,LP4587,molar,643.2099010448825,measured
Landolt_Para_Comp_1532,LP1532,molar,92.75836679741845,measured
Landolt_Para_Comp_1699,LP1699,molar,94.88080983531776,measured
Landolt_Para_Comp_3999,LP3999,molar,214.5309800065221,measured
Landolt_Dia_Comp_1082,LD1082,molar,-37.34700719150219,measured
Landolt_Dia_Comp_5255,LD5255,molar,-40.033452171326275,measured
Landolt_Dia_Comp_151,LD151,molar,-26.93915447617374,measured
Landolt_Dia_Comp_5632,LD5632,molar,-66.52257391897432,measured
Landolt_Para_Comp_5785,LP5785,molar,25.54303349827449,measured
Landolt_Dia_Comp_628,LD628,molar,-87.9529691077347,measured
Landolt_Para_Comp_3192,LP3192,molar,378.23918639899347,measured
Landolt_Para_Comp_4827,LP4827,molar,12.928608321747772,measured
Landolt_Dia_Comp_146,LD146,molar,-51.88368814557728,measured
Landolt_Dia_Comp_2541,LD2541,molar,-79.21089347990079,measured
Landolt_Para_Comp_1300,LP1300,molar,10.695149208799299,measured
Landolt_Dia_Comp_2508,LD2508,molar,-70.75877638690602,measured
