material,formula,type,chi_value_cgs
Para_Comp_1280,P1280,molar,70.48596104860695
Para_Comp_716,P716,molar,345.07598054283056
Para_Comp_1288,P1288,molar,166.09582109318094
Para_Comp_859,P859,molar,38.0066696895892
Para_Comp_1058,P1058,molar,110.57291599867935
Dia_Comp_627,D627,molar,-36.11314363840169
Para_Comp_1107,P1107,molar,293.27027320142065
Dia_Comp_1336,D1336,molar,-26.3398210329381
Para_Comp_64,P64,molar,54.76789972076766
Dia_Comp_1367,D1367,molar,-49.644547502561174
Dia_Comp_257,D257,molar,-47.86977682696604
Para_Comp_975,P975,molar,360.780519667214
Para_Comp_1074,P1074,molar,14.062128316593395
Dia_Comp_333,D333,molar,-37.52010480952946
Dia_Comp_698,D698,molar,-63.4542308057759
Dia_Comp_952,D952,molar,-51.29369811342228
Para_Comp_754,P754,molar,15.37438771210137
Para_Comp_1579,P1579,molar,148.9563060024516
Para_Comp_424,P424,molar,73.79265618236884
Para_Comp_860,P860,molar,154.32562059025764
Para_Comp_1000,P1000,molar,27.842461478793933
Para_Comp_815,P815,molar,128.487895844412
Dia_Comp_622,D622,molar,-41.25447031403821
Para_Comp_1283,P1283,molar,64.94812669955434
Para_Comp_1442,P1442,molar,121.11637255712093
Para_Comp_1085,P1085,molar,151.23916153430434
Dia_Comp_973,D973,molar,-51.40616959695401
Dia_Comp_1261,D1261,molar,-6.736933953769089
Dia_Comp_358,D358,molar,-45.4460966705372
Para_Comp_120,P120,molar,66.49694730478903
Para_Comp_1552,P1552,molar,295.8805989989606
Dia_Comp_767,D767,molar,-46.56977647821753
Para_Comp_416,P416,molar,322.92838455192435
Dia_Comp_522,D522,molar,-58.839899104614304
Para_Comp_465,P465,molar,78.0110063997884
Dia_Comp_35,D35,molar,-21.745658014950738
Para_Comp_661,P661,molar,120.36671856925143
Para_Comp_1167,P1167,molar,101.951610006744
Para_Comp_636,P636,molar,175.42945318379833
Para_Comp_1229,P1229,molar,93.75248492466362
Para_Comp_436,P436,molar,34.722982898475905
Dia_Comp_630,D630,molar,-49.52763201022652
Dia_Comp_636,D636,molar,-18.98739486049251
Dia_Comp_428,D428,molar,-28.526816285193995
Para_Comp_844,P844,molar,140.99119580005157
Dia_Comp_721,D721,molar,-58.94122856122121
Dia_Comp_710,D710,molar,-52.432695570753665
Dia_Comp_290,D290,molar,-35.612972860067615
Para_Comp_95,P95,molar,86.6204591325965
Dia_Comp_863,D863,molar,-29.67386835614765
Dia_Comp_780,D780,molar,-55.186946912594614
Dia_Comp_765,D765,molar,-20.58045210541139
Para_Comp_811,P811,molar,74.01743982345413
Dia_Comp_168,D168,molar,-67.46013731157385
Dia_Comp_123,D123,molar,-24.718753258914848
Levitator_Proxy_36,L36,molar,-256.2790561749002
Para_Comp_993,P993,molar,48.10412530327615
Para_Comp_164,P164,molar,198.95919192257892
Dia_Comp_629,D629,molar,-41.11892501193086
Dia_Comp_1030,D1030,molar,-35.76931949316229
Para_Comp_1571,P1571,molar,114.30087190683757
Dia_Comp_624,D624,molar,-25.229081348622906
Para_Comp_1529,P1529,molar,66.65461587085497
Dia_Comp_911,D911,molar,-13.8527842610855
Levitator_Proxy_21,L21,molar,-205.182199305777
Dia_Comp_779,D779,molar,-25.806177741414796
Para_Comp_647,P647,molar,190.20810169068832
Para_Comp_1287,P1287,molar,205.54534950618537
Para_Comp_599,P599,molar,78.8986567824106
Dia_Comp_674,D674,molar,-38.383645971449184
Para_Comp_730,P730,molar,296.67627536001993
Para_Comp_152,P152,molar,73.32909565478919
Dia_Comp_901,D901,molar,-29.321532812089423
Para_Comp_114,P114,molar,39.82600880748754
Para_Comp_1147,P1147,molar,679.4791857883373
Para_Comp_61,P61,molar,127.27621720507732
Dia_Comp_544,D544,molar,-28.210682943541173
Para_Comp_1392,P1392,molar,450.6083367384235
Dia_Comp_1061,D1061,molar,-30.639433388560345
Dia_Comp_637,D637,molar,-67.17654274902338
Dia_Comp_1286,D1286,molar,-35.246118799794814
Para_Comp_260,P260,molar,163.0984762797056
Dia_Comp_1214,D1214,molar,-40.35638336841565
Dia_Comp_1049,D1049,molar,-30.848267489684375
Para_Comp_1025,P1025,molar,56.49580036822249
Dia_Comp_104,D104,molar,-33.811234739497145
Dia_Comp_707,D707,molar,-45.98967888157538
Dia_Comp_1271,D1271,molar,-46.66689384460943
Para_Comp_1345,P1345,molar,84.98045871879542
Dia_Comp_484,D484,molar,-53.82629834955205
Para_Comp_1070,P1070,molar,323.2679192617368
Para_Comp_1265,P1265,molar,165.09276847978037
Para_Comp_1041,P1041,molar,69.21325172567143
Para_Comp_355,P355,molar,95.65609773562129
Para_Comp_1030,P1030,molar,14.673324243615337
Dia_Comp_565,D565,molar,-26.343322518184742
Dia_Comp_462,D462,molar,-41.25953126087505
Dia_Comp_590,D590,molar,-30.390718260947246
Para_Comp_329,P329,molar,475.28764842858664
Para_Comp_1593,P1593,molar,220.10936888981016
Dia_Comp_301,D301,molar,-67.59165097412031
Dia_Comp_443,D443,molar,-32.68084861938118
Para_Comp_53,P53,molar,27.834076382855898
Dia_Comp_866,D866,molar,-28.734540400611067
Para_Comp_121,P121,molar,201.50019839727713
Dia_Comp_61,D61,molar,-58.60348385762332
Para_Comp_646,P646,molar,150.7165545967939
Dia_Comp_416,D416,molar,-34.71352673283388
Dia_Comp_354,D354,molar,-27.32954651891675
Para_Comp_68,P68,molar,48.8427280114167
Dia_Comp_513,D513,molar,-19.773818323358597
Para_Comp_1587,P1587,molar,45.090238257954375
Para_Comp_1443,P1443,molar,126.17449920961405
Dia_Comp_1350,D1350,molar,-24.004491506906565
Para_Comp_1091,P1091,molar,356.1895595606017
Para_Comp_1051,P1051,molar,179.33653357759454
Dia_Comp_850,D850,molar,-44.038403433587014
Dia_Comp_1272,D1272,molar,-43.762798031239264
Dia_Comp_268,D268,molar,-67.02075608020994
Dia_Comp_459,D459,molar,-38.918202616314744
Dia_Comp_1332,D1332,molar,-20.613229209691088
Dia_Comp_817,D817,molar,-32.733541180055
Para_Comp_196,P196,molar,106.53589262608955
Para_Comp_903,P903,molar,361.8352416575921
Para_Comp_881,P881,molar,99.38038636181578
Para_Comp_247,P247,molar,281.7412357757
Dia_Comp_341,D341,molar,-34.254480929614516
Dia_Comp_447,D447,molar,-49.001473201525336
Dia_Comp_1031,D1031,molar,-25.436577362351965
Dia_Comp_1259,D1259,molar,-36.138447133413244
Para_Comp_308,P308,molar,159.63380885836847
Para_Comp_1327,P1327,molar,44.77614137887034
Dia_Comp_704,D704,molar,-61.16339728452998
Para_Comp_451,P451,molar,400.09406989885
Dia_Comp_720,D720,molar,-29.044308593595268
Dia_Comp_1162,D1162,molar,-44.996859077763354
Dia_Comp_495,D495,molar,-37.77494467956026
Para_Comp_1367,P1367,molar,63.44803672772623
Para_Comp_719,P719,molar,54.26619069468423
Dia_Comp_383,D383,molar,-53.32262246395946
Para_Comp_1140,P1140,molar,142.38534544417254
Para_Comp_479,P479,molar,92.48034494522587
Para_Comp_1215,P1215,molar,196.5507248206022
Dia_Comp_691,D691,molar,-26.346561206332233
Para_Comp_1313,P1313,molar,30.60273973212843
Dia_Comp_1099,D1099,molar,-34.76969455175405
Para_Comp_1123,P1123,molar,16.369689380262095
Para_Comp_1040,P1040,molar,83.21486817943688
Dia_Comp_1052,D1052,molar,-54.86637950977691
Para_Comp_1346,P1346,molar,154.4764133709738
Para_Comp_1002,P1002,molar,44.46428148756159
Dia_Comp_871,D871,molar,-52.23984974342954
Para_Comp_491,P491,molar,66.21169816761966
Para_Comp_1557,P1557,molar,60.53373960967894
Para_Comp_441,P441,molar,159.69756759717822
Dia_Comp_298,D298,molar,-37.284314637982995
Para_Comp_622,P622,molar,17.65437223387737
Para_Comp_838,P838,molar,85.8190494652152
Para_Comp_87,P87,molar,83.27243958927832
Para_Comp_1197,P1197,molar,144.73233014900893
Para_Comp_1260,P1260,molar,266.62741942198994
Para_Comp_22,P22,molar,104.44512019000405
Para_Comp_354,P354,molar,589.4728222902244
Para_Comp_1257,P1257,molar,163.78205848356868
Dia_Comp_17,D17,molar,-56.858372676523864
Para_Comp_189,P189,molar,117.13351789100933
Dia_Comp_784,D784,molar,-44.433398705172145
Dia_Comp_74,D74,molar,-16.109055687998087
Para_Comp_1116,P1116,molar,558.6013085622347
Dia_Comp_605,D605,molar,-8.259880824967023
Para_Comp_1068,P1068,molar,127.16922452575928
Para_Comp_315,P315,molar,26.74045297183451
Para_Comp_836,P836,molar,130.55840224453192
Para_Comp_801,P801,molar,23.446579898891883
Dia_Comp_425,D425,molar,-55.80192227178115
Dia_Comp_143,D143,molar,-73.16386572803823
Para_Comp_460,P460,molar,379.61506187958634
Para_Comp_420,P420,molar,409.0639192254246
Dia_Comp_1250,D1250,molar,-26.227449351377487
Para_Comp_345,P345,molar,701.1639919111883
Para_Comp_856,P856,molar,238.32447044150604
Para_Comp_1096,P1096,molar,49.45579957939052
Dia_Comp_482,D482,molar,-27.061709232790584
Dia_Comp_1151,D1151,molar,-67.3329400892103
Dia_Comp_76,D76,molar,-44.82070604627253
Dia_Comp_1100,D1100,molar,-28.790902471211588
Para_Comp_1351,P1351,molar,61.75927325184174
Dia_Comp_888,D888,molar,-51.40247337534668
Dia_Comp_615,D615,molar,-51.442948575529456
Dia_Comp_607,D607,molar,-23.759916167774076
Dia_Comp_1165,D1165,molar,-74.57792211450536
Para_Comp_154,P154,molar,76.0218656462203
Para_Comp_723,P723,molar,13.072822317071786
Para_Comp_526,P526,molar,132.51558969034454
Para_Comp_587,P587,molar,274.29490152273553
Dia_Comp_300,D300,molar,-64.231227859512
Para_Comp_275,P275,molar,16.735103734672748
Dia_Comp_889,D889,molar,-86.8852818439721
Para_Comp_684,P684,molar,48.923758860388034
Para_Comp_961,P961,molar,75.71868450987344
Dia_Comp_418,D418,molar,-28.209679174632644
Para_Comp_557,P557,molar,203.0261707808917
Para_Comp_1092,P1092,molar,128.07485370969664
Dia_Comp_632,D632,molar,-39.35786347050645
Dia_Comp_1217,D1217,molar,-58.753761807911054
Para_Comp_641,P641,molar,24.192373667034005
Para_Comp_29,P29,molar,51.018846220313755
Dia_Comp_180,D180,molar,-29.222397643681052
Dia_Comp_1053,D1053,molar,-37.347589736893255
Para_Comp_119,P119,molar,25.92711495907709
Dia_Comp_759,D759,molar,-17.603712065079236
Para_Comp_142,P142,molar,262.63055996887977
Para_Comp_1350,P1350,molar,176.89117963612898
Para_Comp_1155,P1155,molar,85.45118231132302
Para_Comp_31,P31,molar,268.29775639167724
Dia_Comp_253,D253,molar,-16.937774169178745
Dia_Comp_128,D128,molar,-29.468386322659054
Para_Comp_466,P466,molar,26.065302633639007
Dia_Comp_345,D345,molar,-36.11534362476476
Para_Comp_1437,P1437,molar,91.95989963723619
Para_Comp_1089,P1089,molar,66.37952853879727
Dia_Comp_1178,D1178,molar,-34.18679712253054
Dia_Comp_658,D658,molar,-55.910534841701335
Dia_Comp_769,D769,molar,-34.02805720752036
Dia_Comp_741,D741,molar,-36.88241446216266
Dia_Comp_1090,D1090,molar,-41.66541278300449
Para_Comp_1049,P1049,molar,131.4962472389479
Para_Comp_82,P82,molar,601.6882317011208
Para_Comp_760,P760,molar,256.74088227314826
Para_Comp_875,P875,molar,68.13526828080558
Para_Comp_333,P333,molar,10.561869797177707
Para_Comp_1449,P1449,molar,66.44971314604388
Para_Comp_1366,P1366,molar,124.97594952954621
Dia_Comp_360,D360,molar,-54.759554497788116
Para_Comp_814,P814,molar,575.5820228838454
Dia_Comp_465,D465,molar,-15.423266279122625
Para_Comp_109,P109,molar,67.59893412944402
Para_Comp_338,P338,molar,78.44314322253369
Para_Comp_495,P495,molar,94.37701949761083
Para_Comp_1160,P1160,molar,258.77303514772166
Dia_Comp_171,D171,molar,-33.512837917753565
Dia_Comp_456,D456,molar,-24.02771521740283
Para_Comp_295,P295,molar,306.18711721275776
Para_Comp_912,P912,molar,395.46271501407165
Para_Comp_75,P75,molar,180.8417943770884
Para_Comp_432,P432,molar,19.933161137790133
Para_Comp_522,P522,molar,12.797588230522388
Dia_Comp_1154,D1154,molar,-22.337507467789298
Dia_Comp_1317,D1317,molar,-32.92766031766079
Para_Comp_1331,P1331,molar,16.571258397915635
Dia_Comp_1245,D1245,molar,-48.84778505489767
Dia_Comp_1215,D1215,molar,-18.7099908192097
Para_Comp_55,P55,molar,16.86539790195735
Dia_Comp_1209,D1209,molar,-36.04449860508591
Para_Comp_922,P922,molar,420.61054023306696
Para_Comp_1343,P1343,molar,141.98516129366618
Dia_Comp_960,D960,molar,-43.56044325156532
Dia_Comp_650,D650,molar,-58.92331078444406
Para_Comp_1439,P1439,molar,208.7458522182311
Dia_Comp_551,D551,molar,-48.41391907659148
Dia_Comp_1091,D1091,molar,-30.49087336605357
Para_Comp_1104,P1104,molar,359.04529883165736
Para_Comp_299,P299,molar,30.485872774240807
Para_Comp_1209,P1209,molar,10.421789646446161
Para_Comp_257,P257,molar,87.6795597883016
Para_Comp_1558,P1558,molar,299.2137902645784
Dia_Comp_78,D78,molar,-58.88692501683637
Para_Comp_978,P978,molar,138.7806104642294
Para_Comp_1409,P1409,molar,11.029779649441002
Para_Comp_1254,P1254,molar,125.06651953478033
Dia_Comp_208,D208,molar,-43.39771955053888
Para_Comp_340,P340,molar,18.39316695001464
Para_Comp_503,P503,molar,99.24744544732697
Dia_Comp_935,D935,molar,-32.11826383150228
Para_Comp_1428,P1428,molar,99.81973797628214
Dia_Comp_934,D934,molar,-54.703569602703006
Para_Comp_69,P69,molar,83.78740463897873
Para_Comp_565,P565,molar,255.1801579294875
Para_Comp_964,P964,molar,24.078246543114957
Dia_Comp_695,D695,molar,-29.572950304406458
Levitator_Proxy_18,L18,molar,-232.77124251056907
Dia_Comp_1241,D1241,molar,-57.72326684716134
Para_Comp_366,P366,molar,87.20371392591221
Para_Comp_1114,P1114,molar,54.97336408515133
Para_Comp_389,P389,molar,312.0277506134
Para_Comp_920,P920,molar,159.0394819183436
Dia_Comp_929,D929,molar,-46.93763024225792
Para_Comp_729,P729,molar,442.47019563716395
Dia_Comp_751,D751,molar,-43.18064208516208
Dia_Comp_96,D96,molar,-36.344848316512696
Para_Comp_1362,P1362,molar,134.5546558261532
Dia_Comp_67,D67,molar,-49.147673520174784
Para_Comp_1440,P1440,molar,164.10629405955166
Dia_Comp_133,D133,molar,-17.861437473916244
Dia_Comp_356,D356,molar,-28.024879048915977
Para_Comp_614,P614,molar,161.38921965606576
Para_Comp_1019,P1019,molar,188.8372048448606
Dia_Comp_270,D270,molar,-43.26282937670812
Dia_Comp_1026,D1026,molar,-23.479205535743766
Dia_Comp_63,D63,molar,-85.91206014591397
Para_Comp_50,P50,molar,102.46752750644272
Dia_Comp_196,D196,molar,-21.8421748154327
Para_Comp_515,P515,molar,336.02366992945036
Para_Comp_319,P319,molar,74.72763168377035
Dia_Comp_27,D27,molar,-23.87945238174687
Para_Comp_1586,P1586,molar,45.354356916488314
Dia_Comp_380,D380,molar,-30.070124107767676
Dia_Comp_853,D853,molar,-41.157287675140296
Dia_Comp_557,D557,molar,-6.978547350600394
Dia_Comp_85,D85,molar,-51.78456263233039
Dia_Comp_151,D151,molar,-47.03239553634455
Para_Comp_1067,P1067,molar,26.30907978178424
Dia_Comp_480,D480,molar,-35.88889568120916
Dia_Comp_129,D129,molar,-40.22313561674206
Dia_Comp_772,D772,molar,-45.90765161230434
Para_Comp_320,P320,molar,204.7230294828187
Dia_Comp_1041,D1041,molar,-59.428349634802224
Para_Comp_718,P718,molar,82.46865155041661
Dia_Comp_712,D712,molar,-53.61480825337603
Dia_Comp_148,D148,molar,-13.29284964958828
Dia_Comp_189,D189,molar,-61.68667167433567
Dia_Comp_390,D390,molar,-42.714679143306896
Para_Comp_972,P972,molar,58.393624299470886
Para_Comp_1322,P1322,molar,153.3594609986521
Dia_Comp_146,D146,molar,-54.10345486934937
Dia_Comp_1174,D1174,molar,-50.30435104482205
Para_Comp_1393,P1393,molar,235.57708993142109
Para_Comp_1284,P1284,molar,216.92248566146097
Dia_Comp_554,D554,molar,-58.842183871710006
Dia_Comp_1071,D1071,molar,-34.456183263688224
Dia_Comp_400,D400,molar,-36.17256537201895
Dia_Comp_498,D498,molar,-44.96253856878125
Para_Comp_1559,P1559,molar,244.20341585128196
Dia_Comp_152,D152,molar,-51.5050583368064
Para_Comp_517,P517,molar,225.68236143931873
Dia_Comp_1228,D1228,molar,-32.901797832203215
Dia_Comp_236,D236,molar,-46.695638735687396
Dia_Comp_20,D20,molar,-26.959718936384974
Para_Comp_1356,P1356,molar,148.42146647356043
Para_Comp_1338,P1338,molar,155.4348885967595
Dia_Comp_15,D15,molar,-57.39668117077622
Para_Comp_766,P766,molar,70.68705138255677
Para_Comp_546,P546,molar,269.45012131490165
Dia_Comp_884,D884,molar,-65.01979847623241
Dia_Comp_491,D491,molar,-44.29158156815744
Para_Comp_997,P997,molar,220.9618289793536
Dia_Comp_1381,D1381,molar,-40.709567695056656
Para_Comp_229,P229,molar,90.21001194669847
Para_Comp_287,P287,molar,12.210836701044316
Dia_Comp_1160,D1160,molar,-49.88745509362106
Para_Comp_1270,P1270,molar,133.86606574744127
Dia_Comp_404,D404,molar,-37.76331884741083
Para_Comp_279,P279,molar,154.70861027220323
Para_Comp_833,P833,molar,16.97284794433526
Para_Comp_248,P248,molar,145.63583421366022
Para_Comp_1528,P1528,molar,143.63422537029436
Para_Comp_852,P852,molar,29.26346438671342
Para_Comp_1320,P1320,molar,64.15216778572392
Dia_Comp_880,D880,molar,-35.44123447363999
Para_Comp_520,P520,molar,46.282266092023875
Para_Comp_426,P426,molar,15.303411491910062
Para_Comp_1236,P1236,molar,20.817502897370552
Dia_Comp_648,D648,molar,-60.21466325008432
Dia_Comp_319,D319,molar,-45.75916884304023
Dia_Comp_306,D306,molar,-20.748402988604255
Dia_Comp_996,D996,molar,-57.71806485608424
Para_Comp_1201,P1201,molar,50.19560415493131
Dia_Comp_612,D612,molar,-44.24225209281389
Dia_Comp_1020,D1020,molar,-46.14754284098458
Dia_Comp_876,D876,molar,-35.067549652577846
Dia_Comp_461,D461,molar,-61.4883230956832
Dia_Comp_881,D881,molar,-65.99563382943542
Dia_Comp_718,D718,molar,-78.34534154094347
Dia_Comp_549,D549,molar,-31.92572894236126
Para_Comp_1044,P1044,molar,336.0971346541786
Dia_Comp_140,D140,molar,-32.75950694540446
Para_Comp_1318,P1318,molar,21.219493010411437
Para_Comp_327,P327,molar,270.8624092340697
Dia_Comp_131,D131,molar,-22.57136650239985
Dia_Comp_1190,D1190,molar,-44.73138750017483
Dia_Comp_520,D520,molar,-25.008541563270335
Dia_Comp_1374,D1374,molar,-17.583147278883985
Para_Comp_454,P454,molar,182.89933596780273
Dia_Comp_625,D625,molar,-20.970774953333148
Para_Comp_696,P696,molar,144.08087067750589
Dia_Comp_610,D610,molar,-35.18669064099993
Para_Comp_1341,P1341,molar,326.935396433262
Para_Comp_1001,P1001,molar,166.47316103754486
Dia_Comp_1243,D1243,molar,-44.28731496036351
Dia_Comp_187,D187,molar,-32.29872570783161
Dia_Comp_1126,D1126,molar,-61.279326159231246
Dia_Comp_987,D987,molar,-28.76011283203721
Dia_Comp_278,D278,molar,-43.685525823173165
Para_Comp_837,P837,molar,117.17210447791422
Dia_Comp_457,D457,molar,-36.449225847788135
Dia_Comp_1315,D1315,molar,-55.39207451922141
Dia_Comp_900,D900,molar,-22.309902155910898
Dia_Comp_297,D297,molar,-38.10560903086293
Para_Comp_429,P429,molar,39.697293335915774
Dia_Comp_847,D847,molar,-60.78658059034585
Para_Comp_774,P774,molar,270.5696981031274
Para_Comp_213,P213,molar,43.323581780745556
Dia_Comp_1187,D1187,molar,-39.361590790037305
Dia_Comp_473,D473,molar,-24.259781448778835
Dia_Comp_885,D885,molar,-9.114480091110991
Dia_Comp_1375,D1375,molar,-34.391247153455254
Dia_Comp_1227,D1227,molar,-42.02510393238413
Dia_Comp_299,D299,molar,-57.76277118932394
Para_Comp_643,P643,molar,207.49750980917597
Para_Comp_1570,P1570,molar,369.06077270993575
Para_Comp_1575,P1575,molar,26.79103681616954
Dia_Comp_1263,D1263,molar,-32.53520707060255
Dia_Comp_1079,D1079,molar,-11.490805849113443
Para_Comp_1397,P1397,molar,376.77816722574045
Dia_Comp_174,D174,molar,-25.128295384800566
Para_Comp_1488,P1488,molar,192.30766305143786
Para_Comp_182,P182,molar,106.07470610892629
Para_Comp_594,P594,molar,80.63531372823248
Para_Comp_30,P30,molar,247.70233533386906
Dia_Comp_402,D402,molar,-12.349295393126162
Dia_Comp_324,D324,molar,-73.08079538290517
Para_Comp_1536,P1536,molar,67.00319457409861
Para_Comp_132,P132,molar,88.39446129053131
Para_Comp_1576,P1576,molar,294.61355890781425
Para_Comp_1581,P1581,molar,112.8726090495957
Dia_Comp_1206,D1206,molar,-32.02052642019501
Dia_Comp_841,D841,molar,-16.64227484703185
Para_Comp_1056,P1056,molar,87.21275224962814
Levitator_Proxy_9,L9,molar,-206.29391033846346
Para_Comp_832,P832,molar,15.78818877595489
Dia_Comp_497,D497,molar,-41.74541973433263
Dia_Comp_1201,D1201,molar,-47.2737270038289
Dia_Comp_1095,D1095,molar,-34.33206855688122
Dia_Comp_856,D856,molar,-63.041717705625416
Para_Comp_1185,P1185,molar,41.41653336897818
Dia_Comp_40,D40,molar,-35.87549397542812
Para_Comp_401,P401,molar,80.49308893878272
Para_Comp_782,P782,molar,26.349197255729205
Dia_Comp_598,D598,molar,-11.64939365159043
Para_Comp_1066,P1066,molar,192.11089991540925
Para_Comp_342,P342,molar,236.64282243091415
Dia_Comp_471,D471,molar,-28.39141190322794
Para_Comp_14,P14,molar,504.97997870396574
Dia_Comp_414,D414,molar,-31.409580789569453
Para_Comp_1453,P1453,molar,33.25946824620642
Dia_Comp_417,D417,molar,-31.194240491934636
Para_Comp_685,P685,molar,88.10234650919556
Dia_Comp_683,D683,molar,-42.74888864991059
Dia_Comp_855,D855,molar,-64.31738831597625
Dia_Comp_811,D811,molar,-41.05014625184129
Dia_Comp_1396,D1396,molar,-34.796766220901915
Dia_Comp_506,D506,molar,-19.391052294094834
Dia_Comp_1170,D1170,molar,-38.78438865056988
Para_Comp_1423,P1423,molar,342.515903122566
Dia_Comp_1366,D1366,molar,-26.357139427594838
Para_Comp_1391,P1391,molar,135.51146442070524
Dia_Comp_130,D130,molar,-42.39664958735329
Para_Comp_1057,P1057,molar,118.49688686830277
Para_Comp_473,P473,molar,450.7795769301697
Para_Comp_492,P492,molar,69.02532106956025
Para_Comp_171,P171,molar,83.3932327059524
Para_Comp_406,P406,molar,96.50302525740288
Para_Comp_1282,P1282,molar,121.2683115043995
Dia_Comp_361,D361,molar,-35.18205958694902
Dia_Comp_1149,D1149,molar,-72.89986957018536
Dia_Comp_1232,D1232,molar,-32.72024771721769
Dia_Comp_26,D26,molar,-57.80574336480435
Para_Comp_323,P323,molar,17.860060782271713
Para_Comp_1139,P1139,molar,105.53690674025269
Para_Comp_280,P280,molar,255.6316868923316
Para_Comp_1015,P1015,molar,194.88727631150084
Para_Comp_1595,P1595,molar,116.40584213378834
Para_Comp_1588,P1588,molar,163.16663747715322
Dia_Comp_533,D533,molar,-50.07917792783167
Dia_Comp_955,D955,molar,-37.7239066320055
Para_Comp_1433,P1433,molar,141.87488585566098
Para_Comp_331,P331,molar,186.4519238268013
Dia_Comp_479,D479,molar,-19.016802651802934
Para_Comp_1329,P1329,molar,126.04379289009606
Para_Comp_1417,P1417,molar,260.3710733851743
Dia_Comp_218,D218,molar,-29.124793338886164
Dia_Comp_716,D716,molar,-58.59768559136854
Para_Comp_504,P504,molar,368.85979871770354
Para_Comp_1271,P1271,molar,58.169102491291
Para_Comp_1267,P1267,molar,180.02667622640226
Dia_Comp_190,D190,molar,-49.839959011538454
Para_Comp_1233,P1233,molar,61.277556485399444
Dia_Comp_744,D744,molar,-42.15298623713875
Para_Comp_631,P631,molar,334.83310685889325
Dia_Comp_307,D307,molar,-52.259409988294635
Para_Comp_703,P703,molar,94.36193428081049
Dia_Comp_1371,D1371,molar,-13.794571738333993
Dia_Comp_1268,D1268,molar,-62.27981521441011
Dia_Comp_271,D271,molar,-67.10161786392702
Para_Comp_1523,P1523,molar,81.3829991084281
Para_Comp_461,P461,molar,59.936013486099014
Para_Comp_300,P300,molar,112.57639500415536
Dia_Comp_1146,D1146,molar,-40.80758295224794
Dia_Comp_621,D621,molar,-37.29983832972443
Dia_Comp_922,D922,molar,-17.874374141795766
Para_Comp_1151,P1151,molar,136.11459470555985
Para_Comp_78,P78,molar,367.8128336402227
Para_Comp_63,P63,molar,209.3602061727482
Dia_Comp_1195,D1195,molar,-38.67482199714792
Dia_Comp_210,D210,molar,-10.940185864279105
Dia_Comp_808,D808,molar,-78.77468023689221
Para_Comp_410,P410,molar,230.60331924757153
Dia_Comp_44,D44,molar,-68.50841006066508
Para_Comp_112,P112,molar,113.52359562706023
Para_Comp_19,P19,molar,106.04022927339102
Dia_Comp_1363,D1363,molar,-40.11319927172617
Dia_Comp_1063,D1063,molar,-39.503844954724556
Para_Comp_399,P399,molar,25.180032774995198
Dia_Comp_248,D248,molar,-49.6077438628532
Levitator_Proxy_47,L47,molar,-284.1133356644757
Para_Comp_1193,P1193,molar,438.7901017403324
Para_Comp_81,P81,molar,55.778714433659545
Dia_Comp_149,D149,molar,-30.877345955506122
Para_Comp_818,P818,molar,181.87947936446122
Dia_Comp_966,D966,molar,-57.22756649024417
Para_Comp_135,P135,molar,160.38437807972323
Para_Comp_1312,P1312,molar,149.20486571823662
Para_Comp_995,P995,molar,45.72578616988129
Para_Comp_330,P330,molar,329.5815116841836
Para_Comp_1046,P1046,molar,253.04248092231728
Dia_Comp_1216,D1216,molar,-31.454619118981853
Dia_Comp_559,D559,molar,-50.8893321910879
Dia_Comp_1256,D1256,molar,-26.61357897118832
Dia_Comp_162,D162,molar,-19.944412951261207
Dia_Comp_423,D423,molar,-42.97810752667865
Para_Comp_147,P147,molar,12.422539481547599
Para_Comp_1573,P1573,molar,379.84886331656037
Dia_Comp_1244,D1244,molar,-37.74228526704727
Para_Comp_1075,P1075,molar,120.79968838512039
Para_Comp_139,P139,molar,47.00064679536362
Para_Comp_1562,P1562,molar,138.78791736378457
Para_Comp_1347,P1347,molar,85.65493541078642
Levitator_Proxy_4,L4,molar,-336.4314885014244
Para_Comp_1174,P1174,molar,137.89973896086138
Para_Comp_67,P67,molar,226.8378448782848
Para_Comp_790,P790,molar,682.3577684437839
Dia_Comp_546,D546,molar,-30.894162836467356
Dia_Comp_1335,D1335,molar,-14.262579035210912
Dia_Comp_1110,D1110,molar,-29.13167520927731
Para_Comp_805,P805,molar,262.7684474598004
Para_Comp_488,P488,molar,90.91168293647091
Dia_Comp_449,D449,molar,-32.579475095523975
Dia_Comp_865,D865,molar,-45.082346066884575
Para_Comp_1293,P1293,molar,330.5098820149128
Dia_Comp_455,D455,molar,-26.165145278801425
Dia_Comp_110,D110,molar,-44.94918940987574
Dia_Comp_474,D474,molar,-64.89602635694095
Para_Comp_1244,P1244,molar,16.873804573669943
Dia_Comp_1358,D1358,molar,-48.691101511973145
Para_Comp_392,P392,molar,125.50624789028784
Para_Comp_225,P225,molar,404.0318219649931
Dia_Comp_1267,D1267,molar,-53.25777151591179
Para_Comp_1063,P1063,molar,383.1821842275512
Para_Comp_204,P204,molar,246.77448913868142
Dia_Comp_916,D916,molar,-43.26544665588728
Para_Comp_463,P463,molar,68.83464384107809
Dia_Comp_1147,D1147,molar,-30.763357891896234
Dia_Comp_1176,D1176,molar,-32.90992180224474
Para_Comp_1434,P1434,molar,19.859318848391027
Para_Comp_1516,P1516,molar,102.40720868975127
Dia_Comp_667,D667,molar,-21.95462279793087
Para_Comp_868,P868,molar,80.58325513866036
Dia_Comp_328,D328,molar,-39.95905998489281
Para_Comp_553,P553,molar,92.67218727967537
Dia_Comp_617,D617,molar,-39.80129473598828
Para_Comp_1527,P1527,molar,86.66823023195684
Dia_Comp_153,D153,molar,-55.125450986560196
Dia_Comp_803,D803,molar,-53.63681181869684
Dia_Comp_84,D84,molar,-38.35122558428814
Para_Comp_822,P822,molar,98.4349347943942
Dia_Comp_1081,D1081,molar,-43.39041969599968
Dia_Comp_834,D834,molar,-19.546799803394222
Para_Comp_1500,P1500,molar,452.3791887530762
Para_Comp_929,P929,molar,16.583666993587165
Para_Comp_386,P386,molar,167.99051635676025
Dia_Comp_883,D883,molar,-39.448046951357114
Para_Comp_332,P332,molar,96.18019320431252
Dia_Comp_758,D758,molar,-23.8915872563189
Para_Comp_1549,P1549,molar,231.76087133268464
Para_Comp_740,P740,molar,109.35642842134556
Para_Comp_288,P288,molar,182.60297646727565
Dia_Comp_1086,D1086,molar,-55.658021269277334
Para_Comp_1401,P1401,molar,72.77787118623618
Dia_Comp_725,D725,molar,-22.774366167978172
Dia_Comp_527,D527,molar,-27.895580903781795
Para_Comp_255,P255,molar,80.91435002135556
Dia_Comp_386,D386,molar,-19.350874839919364
Para_Comp_201,P201,molar,480.6194755801592
Para_Comp_976,P976,molar,250.26045625809593
Dia_Comp_924,D924,molar,-61.732647149690365
Para_Comp_1547,P1547,molar,60.83701727066633
Para_Comp_28,P28,molar,188.1668734989584
Para_Comp_1203,P1203,molar,244.7614568887997
Para_Comp_514,P514,molar,389.94485781968075
Dia_Comp_36,D36,molar,-45.740443849974504
Para_Comp_155,P155,molar,590.8548407868944
Dia_Comp_727,D727,molar,-34.93768298288511
Dia_Comp_1292,D1292,molar,-54.12845175750712
Dia_Comp_1046,D1046,molar,-32.62809046742157
Dia_Comp_1114,D1114,molar,-48.91804331732805
Levitator_Proxy_41,L41,molar,-252.2649837100916
Para_Comp_672,P672,molar,104.9609482053648
Para_Comp_887,P887,molar,80.28485972306697
Dia_Comp_680,D680,molar,-32.7934315721533
Para_Comp_951,P951,molar,34.03016125644409
Dia_Comp_1377,D1377,molar,-50.26002965602678
Para_Comp_1316,P1316,molar,54.542144277853524
Para_Comp_847,P847,molar,121.70205481170302
Para_Comp_638,P638,molar,52.75772324693433
Para_Comp_775,P775,molar,123.41275961450118
Dia_Comp_1055,D1055,molar,-41.413883834110436
Para_Comp_552,P552,molar,52.16217640188592
Dia_Comp_580,D580,molar,-24.414157923269812
Para_Comp_780,P780,molar,49.264767780838994
Para_Comp_398,P398,molar,133.279487976945
Dia_Comp_209,D209,molar,-62.00216969026971
Dia_Comp_705,D705,molar,-37.51997441564199
Dia_Comp_730,D730,molar,-59.05865662160036
Dia_Comp_764,D764,molar,-50.38595009738392
Para_Comp_692,P692,molar,354.41538607852175
Dia_Comp_1196,D1196,molar,-31.25773143604109
Dia_Comp_542,D542,molar,-25.951762812508903
Para_Comp_1540,P1540,molar,245.59977853030594
Para_Comp_851,P851,molar,81.32807162245808
Para_Comp_1530,P1530,molar,242.16326084380015
Dia_Comp_37,D37,molar,-14.91993940480642
Para_Comp_1506,P1506,molar,29.308342769883897
Dia_Comp_528,D528,molar,-35.94924533551588
Dia_Comp_1083,D1083,molar,-30.215795017019936
Dia_Comp_1240,D1240,molar,-57.17058661153004
Para_Comp_274,P274,molar,39.82218335595593
Para_Comp_1381,P1381,molar,404.3678854253615
Dia_Comp_1262,D1262,molar,-61.651204363907354
Para_Comp_584,P584,molar,13.638732323184094
Dia_Comp_18,D18,molar,-26.319462798451326
Para_Comp_741,P741,molar,112.00762090585123
Levitator_Proxy_17,L17,molar,-328.2489733866057
Dia_Comp_161,D161,molar,-60.63766231028387
Para_Comp_829,P829,molar,130.05690248544906
Para_Comp_177,P177,molar,433.95090921245463
Dia_Comp_626,D626,molar,-40.485934058945865
Para_Comp_137,P137,molar,291.59153680623194
Dia_Comp_1119,D1119,molar,-48.61142733831213
Para_Comp_797,P797,molar,157.62927390496225
Para_Comp_140,P140,molar,88.15767838141421
Dia_Comp_821,D821,molar,-42.86485996953477
Para_Comp_413,P413,molar,95.4997804128726
Para_Comp_1411,P1411,molar,72.72144609574853
Para_Comp_146,P146,molar,71.75472996376159
Para_Comp_190,P190,molar,431.3917180067344
Para_Comp_573,P573,molar,168.4027521665759
Para_Comp_794,P794,molar,54.61586523321714
Dia_Comp_592,D592,molar,-52.84757873920693
Para_Comp_1218,P1218,molar,163.42014539208262
Para_Comp_709,P709,molar,58.415100955347775
Dia_Comp_599,D599,molar,-12.536975916486323
Dia_Comp_264,D264,molar,-48.49444153370608
Para_Comp_1422,P1422,molar,83.12325963213964
Dia_Comp_1106,D1106,molar,-18.921991538623907
Dia_Comp_798,D798,molar,-62.95127361262989
Dia_Comp_1334,D1334,molar,-38.10575916616095
Para_Comp_1241,P1241,molar,223.63998505752764
Dia_Comp_1343,D1343,molar,-20.869641324987388
Para_Comp_560,P560,molar,90.09082019976626
Para_Comp_1300,P1300,molar,152.9140912188277
Dia_Comp_202,D202,molar,-37.9422991215835
Para_Comp_1510,P1510,molar,119.15716470205327
Dia_Comp_789,D789,molar,-52.96823203781477
Dia_Comp_762,D762,molar,-41.04014581169461
Dia_Comp_1395,D1395,molar,-76.3566585155881
Para_Comp_926,P926,molar,159.3868029594511
Dia_Comp_1015,D1015,molar,-35.2471049504504
Dia_Comp_1184,D1184,molar,-34.10417222100143
Para_Comp_375,P375,molar,427.1493172954624
Dia_Comp_197,D197,molar,-57.3442156358352
Para_Comp_1243,P1243,molar,54.16790011002452
Dia_Comp_1118,D1118,molar,-23.51444759482296
Dia_Comp_191,D191,molar,-42.57121010793974
Dia_Comp_851,D851,molar,-40.553886946965626
Para_Comp_296,P296,molar,142.20714949959583
Para_Comp_328,P328,molar,336.1446581081906
Dia_Comp_899,D899,molar,-38.25754289018953
Para_Comp_310,P310,molar,62.941210218473756
Para_Comp_1430,P1430,molar,144.67738173408043
Dia_Comp_1384,D1384,molar,-47.073065844123775
Para_Comp_179,P179,molar,95.44998747383384
Dia_Comp_410,D410,molar,-58.12539676203629
Para_Comp_1,P1,molar,69.99404004861994
Dia_Comp_1308,D1308,molar,-26.055432008812122
Para_Comp_138,P138,molar,16.493471553587703
Para_Comp_70,P70,molar,262.5784329777439
Para_Comp_128,P128,molar,159.17800920852682
Para_Comp_216,P216,molar,141.04650071560295
Para_Comp_853,P853,molar,232.75635883103993
Dia_Comp_1054,D1054,molar,-34.08802925800248
Dia_Comp_1157,D1157,molar,-10.551840807285007
Para_Comp_244,P244,molar,64.93065254952168
Para_Comp_10,P10,molar,671.0475413678273
Para_Comp_212,P212,molar,55.268903936882
Dia_Comp_1198,D1198,molar,-25.14633415698529
Dia_Comp_1025,D1025,molar,-61.64452194928408
Dia_Comp_389,D389,molar,-33.393043993760905
Para_Comp_230,P230,molar,72.62035734876764
Dia_Comp_1072,D1072,molar,-51.16064911077362
Dia_Comp_1104,D1104,molar,-39.21374582660539
Dia_Comp_1137,D1137,molar,-31.237298847348868
Dia_Comp_1333,D1333,molar,-67.7004874663772
Dia_Comp_276,D276,molar,-27.71601532667455
Dia_Comp_62,D62,molar,-50.453304834244534
Para_Comp_934,P934,molar,86.78826690780359
Para_Comp_1219,P1219,molar,223.8686031556536
Para_Comp_291,P291,molar,216.96120754829514
Para_Comp_387,P387,molar,99.89706667895713
Para_Comp_1308,P1308,molar,141.02025142886302
Para_Comp_384,P384,molar,166.63263558199776
Dia_Comp_692,D692,molar,-58.12647252103506
Dia_Comp_1274,D1274,molar,-16.005626441632792
Para_Comp_533,P533,molar,368.02112942600365
Para_Comp_883,P883,molar,40.81166585398044
Para_Comp_1551,P1551,molar,513.3653735672167
Para_Comp_125,P125,molar,481.990800767522
Dia_Comp_7,D7,molar,-55.57466295809743
Para_Comp_604,P604,molar,10.902652973589035
Para_Comp_509,P509,molar,330.5601056194707
Dia_Comp_773,D773,molar,-22.318710161309703
Para_Comp_737,P737,molar,81.80144178019964
Dia_Comp_296,D296,molar,-55.99095376018413
Para_Comp_1496,P1496,molar,622.1987508375595
Para_Comp_1578,P1578,molar,62.346336237308286
Para_Comp_848,P848,molar,65.02058770745143
Para_Comp_1278,P1278,molar,140.57866166815742
Para_Comp_1078,P1078,molar,14.945000628076802
Dia_Comp_220,D220,molar,-47.563651662949475
Para_Comp_1223,P1223,molar,190.35857724209805
Dia_Comp_639,D639,molar,-50.23731987087468
Para_Comp_403,P403,molar,71.8499550865748
Para_Comp_102,P102,molar,83.56389120120191
Para_Comp_1103,P1103,molar,51.36819024687121
Dia_Comp_1023,D1023,molar,-18.03242599259588
Para_Comp_35,P35,molar,90.07529381897824
Dia_Comp_540,D540,molar,-18.886039313987986
Pyrolytic Graphite,C,molar,-400.0
Dia_Comp_678,D678,molar,-34.85073208479361
Para_Comp_1266,P1266,molar,266.1347427817989
Dia_Comp_877,D877,molar,-28.552210523513537
Para_Comp_1220,P1220,molar,419.73219091500306
Para_Comp_1081,P1081,molar,140.68753335923654
Dia_Comp_1089,D1089,molar,-34.36981002273811
Para_Comp_944,P944,molar,147.59782315475877
Dia_Comp_475,D475,molar,-55.4647392515625
Dia_Comp_912,D912,molar,-61.43493175024463
Para_Comp_705,P705,molar,261.7846386905994
Dia_Comp_116,D116,molar,-26.923930866298527
Dia_Comp_620,D620,molar,-28.43251121477558
Para_Comp_1073,P1073,molar,299.14063977020265
Para_Comp_472,P472,molar,37.19840799687021
Para_Comp_493,P493,molar,75.78316634427333
Para_Comp_1421,P1421,molar,24.24359914997556
Dia_Comp_699,D699,molar,-30.803600746345523
Para_Comp_73,P73,molar,216.62703495152257
Para_Comp_15,P15,molar,77.06646569238592
Dia_Comp_954,D954,molar,-61.66711349127179
Levitator_Proxy_30,L30,molar,-206.32221894518233
Dia_Comp_1273,D1273,molar,-18.905787853960984
Dia_Comp_244,D244,molar,-17.631112495521204
Para_Comp_900,P900,molar,183.73261657950513
Para_Comp_1111,P1111,molar,30.613401552408067
Para_Comp_434,P434,molar,118.28628891302854
Para_Comp_825,P825,molar,58.39817802887147
Dia_Comp_1296,D1296,molar,-20.42474942433324
Dia_Comp_481,D481,molar,-57.23128201045775
Dia_Comp_968,D968,molar,-66.62291460702083
Dia_Comp_1048,D1048,molar,-9.490180188493675
Dia_Comp_1290,D1290,molar,-51.1001304657875
Para_Comp_148,P148,molar,17.912857176496896
Dia_Comp_957,D957,molar,-37.54581111787084
Para_Comp_408,P408,molar,80.4522835001645
Para_Comp_249,P249,molar,48.07315616057952
Para_Comp_769,P769,molar,101.35440144076215
Dia_Comp_1059,D1059,molar,-45.733035509079805
Dia_Comp_273,D273,molar,-39.88331340996966
Dia_Comp_1009,D1009,molar,-39.80916385954493
Para_Comp_422,P422,molar,92.12983120224628
Dia_Comp_65,D65,molar,-16.710207675229295
Dia_Comp_1141,D1141,molar,-44.519919839385494
Para_Comp_469,P469,molar,379.2615160403503
Dia_Comp_763,D763,molar,-47.02090018612809
Dia_Comp_95,D95,molar,-39.75903550382562
Dia_Comp_261,D261,molar,-63.03371553413854
Para_Comp_538,P538,molar,181.58679264545995
Para_Comp_937,P937,molar,327.7446985403986
Dia_Comp_1122,D1122,molar,-45.586271022573825
Para_Comp_153,P153,molar,103.1515016439698
Para_Comp_1026,P1026,molar,189.08090374290398
Para_Comp_411,P411,molar,79.29606544454019
Para_Comp_33,P33,molar,253.9734520907739
Dia_Comp_1002,D1002,molar,-26.33173406608736
Dia_Comp_1264,D1264,molar,-38.36294498486919
Dia_Comp_1163,D1163,molar,-32.89043748793741
Dia_Comp_653,D653,molar,-43.468737091160335
Dia_Comp_1073,D1073,molar,-30.510413385386435
Para_Comp_962,P962,molar,302.8790122492782
Para_Comp_499,P499,molar,106.74397287688957
Para_Comp_1304,P1304,molar,92.1633743242526
Dia_Comp_1038,D1038,molar,-51.11745459927755
Dia_Comp_285,D285,molar,-18.351170202628353
Para_Comp_1502,P1502,molar,216.58551526970078
Dia_Comp_433,D433,molar,-43.58426068364387
Para_Comp_656,P656,molar,55.63960553257317
Dia_Comp_827,D827,molar,-31.26499342368644
Dia_Comp_260,D260,molar,-17.40706399331397
Dia_Comp_371,D371,molar,-57.7888882673332
Para_Comp_283,P283,molar,456.4491230010608
Dia_Comp_1298,D1298,molar,-40.19612374763674
Dia_Comp_793,D793,molar,-43.094696016688985
Dia_Comp_761,D761,molar,-79.09130831897593
Dia_Comp_502,D502,molar,-45.31329815360711
Dia_Comp_1202,D1202,molar,-33.03417447583618
Dia_Comp_1373,D1373,molar,-54.0235910464065
Para_Comp_980,P980,molar,72.07707143269403
Dia_Comp_1109,D1109,molar,-35.959804175866886
Para_Comp_968,P968,molar,360.3917782171063
Para_Comp_924,P924,molar,72.42503441706778
Dia_Comp_136,D136,molar,-31.149111630423057
Dia_Comp_201,D201,molar,-27.877411835027218
Dia_Comp_1387,D1387,molar,-41.19765440377658
Levitator_Proxy_11,L11,molar,-254.0124534733018
Para_Comp_1239,P1239,molar,93.20226624367386
Para_Comp_681,P681,molar,29.924436214173298
Para_Comp_1414,P1414,molar,125.73466892785146
Para_Comp_1045,P1045,molar,60.29533287072202
Para_Comp_88,P88,molar,215.6569589860522
Para_Comp_440,P440,molar,364.3178030919074
Para_Comp_157,P157,molar,127.13246775947242
Dia_Comp_1278,D1278,molar,-42.28731742454508
Para_Comp_830,P830,molar,56.038004219340394
Dia_Comp_1101,D1101,molar,-77.54381599097952
Dia_Comp_933,D933,molar,-53.61753319272509
Dia_Comp_39,D39,molar,-46.46247562672462
Para_Comp_46,P46,molar,61.45446051890281
Para_Comp_649,P649,molar,262.6320043588155
Para_Comp_144,P144,molar,34.41884139326509
Para_Comp_1013,P1013,molar,99.65188352459054
Para_Comp_1297,P1297,molar,86.96576517675213
Dia_Comp_854,D854,molar,-20.072999851910502
Dia_Comp_1312,D1312,molar,-60.473248495755726
Para_Comp_743,P743,molar,332.4159690147603
Para_Comp_940,P940,molar,111.05526985711197
Para_Comp_518,P518,molar,102.98719485198397
Dia_Comp_1037,D1037,molar,-64.13249999722996
Para_Comp_831,P831,molar,172.31995192934554
Dia_Comp_990,D990,molar,-53.17273411727373
Dia_Comp_1339,D1339,molar,-21.500540905474164
Dia_Comp_1390,D1390,molar,-41.796276314062254
Dia_Comp_444,D444,molar,-46.767326113590805
Dia_Comp_41,D41,molar,-31.87289899880885
Dia_Comp_203,D203,molar,-62.224212131471475
Dia_Comp_1342,D1342,molar,-21.373265717753792
Dia_Comp_1060,D1060,molar,-28.76002409392286
Dia_Comp_828,D828,molar,-15.79087998591336
Dia_Comp_501,D501,molar,-56.31190183873025
Para_Comp_307,P307,molar,18.456423015647903
Para_Comp_253,P253,molar,40.238287055115876
Dia_Comp_466,D466,molar,-28.593476972726805
Dia_Comp_604,D604,molar,-51.297284144396414
Dia_Comp_1133,D1133,molar,-35.62942462406174
Dia_Comp_1294,D1294,molar,-35.32354923900262
Dia_Comp_255,D255,molar,-50.659836882327866
Para_Comp_932,P932,molar,68.62861082451164
Para_Comp_608,P608,molar,237.82013568594076
Para_Comp_381,P381,molar,48.6516727442685
Para_Comp_1183,P1183,molar,326.61474204381256
Dia_Comp_446,D446,molar,-18.234899594977016
Para_Comp_1533,P1533,molar,108.45043311929672
Para_Comp_862,P862,molar,139.3772243715343
Dia_Comp_571,D571,molar,-50.37533663799338
Para_Comp_85,P85,molar,161.30188438289514
Para_Comp_905,P905,molar,211.817943277793
Dia_Comp_655,D655,molar,-33.77500356646988
Para_Comp_935,P935,molar,35.7412845607171
Levitator_Proxy_0,L0,molar,-265.2859761735924
Dia_Comp_176,D176,molar,-41.13505856158915
Para_Comp_979,P979,molar,164.11091849576738
Para_Comp_92,P92,molar,39.95845919522173
Para_Comp_722,P722,molar,267.18130037031096
Para_Comp_697,P697,molar,334.98151420118126
Dia_Comp_510,D510,molar,-54.35890753683581
Para_Comp_1022,P1022,molar,158.04188568716157
Dia_Comp_94,D94,molar,-44.97726342867337
Para_Comp_317,P317,molar,128.56538560398317
Dia_Comp_1004,D1004,molar,-8.58709708410413
Dia_Comp_1397,D1397,molar,-84.0808975454248
Para_Comp_391,P391,molar,66.3871991170277
Dia_Comp_734,D734,molar,-40.255920343756785
Dia_Comp_616,D616,molar,-63.40833055616008
Para_Comp_96,P96,molar,15.80471720567719
Dia_Comp_500,D500,molar,-20.094044109635114
Dia_Comp_895,D895,molar,-41.12945896175999
Dia_Comp_439,D439,molar,-36.12753755012584
Dia_Comp_254,D254,molar,-45.357341705716316
Dia_Comp_953,D953,molar,-19.719280606134618
Para_Comp_286,P286,molar,57.9970856308342
Para_Comp_1093,P1093,molar,29.81783466762838
Para_Comp_105,P105,molar,37.119966768662984
Para_Comp_502,P502,molar,178.26394594424133
Dia_Comp_235,D235,molar,-28.183656144046545
Para_Comp_1259,P1259,molar,359.16409527044937
Dia_Comp_272,D272,molar,-39.17651939107258
Dia_Comp_553,D553,molar,-34.08523670429661
Dia_Comp_832,D832,molar,-37.20229027141428
Para_Comp_1047,P1047,molar,135.63492804289723
Dia_Comp_119,D119,molar,-46.91861230325138
Para_Comp_720,P720,molar,90.52193683117943
Para_Comp_278,P278,molar,1077.0235303827258
Dia_Comp_1369,D1369,molar,-27.303859897463653
Dia_Comp_274,D274,molar,-52.0681976191781
Dia_Comp_1379,D1379,molar,-16.274983359839148
Dia_Comp_277,D277,molar,-60.85824657911631
Para_Comp_544,P544,molar,37.65489856858004
Dia_Comp_752,D752,molar,-44.46282583643771
Dia_Comp_309,D309,molar,-35.48000734966257
Para_Comp_447,P447,molar,21.37549969040966
Dia_Comp_1175,D1175,molar,-53.68904450288905
Para_Comp_529,P529,molar,130.01621661036432
Para_Comp_185,P185,molar,334.5876181474472
Para_Comp_282,P282,molar,126.7066099171334
Dia_Comp_1108,D1108,molar,-60.55935057893612
Dia_Comp_284,D284,molar,-59.59410990279744
Para_Comp_183,P183,molar,45.48278940357617
Dia_Comp_163,D163,molar,-63.94124622059627
Dia_Comp_671,D671,molar,-36.46784788642443
Para_Comp_615,P615,molar,19.255198783582934
Para_Comp_558,P558,molar,18.18445527470186
Para_Comp_1460,P1460,molar,65.63426692496404
Dia_Comp_120,D120,molar,-30.583662050578965
Para_Comp_1452,P1452,molar,126.23548638955383
Dia_Comp_381,D381,molar,-58.45647326136157
Dia_Comp_54,D54,molar,-9.666510838909275
Para_Comp_591,P591,molar,60.84051857216811
Para_Comp_1124,P1124,molar,203.27510900884437
Para_Comp_1478,P1478,molar,160.44669821239458
Para_Comp_1269,P1269,molar,57.57428968011107
Para_Comp_168,P168,molar,18.0715102819332
Para_Comp_457,P457,molar,245.93512277312578
Para_Comp_819,P819,molar,254.35032632367268
Para_Comp_1466,P1466,molar,276.53789534178014
Dia_Comp_38,D38,molar,-41.90732616641348
Para_Comp_1334,P1334,molar,50.52157606061888
Para_Comp_1115,P1115,molar,110.19263176313002
Dia_Comp_1309,D1309,molar,-22.943291637311702
Para_Comp_1077,P1077,molar,31.998330642130465
Para_Comp_374,P374,molar,114.48566437787584
Dia_Comp_1045,D1045,molar,-45.93228574168826
Dia_Comp_891,D891,molar,-14.161445968685143
Dia_Comp_229,D229,molar,-47.02412773225521
Para_Comp_610,P610,molar,50.297417271127834
Dia_Comp_304,D304,molar,-24.019614030948965
Para_Comp_149,P149,molar,236.126613388417
Para_Comp_1561,P1561,molar,282.66338882261715
Para_Comp_20,P20,molar,74.87966789560592
Dia_Comp_2,D2,molar,-26.92520456400826
Para_Comp_263,P263,molar,116.91141550437534
Dia_Comp_739,D739,molar,-39.9770110070902
Dia_Comp_1234,D1234,molar,-43.185067931495944
Dia_Comp_917,D917,molar,-28.456803477143076
Dia_Comp_1362,D1362,molar,-36.7923622029085
Para_Comp_339,P339,molar,282.70159301958074
Dia_Comp_860,D860,molar,-58.029937799894675
Para_Comp_777,P777,molar,440.4649625113006
Dia_Comp_728,D728,molar,-64.77129941736852
Para_Comp_1121,P1121,molar,166.7393175853302
Para_Comp_130,P130,molar,27.386170576742828
Dia_Comp_802,D802,molar,-33.89657806195058
Para_Comp_11,P11,molar,190.8883741658675
Dia_Comp_403,D403,molar,-29.93969639212544
Para_Comp_1301,P1301,molar,128.73608584932123
Dia_Comp_281,D281,molar,-55.1888481860057
Para_Comp_1010,P1010,molar,15.986351250060416
Para_Comp_1152,P1152,molar,350.46659632220053
Dia_Comp_1113,D1113,molar,-34.766873430706
Para_Comp_1204,P1204,molar,56.63017325668396
Para_Comp_482,P482,molar,107.03917384148747
Para_Comp_1525,P1525,molar,487.5394272342145
Para_Comp_665,P665,molar,47.43070284915757
Para_Comp_1371,P1371,molar,223.95056355426453
Para_Comp_1240,P1240,molar,79.61480803430558
Para_Comp_808,P808,molar,214.11226889577844
Dia_Comp_688,D688,molar,-47.49062954364057
Para_Comp_686,P686,molar,55.63235419470801
Para_Comp_0,P0,molar,101.64185197496846
Para_Comp_871,P871,molar,22.145414080996797
Dia_Comp_335,D335,molar,-19.896975011602198
Para_Comp_575,P575,molar,47.581042450542554
Para_Comp_1142,P1142,molar,106.26078759896501
Para_Comp_1538,P1538,molar,168.06226263140567
Dia_Comp_126,D126,molar,-48.155145553599404
Para_Comp_736,P736,molar,21.815015951770057
Dia_Comp_897,D897,molar,-44.24335251857452
Dia_Comp_1080,D1080,molar,-37.87102869597923
Para_Comp_467,P467,molar,213.4937937360266
Dia_Comp_523,D523,molar,-25.367827503391027
Dia_Comp_1368,D1368,molar,-42.69090884723059
Dia_Comp_155,D155,molar,-54.43068793838991
Para_Comp_1560,P1560,molar,371.3183396455709
Para_Comp_554,P554,molar,62.53708597622002
Dia_Comp_515,D515,molar,-50.408123786339885
Dia_Comp_393,D393,molar,-53.16978804635124
Dia_Comp_806,D806,molar,-53.7637430950795
Dia_Comp_357,D357,molar,-53.4740480990455
Para_Comp_625,P625,molar,137.0309691627007
Para_Comp_919,P919,molar,50.83095510348076
Dia_Comp_440,D440,molar,-42.355873042519086
Para_Comp_1464,P1464,molar,247.89967002385123
Para_Comp_1402,P1402,molar,604.5107775813013
Para_Comp_1477,P1477,molar,102.50500132563806
Para_Comp_1363,P1363,molar,93.5065600554863
Dia_Comp_19,D19,molar,-56.50591413697151
Dia_Comp_1331,D1331,molar,-54.57250876103087
Para_Comp_1416,P1416,molar,168.49749657274535
Dia_Comp_1172,D1172,molar,-23.123558823498307
Para_Comp_1521,P1521,molar,198.63730645455408
Para_Comp_1206,P1206,molar,69.81847994060377
Para_Comp_1386,P1386,molar,137.54219436904154
Para_Comp_197,P197,molar,157.9104255822724
Para_Comp_1175,P1175,molar,107.41078491936591
Dia_Comp_993,D993,molar,-44.83079180740502
Para_Comp_1205,P1205,molar,225.52012073210247
Dia_Comp_1188,D1188,molar,-25.692793322701657
Para_Comp_243,P243,molar,76.39323820551411
Dia_Comp_409,D409,molar,-51.39014391565075
Para_Comp_1589,P1589,molar,88.18782475754459
Dia_Comp_1260,D1260,molar,-46.000902338532434
Para_Comp_363,P363,molar,316.53214994013143
Para_Comp_1274,P1274,molar,62.45422356917439
Para_Comp_1080,P1080,molar,175.27435982379865
Dia_Comp_408,D408,molar,-54.7916921617712
Dia_Comp_0,D0,molar,-40.20285694423013
Dia_Comp_378,D378,molar,-36.79240432875598
Dia_Comp_524,D524,molar,-18.884527615589267
Para_Comp_846,P846,molar,638.7962958646084
Dia_Comp_169,D169,molar,-3.3103318207408208
Para_Comp_110,P110,molar,334.599692136052
Para_Comp_192,P192,molar,120.5232616439666
Dia_Comp_1324,D1324,molar,-36.668512312253235
Dia_Comp_640,D640,molar,-50.42405725189628
Dia_Comp_711,D711,molar,-29.28306974822
Levitator_Proxy_5,L5,molar,-211.98684792251936
Para_Comp_931,P931,molar,409.33135564779246
Dia_Comp_961,D961,molar,-60.66656984317995
Para_Comp_266,P266,molar,128.58854200798592
Para_Comp_702,P702,molar,17.835161479486835
Para_Comp_335,P335,molar,257.27818813975375
Dia_Comp_541,D541,molar,-44.93542604112493
Para_Comp_845,P845,molar,57.35317492767451
Dia_Comp_810,D810,molar,-28.109312872587886
Dia_Comp_669,D669,molar,-35.76400297662889
Dia_Comp_22,D22,molar,-75.15983195020283
Para_Comp_494,P494,molar,111.21525864686593
Para_Comp_982,P982,molar,257.13583370993257
Dia_Comp_1218,D1218,molar,-33.90986758481985
Para_Comp_1238,P1238,molar,23.27190773621583
Dia_Comp_1224,D1224,molar,-10.270824347496045
Para_Comp_1020,P1020,molar,51.11652483275483
Para_Comp_458,P458,molar,178.8714674506046
Para_Comp_877,P877,molar,78.01417844600468
Para_Comp_1210,P1210,molar,55.042939190009
Dia_Comp_1159,D1159,molar,-40.0331521382828
Para_Comp_1518,P1518,molar,37.20200317524642
Dia_Comp_370,D370,molar,-57.64115114722195
Dia_Comp_999,D999,molar,-33.96493946026556
Dia_Comp_1252,D1252,molar,-19.211152631286957
Para_Comp_1310,P1310,molar,17.161125406118273
Para_Comp_1156,P1156,molar,303.86607606026706
Para_Comp_958,P958,molar,12.695795955483558
Dia_Comp_970,D970,molar,-57.140638921753535
Para_Comp_590,P590,molar,300.99417702361694
Para_Comp_524,P524,molar,27.59565885724837
Para_Comp_1253,P1253,molar,50.599162392348276
Para_Comp_1122,P1122,molar,80.91612078786335
Dia_Comp_887,D887,molar,-46.12925158631569
Para_Comp_38,P38,molar,167.21882513287133
Para_Comp_373,P373,molar,76.13488003206498
Dia_Comp_879,D879,molar,-16.018380134783243
Para_Comp_1361,P1361,molar,379.29670534891727
Para_Comp_885,P885,molar,29.126012642655642
Para_Comp_970,P970,molar,193.0490225831827
Dia_Comp_1169,D1169,molar,-72.73332621526316
Para_Comp_361,P361,molar,191.31960734669877
Para_Comp_597,P597,molar,364.8940943110066
Para_Comp_611,P611,molar,65.25452766315857
Dia_Comp_906,D906,molar,-34.43920131759361
Dia_Comp_928,D928,molar,-56.589641154163914
Para_Comp_111,P111,molar,70.11737417557063
Dia_Comp_311,D311,molar,-61.42092013347479
Dia_Comp_1075,D1075,molar,-73.95441119771678
Dia_Comp_454,D454,molar,-17.615902466041714
Dia_Comp_1360,D1360,molar,-31.813425338096017
Para_Comp_519,P519,molar,116.85360177508312
Dia_Comp_822,D822,molar,-44.44988009298273
Para_Comp_892,P892,molar,94.46912349927294
Para_Comp_992,P992,molar,111.39213476065176
Para_Comp_1555,P1555,molar,117.57039679650781
Dia_Comp_364,D364,molar,-49.558218247884454
Para_Comp_209,P209,molar,85.8619325725209
Para_Comp_704,P704,molar,139.66523368119687
Dia_Comp_1338,D1338,molar,-62.3235102126188
Para_Comp_442,P442,molar,215.3987286629643
Para_Comp_873,P873,molar,55.57658154800139
Dia_Comp_12,D12,molar,-25.62531648503344
Dia_Comp_228,D228,molar,-56.66762502310196
Dia_Comp_787,D787,molar,-18.967428417192988
Dia_Comp_867,D867,molar,-55.29975165419909
Para_Comp_58,P58,molar,436.31455495850656
Para_Comp_1335,P1335,molar,142.16417076364505
Para_Comp_106,P106,molar,294.7407037741486
Dia_Comp_735,D735,molar,-54.557593977711115
Para_Comp_745,P745,molar,23.611398341929885
Para_Comp_1349,P1349,molar,20.678247939753575
Para_Comp_917,P917,molar,295.5696053358377
Para_Comp_94,P94,molar,178.89671584085772
Dia_Comp_920,D920,molar,-57.11051059604941
Para_Comp_198,P198,molar,49.557679393520864
Dia_Comp_701,D701,molar,-16.83446098583807
Dia_Comp_1337,D1337,molar,-65.5379482360478
Para_Comp_52,P52,molar,18.680754410501997
Dia_Comp_486,D486,molar,-39.4544782928616
Dia_Comp_944,D944,molar,-20.964002673451596
Para_Comp_870,P870,molar,14.8718072587888
Dia_Comp_864,D864,molar,-49.38005629269903
Para_Comp_1448,P1448,molar,29.273241043381265
Dia_Comp_437,D437,molar,-32.26676030375082
Dia_Comp_562,D562,molar,-26.387437734206692
Dia_Comp_1065,D1065,molar,-44.9408869564634
Dia_Comp_1103,D1103,molar,-57.14261872400034
Dia_Comp_16,D16,molar,-30.733415869688326
Para_Comp_1237,P1237,molar,165.58921002220006
Dia_Comp_1285,D1285,molar,-41.06362353489122
Para_Comp_1319,P1319,molar,115.31312557704256
Dia_Comp_738,D738,molar,-38.6719382932876
Para_Comp_713,P713,molar,110.30239817266926
Dia_Comp_144,D144,molar,-69.3638239040621
Para_Comp_1441,P1441,molar,79.85615072659596
Para_Comp_586,P586,molar,97.89629406119577
Para_Comp_884,P884,molar,122.43687700938312
Para_Comp_715,P715,molar,243.5687479833208
Para_Comp_325,P325,molar,261.263591560225
Para_Comp_104,P104,molar,94.06241904400305
Dia_Comp_426,D426,molar,-52.16777056264317
Dia_Comp_493,D493,molar,-65.98333014215098
Dia_Comp_577,D577,molar,-44.88922609546794
Para_Comp_512,P512,molar,281.94485147968163
Dia_Comp_11,D11,molar,-30.20394792245204
Para_Comp_404,P404,molar,313.40980162901576
Para_Comp_988,P988,molar,179.8800524092602
Para_Comp_267,P267,molar,66.54489474436015
Para_Comp_810,P810,molar,62.40420924607065
Dia_Comp_91,D91,molar,-24.759881082051614
Para_Comp_56,P56,molar,527.6541627896387
Dia_Comp_478,D478,molar,-26.311689879074773
Dia_Comp_722,D722,molar,-27.596817966083883
Dia_Comp_1383,D1383,molar,-28.498271585771217
Dia_Comp_121,D121,molar,-42.91048487803625
Dia_Comp_252,D252,molar,-44.427405273108356
Dia_Comp_1212,D1212,molar,-1.0
Dia_Comp_1225,D1225,molar,-66.87542635786642
Dia_Comp_1254,D1254,molar,-30.53285094083867
Para_Comp_564,P564,molar,39.55418707809519
Para_Comp_290,P290,molar,575.161792977067
Para_Comp_989,P989,molar,97.0036012437232
Para_Comp_1118,P1118,molar,84.50846806932226
Dia_Comp_564,D564,molar,-27.076267041060568
Dia_Comp_792,D792,molar,-30.902154976331282
Para_Comp_645,P645,molar,16.54746447670079
Para_Comp_5,P5,molar,143.98214405623045
Para_Comp_1399,P1399,molar,80.84249271814872
Dia_Comp_726,D726,molar,-21.71006233077217
Para_Comp_487,P487,molar,160.10728143473565
Para_Comp_1501,P1501,molar,55.030830025020144
Dia_Comp_47,D47,molar,-37.52042181723227
Dia_Comp_732,D732,molar,-54.675582294114065
Dia_Comp_199,D199,molar,-31.354483713784212
Dia_Comp_708,D708,molar,-31.15613629744118
Para_Comp_236,P236,molar,458.9808102505724
Levitator_Proxy_40,L40,molar,-249.24798082254748
Dia_Comp_106,D106,molar,-45.92928196862418
Para_Comp_1250,P1250,molar,389.21502316535543
Dia_Comp_353,D353,molar,-62.86523440446541
Dia_Comp_1265,D1265,molar,-55.70216137141638
Para_Comp_535,P535,molar,99.1155771422861
Dia_Comp_596,D596,molar,-40.51379816797201
Dia_Comp_672,D672,molar,-53.29588923906411
Dia_Comp_1078,D1078,molar,-37.729164481827745
Para_Comp_761,P761,molar,28.28057126992095
Dia_Comp_157,D157,molar,-24.04941407959868
Para_Comp_1379,P1379,molar,67.76190638111288
Dia_Comp_939,D939,molar,-36.391087783570384
Dia_Comp_835,D835,molar,-61.64293124012123
Dia_Comp_398,D398,molar,-35.337140415433694
Dia_Comp_1393,D1393,molar,-28.76474484039854
Para_Comp_1017,P1017,molar,324.4236700761476
Para_Comp_1370,P1370,molar,75.80407216863573
Dia_Comp_225,D225,molar,-24.04428641358077
Para_Comp_18,P18,molar,31.758883947599976
Dia_Comp_910,D910,molar,-56.04756963079664
Dia_Comp_665,D665,molar,-29.895388422005272
Para_Comp_677,P677,molar,281.2590110423306
Para_Comp_49,P49,molar,321.5854678292844
Dia_Comp_1177,D1177,molar,-44.01108342216307
Para_Comp_1512,P1512,molar,286.50485730708965
Para_Comp_1359,P1359,molar,291.793969214717
Dia_Comp_213,D213,molar,-28.006898656091614
Para_Comp_66,P66,molar,178.54499255086444
Para_Comp_1212,P1212,molar,601.2875942743872
Dia_Comp_233,D233,molar,-37.10807948599274
Dia_Comp_1092,D1092,molar,-25.037207639802183
Dia_Comp_10,D10,molar,-28.117350888862582
Dia_Comp_823,D823,molar,-50.75977307669868
Dia_Comp_1132,D1132,molar,-42.23926913950677
Para_Comp_1194,P1194,molar,73.01124322929954
Para_Comp_246,P246,molar,319.4856497680423
Levitator_Proxy_33,L33,molar,-291.890096878701
Para_Comp_1481,P1481,molar,58.21205794747711
Para_Comp_89,P89,molar,19.545714111444163
Dia_Comp_445,D445,molar,-49.64352859991959
Dia_Comp_1074,D1074,molar,-30.11124227145644
Dia_Comp_825,D825,molar,-30.122256114569712
Para_Comp_497,P497,molar,37.72391248533293
Para_Comp_820,P820,molar,53.50195458934791
Dia_Comp_1364,D1364,molar,-7.377846569343603
Levitator_Proxy_3,L3,molar,-231.26505305815363
Dia_Comp_679,D679,molar,-38.661657718378834
Dia_Comp_839,D839,molar,-24.41193507563086
Para_Comp_789,P789,molar,110.0545838199375
Dia_Comp_882,D882,molar,-42.49474444276027
Dia_Comp_31,D31,molar,-23.063249323534194
Dia_Comp_496,D496,molar,-48.44981100996896
Dia_Comp_485,D485,molar,-58.57413871104464
Para_Comp_1544,P1544,molar,18.669285854821894
Para_Comp_1171,P1171,molar,219.63677058230755
Para_Comp_322,P322,molar,164.08178968302775
Para_Comp_208,P208,molar,261.69327953677305
Para_Comp_1556,P1556,molar,479.58399774615805
Dia_Comp_633,D633,molar,-39.00729978027698
Para_Comp_893,P893,molar,69.89334565323648
Para_Comp_456,P456,molar,117.10461725536793
Para_Comp_673,P673,molar,34.20681927912695
Dia_Comp_748,D748,molar,-67.72083388835775
Para_Comp_241,P241,molar,216.53652032425845
Para_Comp_595,P595,molar,72.77428528462829
Dia_Comp_1347,D1347,molar,-31.24824826502946
Dia_Comp_872,D872,molar,-58.40915695260617
Levitator_Proxy_39,L39,molar,-224.25165484566915
Dia_Comp_977,D977,molar,-47.305660546372806
Dia_Comp_1014,D1014,molar,-42.48921485684565
Para_Comp_562,P562,molar,160.90539762187495
Dia_Comp_902,D902,molar,-47.31129330513858
Dia_Comp_195,D195,molar,-66.93830882632572
Para_Comp_717,P717,molar,133.55682005876872
Dia_Comp_981,D981,molar,-48.872100303664126
Dia_Comp_1310,D1310,molar,-42.10367129559219
Para_Comp_1298,P1298,molar,96.91992039077006
Dia_Comp_194,D194,molar,-44.79950404264711
Dia_Comp_1223,D1223,molar,-65.7776628878793
Para_Comp_382,P382,molar,915.5691055975592
Para_Comp_170,P170,molar,230.9734374414633
Dia_Comp_829,D829,molar,-61.11161518974848
Para_Comp_1404,P1404,molar,164.87333545811555
Dia_Comp_594,D594,molar,-21.291153855535036
Para_Comp_1515,P1515,molar,136.24087231519857
Para_Comp_1583,P1583,molar,51.24799585336723
Dia_Comp_591,D591,molar,-26.972927455706774
Para_Comp_807,P807,molar,105.13962831096644
Para_Comp_879,P879,molar,217.49569333370337
Para_Comp_824,P824,molar,29.012069741662877
Para_Comp_712,P712,molar,157.03459848168822
Dia_Comp_896,D896,molar,-37.61954307878788
Para_Comp_1482,P1482,molar,16.78955943455999
Dia_Comp_348,D348,molar,-52.25187182396378
Dia_Comp_703,D703,molar,-35.22229780794002
Dia_Comp_1231,D1231,molar,-43.179149870780726
Para_Comp_178,P178,molar,70.64310511288261
Para_Comp_1377,P1377,molar,245.09584777199825
Para_Comp_284,P284,molar,520.1485607837683
Dia_Comp_1029,D1029,molar,-22.28859831839919
Para_Comp_1172,P1172,molar,268.6423546165276
Dia_Comp_431,D431,molar,-34.566957783913026
Para_Comp_223,P223,molar,116.27182470982471
Dia_Comp_1398,D1398,molar,-40.48797733838286
Dia_Comp_983,D983,molar,-46.96917731343327
Dia_Comp_436,D436,molar,-28.79344863220294
Dia_Comp_909,D909,molar,-33.67285010043036
Dia_Comp_1279,D1279,molar,-68.58283590541882
Para_Comp_203,P203,molar,134.22642525858936
Para_Comp_1306,P1306,molar,117.63896322055584
Para_Comp_175,P175,molar,224.3833173773563
Para_Comp_1110,P1110,molar,63.86948511733131
Dia_Comp_394,D394,molar,-42.846975489585354
Para_Comp_341,P341,molar,28.65106975256689
Para_Comp_952,P952,molar,19.25155388204054
Para_Comp_1242,P1242,molar,73.98153540061486
Para_Comp_732,P732,molar,18.3655023444855
Dia_Comp_791,D791,molar,-44.16767410722137
Dia_Comp_597,D597,molar,-32.35484806334999
Para_Comp_377,P377,molar,485.6199067842442
Para_Comp_1235,P1235,molar,53.528465392385506
Para_Comp_174,P174,molar,175.23817912356853
Dia_Comp_165,D165,molar,-31.23587073622835
Para_Comp_1330,P1330,molar,179.42437293553334
Para_Comp_914,P914,molar,91.57262084667511
Para_Comp_1541,P1541,molar,52.498416067656756
Para_Comp_445,P445,molar,115.50388584041342
Dia_Comp_1016,D1016,molar,-16.32466791262373
Para_Comp_462,P462,molar,281.3624405623603
Para_Comp_1554,P1554,molar,123.89425768050505
Dia_Comp_1295,D1295,molar,-52.50416661137157
Para_Comp_1207,P1207,molar,98.84637011365028
Para_Comp_376,P376,molar,86.08905442036205
Para_Comp_474,P474,molar,372.3632680378576
Dia_Comp_509,D509,molar,-34.72439262651223
Dia_Comp_534,D534,molar,-31.402261319142482
Dia_Comp_685,D685,molar,-80.80346597750861
Dia_Comp_826,D826,molar,-37.477623565189056
Para_Comp_6,P6,molar,17.271897620552323
Dia_Comp_1325,D1325,molar,-12.871853457477435
Dia_Comp_927,D927,molar,-39.92528015756714
Para_Comp_1035,P1035,molar,87.97206543277925
Para_Comp_1273,P1273,molar,14.684669468336093
Para_Comp_1184,P1184,molar,46.958127118260954
Levitator_Proxy_44,L44,molar,-345.5463590251278
Dia_Comp_937,D937,molar,-13.995079599912316
Para_Comp_303,P303,molar,261.7724469279904
Para_Comp_1028,P1028,molar,59.72717975851621
Para_Comp_536,P536,molar,271.28810971000394
Para_Comp_663,P663,molar,489.2369969827351
Para_Comp_370,P370,molar,46.94236428609288
Para_Comp_1037,P1037,molar,473.5790681233664
Para_Comp_99,P99,molar,159.39896442580263
Dia_Comp_107,D107,molar,-29.053416142230304
Dia_Comp_820,D820,molar,-28.55588682143088
Para_Comp_65,P65,molar,378.1821005034469
Dia_Comp_684,D684,molar,-35.92471144827238
Para_Comp_21,P21,molar,37.423678913397644
Para_Comp_346,P346,molar,242.18412204905704
Para_Comp_516,P516,molar,48.52870285819911
Para_Comp_1463,P1463,molar,41.780061118527925
Dia_Comp_659,D659,molar,-38.74560212594341
Dia_Comp_159,D159,molar,-30.98136422706952
Para_Comp_804,P804,molar,641.3387255792285
Para_Comp_901,P901,molar,155.52701934629636
Para_Comp_161,P161,molar,183.8525320844446
Para_Comp_427,P427,molar,156.56963751542762
Dia_Comp_1136,D1136,molar,-63.822549834601375
Para_Comp_1289,P1289,molar,52.286924096853525
Dia_Comp_689,D689,molar,-30.43444212478705
Para_Comp_1161,P1161,molar,598.5696550122677
Para_Comp_707,P707,molar,215.99872558549416
Dia_Comp_192,D192,molar,-36.85085589404166
Para_Comp_540,P540,molar,306.7117120234887
Para_Comp_1180,P1180,molar,31.06060562850452
Para_Comp_894,P894,molar,18.614302494485933
Para_Comp_449,P449,molar,53.420560144407666
Para_Comp_771,P771,molar,78.51548110394027
Dia_Comp_1070,D1070,molar,-32.91427722175475
Para_Comp_617,P617,molar,39.310789767246035
Para_Comp_849,P849,molar,105.15207965218848
Dia_Comp_21,D21,molar,-77.48125549172208
Para_Comp_1384,P1384,molar,173.87909134133497
Para_Comp_1226,P1226,molar,156.6688942395623
Dia_Comp_663,D663,molar,-59.93847200668266
Para_Comp_570,P570,molar,50.7878184995246
Levitator_Proxy_43,L43,molar,-303.9684555482476
Dia_Comp_1012,D1012,molar,-60.509603094480006
Dia_Comp_43,D43,molar,-42.332131394093324
Para_Comp_640,P640,molar,177.83442596192089
Para_Comp_211,P211,molar,260.049298016511
Para_Comp_828,P828,molar,16.897377265902843
Dia_Comp_618,D618,molar,-40.046597665486495
Dia_Comp_1306,D1306,molar,-57.011894272650295
Dia_Comp_1389,D1389,molar,-68.50510355048166
Dia_Comp_14,D14,molar,-55.28674522338942
Para_Comp_758,P758,molar,169.8540177276421
Dia_Comp_141,D141,molar,-54.49740928902173
Para_Comp_1292,P1292,molar,69.36823688480979
Dia_Comp_442,D442,molar,-42.5420318288098
Para_Comp_746,P746,molar,42.250357087660745
Dia_Comp_332,D332,molar,-70.87911098676688
Dia_Comp_1220,D1220,molar,-42.06914789526245
Dia_Comp_1192,D1192,molar,-24.866436065308257
Dia_Comp_743,D743,molar,-41.785748551202765
Para_Comp_994,P994,molar,28.137135874646344
Dia_Comp_1158,D1158,molar,-74.02724818685176
Dia_Comp_322,D322,molar,-45.397565996903104
Dia_Comp_1112,D1112,molar,-52.976836750114934
Para_Comp_1431,P1431,molar,337.70976938550854
Dia_Comp_8,D8,molar,-47.2905376749228
Dia_Comp_1085,D1085,molar,-67.3220185043811
Para_Comp_1507,P1507,molar,194.8124293050544
Para_Comp_13,P13,molar,164.61957982980883
Dia_Comp_164,D164,molar,-27.60622793106784
Para_Comp_250,P250,molar,56.36962422214877
Dia_Comp_147,D147,molar,-72.25088939051945
Para_Comp_1311,P1311,molar,109.40770642523454
Dia_Comp_560,D560,molar,-53.86289525701302
Dia_Comp_334,D334,molar,-39.52318241821099
Dia_Comp_275,D275,molar,-42.0717666306277
Para_Comp_383,P383,molar,86.80649043052969
Para_Comp_1396,P1396,molar,39.55718120010934
Para_Comp_302,P302,molar,146.34131916615485
Para_Comp_738,P738,molar,231.39901952576457
Dia_Comp_23,D23,molar,-45.30047736746053
Para_Comp_37,P37,molar,29.567171097057766
Dia_Comp_1076,D1076,molar,-29.235365388674968
Para_Comp_642,P642,molar,45.8046710974007
Dia_Comp_1355,D1355,molar,-47.53501820022939
Dia_Comp_840,D840,molar,-48.45161890936912
Para_Comp_1395,P1395,molar,52.39345923019953
Dia_Comp_812,D812,molar,-34.74281868671366
Para_Comp_817,P817,molar,49.02819160024481
Dia_Comp_1140,D1140,molar,-46.66154556416017
Para_Comp_637,P637,molar,373.92779777396595
Para_Comp_402,P402,molar,59.31356158432732
Dia_Comp_804,D804,molar,-38.54468719873
Para_Comp_220,P220,molar,73.87070469076826
Dia_Comp_602,D602,molar,-50.09875025219136
Para_Comp_680,P680,molar,74.47803938402978
Para_Comp_400,P400,molar,138.24913908305362
Para_Comp_459,P459,molar,43.22357943518609
Para_Comp_1537,P1537,molar,36.66497779884556
Para_Comp_1326,P1326,molar,58.77651011361137
Dia_Comp_13,D13,molar,-30.74111925815742
Dia_Comp_1088,D1088,molar,-7.045132179841552
Para_Comp_1499,P1499,molar,335.31287262608055
Levitator_Proxy_32,L32,molar,-280.39104658956353
Dia_Comp_247,D247,molar,-42.06969307952649
Dia_Comp_1150,D1150,molar,-32.296567717456135
Dia_Comp_729,D729,molar,-44.79813458750704
Dia_Comp_173,D173,molar,-20.11885748289561
Dia_Comp_1230,D1230,molar,-34.60303885533487
Dia_Comp_975,D975,molar,-43.39369666790683
Para_Comp_1498,P1498,molar,49.143577085662784
Para_Comp_670,P670,molar,37.483624064935725
Dia_Comp_600,D600,molar,-44.512992440066654
Para_Comp_1112,P1112,molar,137.93688860175445
Para_Comp_1458,P1458,molar,42.22870318328627
Para_Comp_942,P942,molar,538.1522353557409
Dia_Comp_1328,D1328,molar,-9.490853867281508
Para_Comp_394,P394,molar,72.5630764496515
Dia_Comp_344,D344,molar,-29.247440727622646
Dia_Comp_947,D947,molar,-25.433767502921064
Para_Comp_478,P478,molar,126.32776648318101
Para_Comp_453,P453,molar,84.06412784191761
Para_Comp_739,P739,molar,173.25749767516618
Para_Comp_1566,P1566,molar,22.27596670608896
Dia_Comp_259,D259,molar,-22.77232093686824
Dia_Comp_1282,D1282,molar,-42.73981733719089
Para_Comp_1170,P1170,molar,118.39321015574733
Para_Comp_452,P452,molar,36.89360487385736
Para_Comp_163,P163,molar,129.23840167025514
Para_Comp_510,P510,molar,27.7063655011389
Para_Comp_1315,P1315,molar,562.5166205089516
Dia_Comp_401,D401,molar,-41.046880686884776
Para_Comp_364,P364,molar,283.4879154227941
Para_Comp_1372,P1372,molar,41.20470098701937
Dia_Comp_529,D529,molar,-50.214125895340594
Dia_Comp_330,D330,molar,-35.47732882003642
Para_Comp_682,P682,molar,306.80162592941934
Dia_Comp_310,D310,molar,-13.834094993218855
Para_Comp_1594,P1594,molar,151.30285276223677
Dia_Comp_1047,D1047,molar,-47.850125633092716
Para_Comp_1113,P1113,molar,135.27775982546098
Dia_Comp_595,D595,molar,-62.366411349564586
Dia_Comp_517,D517,molar,-46.99603353652067
Para_Comp_165,P165,molar,45.7255243086211
Para_Comp_245,P245,molar,248.8059126020816
Dia_Comp_1222,D1222,molar,-34.61730500159308
Dia_Comp_1116,D1116,molar,-1.0
Dia_Comp_1128,D1128,molar,-49.38111819764601
Para_Comp_1008,P1008,molar,194.2855622631267
Dia_Comp_188,D188,molar,-49.13768753874021
Para_Comp_1508,P1508,molar,253.40773793943137
Para_Comp_770,P770,molar,532.0927923994468
Para_Comp_2,P2,molar,188.8159728046529
Dia_Comp_807,D807,molar,-54.81095707183671
Dia_Comp_42,D42,molar,-31.859127068341152
Dia_Comp_737,D737,molar,-33.735060446470285
Dia_Comp_1143,D1143,molar,-38.83790957592262
Dia_Comp_742,D742,molar,-37.10610698663762
Para_Comp_1568,P1568,molar,76.74508844143807
Dia_Comp_777,D777,molar,-43.21462039301147
Dia_Comp_857,D857,molar,-12.847878317648139
Dia_Comp_833,D833,molar,-45.45253740218304
Para_Comp_1517,P1517,molar,690.1119192096033
Dia_Comp_69,D69,molar,-46.22819192155373
Para_Comp_205,P205,molar,46.06738914093935
Para_Comp_543,P543,molar,12.602616495416061
Dia_Comp_355,D355,molar,-38.56750048501057
Para_Comp_1221,P1221,molar,259.82502579174536
Dia_Comp_504,D504,molar,-50.179193682431325
Dia_Comp_1173,D1173,molar,-52.556138629930246
Dia_Comp_907,D907,molar,-46.6388828535644
Para_Comp_613,P613,molar,77.84784425901387
Para_Comp_353,P353,molar,207.76624718440326
Para_Comp_581,P581,molar,375.9511024199306
Dia_Comp_265,D265,molar,-32.39569762121496
Dia_Comp_790,D790,molar,-49.14829681557098
Para_Comp_757,P757,molar,111.73381081526647
Para_Comp_1291,P1291,molar,92.49317128835229
Dia_Comp_314,D314,molar,-48.2839158737838
Para_Comp_32,P32,molar,148.81023509671527
Para_Comp_1032,P1032,molar,114.69495924667778
Dia_Comp_346,D346,molar,-49.7589727670271
Para_Comp_578,P578,molar,214.46911800104397
Para_Comp_910,P910,molar,165.47599955208076
Dia_Comp_184,D184,molar,-23.59456410680062
Dia_Comp_733,D733,molar,-55.91410716201623
Dia_Comp_603,D603,molar,-21.68571154846006
Para_Comp_776,P776,molar,58.22550262764484
Para_Comp_150,P150,molar,28.920774667270248
Para_Comp_623,P623,molar,22.721218976110855
Para_Comp_1165,P1165,molar,105.15826951007723
Para_Comp_762,P762,molar,94.12096438975853
Dia_Comp_215,D215,molar,-30.12176590065041
Para_Comp_176,P176,molar,169.2042227721517
Para_Comp_1494,P1494,molar,58.97480117800919
Para_Comp_1462,P1462,molar,24.338549617557234
Para_Comp_501,P501,molar,68.70637612250832
Dia_Comp_242,D242,molar,-48.732545288580894
Dia_Comp_943,D943,molar,-32.65870196267213
Para_Comp_16,P16,molar,268.79509363679443
Dia_Comp_563,D563,molar,-34.47009005505298
Para_Comp_1408,P1408,molar,61.80187152466088
Para_Comp_1225,P1225,molar,241.1337861674595
Para_Comp_242,P242,molar,100.10243596317241
Para_Comp_724,P724,molar,88.87322396201364
Dia_Comp_614,D614,molar,-33.466221177394246
Dia_Comp_805,D805,molar,-33.2536569129242
Para_Comp_231,P231,molar,220.97147938268043
Para_Comp_184,P184,molar,170.99233899765298
Para_Comp_1246,P1246,molar,265.47171022962846
Dia_Comp_295,D295,molar,-30.51210995610158
Para_Comp_1465,P1465,molar,779.8359505324087
Dia_Comp_647,D647,molar,-27.541605416326366
Para_Comp_1188,P1188,molar,258.35910317068533
Para_Comp_54,P54,molar,519.5811535330192
Bismuth,Bi,molar,-280.1
Dia_Comp_112,D112,molar,-42.40685776923175
Para_Comp_1357,P1357,molar,141.76862553493342
Dia_Comp_469,D469,molar,-29.868189518875987
Dia_Comp_654,D654,molar,-14.588322103388197
Dia_Comp_87,D87,molar,-44.852373062592925
Dia_Comp_1039,D1039,molar,-48.043818472914985
Para_Comp_1484,P1484,molar,57.259672243781566
Dia_Comp_351,D351,molar,-40.2507860118736
Para_Comp_616,P616,molar,180.48475248762014
Dia_Comp_1349,D1349,molar,-66.27190222401906
Para_Comp_305,P305,molar,82.4929092493148
Dia_Comp_1205,D1205,molar,-7.962063542471398
Para_Comp_869,P869,molar,48.2820183395162
Dia_Comp_366,D366,molar,-44.487816526631086
Dia_Comp_588,D588,molar,-37.10222450937493
Dia_Comp_56,D56,molar,-35.99791987185465
Dia_Comp_170,D170,molar,-28.349320454160754
Dia_Comp_538,D538,molar,-82.0859811751065
Para_Comp_1519,P1519,molar,343.7424394686919
Para_Comp_1149,P1149,molar,82.33916159670132
Para_Comp_1400,P1400,molar,10.320020660484165
Dia_Comp_1207,D1207,molar,-67.0815666243466
Para_Comp_527,P527,molar,86.17000184329147
Dia_Comp_185,D185,molar,-27.57705610552974
Dia_Comp_1326,D1326,molar,-41.46465105323642
Para_Comp_1231,P1231,molar,122.72979828609536
Dia_Comp_232,D232,molar,-50.67616692649734
Dia_Comp_1194,D1194,molar,-43.17361618966694
Para_Comp_580,P580,molar,108.10430490904464
Para_Comp_1198,P1198,molar,279.10867515775107
Para_Comp_648,P648,molar,44.26133843079011
Para_Comp_357,P357,molar,451.48772068083616
Para_Comp_545,P545,molar,382.2874328339034
Levitator_Proxy_26,L26,molar,-312.0286003524701
Para_Comp_435,P435,molar,71.26735754857623
Para_Comp_498,P498,molar,79.02522374434871
Para_Comp_795,P795,molar,570.102417916497
Para_Comp_1427,P1427,molar,828.268908629575
Dia_Comp_631,D631,molar,-29.158744489566338
Dia_Comp_1181,D1181,molar,-41.57684412202852
Dia_Comp_574,D574,molar,-64.88638159991926
Dia_Comp_768,D768,molar,-40.97828993090632
Para_Comp_25,P25,molar,76.62897230520475
Para_Comp_1582,P1582,molar,104.57339512056177
Dia_Comp_1303,D1303,molar,-55.51967681113613
Dia_Comp_608,D608,molar,-40.381918641698206
Dia_Comp_1276,D1276,molar,-19.112339799719667
Para_Comp_409,P409,molar,39.04726023152013
Para_Comp_1385,P1385,molar,293.31169491913056
Para_Comp_227,P227,molar,315.201296516124
Dia_Comp_723,D723,molar,-57.859771355405975
Para_Comp_652,P652,molar,352.92111322984164
Dia_Comp_986,D986,molar,-24.64309011452859
Para_Comp_1186,P1186,molar,63.1522380401243
Dia_Comp_878,D878,molar,-39.92825753557981
Dia_Comp_350,D350,molar,-54.8488168673143
Dia_Comp_1249,D1249,molar,-21.976884727430086
Para_Comp_1325,P1325,molar,173.50501951105997
Para_Comp_1542,P1542,molar,80.95903050713669
Para_Comp_755,P755,molar,249.64099176265583
Para_Comp_72,P72,molar,380.6464022942559
Para_Comp_316,P316,molar,286.279863005864
Para_Comp_252,P252,molar,130.10066377715458
Dia_Comp_349,D349,molar,-19.70721524481333
Para_Comp_826,P826,molar,132.56550448346542
Para_Comp_1109,P1109,molar,76.42089927529369
Para_Comp_1567,P1567,molar,77.2965332126894
Para_Comp_372,P372,molar,75.76798210181457
Levitator_Proxy_46,L46,molar,-305.152751821807
Para_Comp_430,P430,molar,334.8741964084651
Dia_Comp_1001,D1001,molar,-45.64099518136692
Para_Comp_378,P378,molar,182.8610360573266
Dia_Comp_548,D548,molar,-45.077877225120204
Para_Comp_1131,P1131,molar,135.47157801593647
Dia_Comp_308,D308,molar,-24.755093253319966
Dia_Comp_150,D150,molar,-37.9403571834938
Para_Comp_57,P57,molar,219.98549352674272
Dia_Comp_824,D824,molar,-40.148118221872984
Dia_Comp_1394,D1394,molar,-70.30303112401472
Dia_Comp_175,D175,molar,-44.94811508618622
Dia_Comp_1017,D1017,molar,-45.14159475293107
Dia_Comp_1155,D1155,molar,-58.923035390478354
Dia_Comp_453,D453,molar,-24.212757227048872
Para_Comp_385,P385,molar,52.60228442418828
Dia_Comp_421,D421,molar,-45.72692939091592
Dia_Comp_575,D575,molar,-45.90122429662314
Para_Comp_48,P48,molar,206.36331198635938
Dia_Comp_302,D302,molar,-25.44125589583966
Dia_Comp_388,D388,molar,-36.4538608476756
Dia_Comp_97,D97,molar,-1.0
Para_Comp_191,P191,molar,266.82037794897195
Dia_Comp_587,D587,molar,-25.391124259611125
Dia_Comp_1043,D1043,molar,-28.90654048638553
Dia_Comp_217,D217,molar,-67.95844984322386
Dia_Comp_1142,D1142,molar,-40.11831037160278
Dia_Comp_1258,D1258,molar,-54.022882654994056
Dia_Comp_464,D464,molar,-37.32942563965224
Dia_Comp_796,D796,molar,-56.60561215186275
Dia_Comp_547,D547,molar,-49.16561731392599
Dia_Comp_1281,D1281,molar,-57.245488752156724
Para_Comp_44,P44,molar,49.332100313132166
Para_Comp_695,P695,molar,102.47640224075421
Para_Comp_1545,P1545,molar,61.67720331261066
Dia_Comp_974,D974,molar,-43.870157202237685
Para_Comp_273,P273,molar,113.05503408430825
Para_Comp_1141,P1141,molar,189.08114737701695
Para_Comp_840,P840,molar,138.72597493159685
Para_Comp_1471,P1471,molar,135.05621451269357
Para_Comp_585,P585,molar,172.36086328704624
Dia_Comp_795,D795,molar,-38.96038488567353
Dia_Comp_1242,D1242,molar,-44.62665436578655
Para_Comp_867,P867,molar,239.77321877919405
Para_Comp_1076,P1076,molar,287.7540125550903
Para_Comp_1526,P1526,molar,60.6884933710192
Para_Comp_965,P965,molar,41.930382681962264
Para_Comp_455,P455,molar,158.33993664145152
Para_Comp_289,P289,molar,31.904790956059237
Para_Comp_1406,P1406,molar,92.68774617228364
Para_Comp_701,P701,molar,317.09017630924535
Para_Comp_98,P98,molar,420.0765008455879
Para_Comp_141,P141,molar,31.98386674065642
Para_Comp_269,P269,molar,374.7836629431276
Para_Comp_1591,P1591,molar,145.23419518605067
Dia_Comp_831,D831,molar,-17.147563770597632
Para_Comp_676,P676,molar,256.9636547285908
Dia_Comp_430,D430,molar,-40.3174938742027
Dia_Comp_611,D611,molar,-56.07538870310483
Para_Comp_1548,P1548,molar,41.57395748812874
Para_Comp_1285,P1285,molar,383.6996858172222
Para_Comp_923,P923,molar,52.98408659055949
Para_Comp_4,P4,molar,43.14456028647636
Para_Comp_985,P985,molar,12.499581164657918
Para_Comp_91,P91,molar,38.471841327747
Dia_Comp_702,D702,molar,-52.878113509336
Dia_Comp_494,D494,molar,-41.58477457646239
Dia_Comp_949,D949,molar,-39.72220149289164
Para_Comp_210,P210,molar,191.05218810012522
Para_Comp_439,P439,molar,285.0473071911943
Para_Comp_351,P351,molar,470.9914415189062
Para_Comp_999,P999,molar,289.1110501996688
Dia_Comp_1185,D1185,molar,-46.96576632346409
Para_Comp_767,P767,molar,430.4685897663888
Para_Comp_1387,P1387,molar,23.566477305477754
Dia_Comp_635,D635,molar,-52.28012700695431
Para_Comp_508,P508,molar,362.04907903746476
Dia_Comp_53,D53,molar,-7.661478407149623
Dia_Comp_536,D536,molar,-37.351410846006736
Dia_Comp_578,D578,molar,-30.181114474418575
Dia_Comp_1210,D1210,molar,-25.875035735437685
Para_Comp_336,P336,molar,57.263395491472906
Dia_Comp_582,D582,molar,-41.310994677440966
Dia_Comp_1200,D1200,molar,-44.78793613686126
Dia_Comp_801,D801,molar,-17.93417261787273
Dia_Comp_925,D925,molar,-48.721624913730935
Para_Comp_181,P181,molar,304.2131262607242
Para_Comp_592,P592,molar,16.8149707652913
Para_Comp_1213,P1213,molar,25.409260784319667
Para_Comp_957,P957,molar,202.42187487680445
Dia_Comp_868,D868,molar,-40.13844114791022
Para_Comp_167,P167,molar,62.22823118037973
Dia_Comp_1203,D1203,molar,-48.21621092515515
Dia_Comp_138,D138,molar,-70.53661407211139
Para_Comp_1590,P1590,molar,65.67188357649579
Dia_Comp_1299,D1299,molar,-64.58606736226979
Para_Comp_297,P297,molar,115.47928082844324
Para_Comp_635,P635,molar,141.8569722237716
Para_Comp_582,P582,molar,123.39384149426553
Dia_Comp_516,D516,molar,-37.571996257318496
Para_Comp_532,P532,molar,13.396423368974878
Dia_Comp_5,D5,molar,-42.37458748080248
Dia_Comp_709,D709,molar,-66.80588668038024
Levitator_Proxy_8,L8,molar,-294.3274297186861
Para_Comp_1248,P1248,molar,125.25905232785432
Para_Comp_1168,P1168,molar,77.48212535840318
Dia_Comp_387,D387,molar,-36.99190729099501
Dia_Comp_1359,D1359,molar,-43.09237305454888
Para_Comp_687,P687,molar,105.14599058751041
Para_Comp_251,P251,molar,80.2494475624623
Para_Comp_1354,P1354,molar,109.08646308789281
Dia_Comp_279,D279,molar,-38.371223157590556
Dia_Comp_539,D539,molar,-41.183920819599884
Dia_Comp_849,D849,molar,-47.827292890382196
Dia_Comp_875,D875,molar,-42.18190488576561
Para_Comp_8,P8,molar,719.2982770382703
Dia_Comp_200,D200,molar,-50.54665866031862
Dia_Comp_487,D487,molar,-48.525619534779025
Dia_Comp_256,D256,molar,-49.5240096193263
Dia_Comp_1193,D1193,molar,-62.477834696348694
Para_Comp_1258,P1258,molar,606.909656787567
Dia_Comp_372,D372,molar,-49.63303032473772
Dia_Comp_420,D420,molar,-47.50962780650811
Dia_Comp_978,D978,molar,-38.68149897460064
Dia_Comp_1219,D1219,molar,-33.04868479049052
Dia_Comp_552,D552,molar,-33.46333176627524
Para_Comp_566,P566,molar,28.242007445175993
Para_Comp_1535,P1535,molar,22.143287263900184
Para_Comp_809,P809,molar,75.61852899241232
Dia_Comp_81,D81,molar,-37.29202465119931
Para_Comp_206,P206,molar,129.46674048204426
Para_Comp_918,P918,molar,87.34324722215685
Para_Comp_59,P59,molar,231.9584526968297
Para_Comp_1173,P1173,molar,260.8479287464778
Para_Comp_187,P187,molar,43.14038779523452
Dia_Comp_283,D283,molar,-47.83199910663967
Para_Comp_734,P734,molar,29.607598866023093
Dia_Comp_1171,D1171,molar,-39.57463027391474
Dia_Comp_434,D434,molar,-38.317736256081794
Dia_Comp_861,D861,molar,-50.40043234842187
Para_Comp_799,P799,molar,356.30282842437754
Para_Comp_542,P542,molar,79.3270467201398
Dia_Comp_749,D749,molar,-31.831431924323702
Para_Comp_783,P783,molar,130.17860729731495
Dia_Comp_1345,D1345,molar,-65.43284880524399
Dia_Comp_178,D178,molar,-54.67164258012663
Dia_Comp_6,D6,molar,-68.76929710643627
Para_Comp_219,P219,molar,38.45563326710497
Dia_Comp_1320,D1320,molar,-23.124457864492374
Dia_Comp_1077,D1077,molar,-59.56482302331482
Para_Comp_450,P450,molar,17.7549923243302
Para_Comp_1539,P1539,molar,16.475334490105322
Para_Comp_1276,P1276,molar,50.96687833464652
Para_Comp_749,P749,molar,38.69548002614559
Dia_Comp_179,D179,molar,-18.006028320100683
Dia_Comp_118,D118,molar,-29.86646677687841
Para_Comp_1052,P1052,molar,198.49462480307915
Para_Comp_1105,P1105,molar,137.591808771526
Dia_Comp_1134,D1134,molar,-46.15062743322046
Para_Comp_1368,P1368,molar,93.28767648450061
Para_Comp_678,P678,molar,32.002356367987616
Dia_Comp_395,D395,molar,-52.019790656195966
Dia_Comp_693,D693,molar,-67.42835362736136
Para_Comp_444,P444,molar,203.520987663665
Para_Comp_895,P895,molar,460.314905191298
Para_Comp_240,P240,molar,306.7678294844402
Para_Comp_759,P759,molar,189.3450986680077
Dia_Comp_375,D375,molar,-29.52065549474229
Para_Comp_731,P731,molar,11.406333399903584
Para_Comp_1328,P1328,molar,310.93872405460496
Para_Comp_1491,P1491,molar,38.005173533842324
Dia_Comp_51,D51,molar,-46.424365149336936
Dia_Comp_1344,D1344,molar,-26.00700714419762
Para_Comp_904,P904,molar,25.564007589121637
Dia_Comp_1096,D1096,molar,-30.415736318158153
Para_Comp_927,P927,molar,216.77035933265185
Para_Comp_1490,P1490,molar,218.53458366965418
Para_Comp_651,P651,molar,141.6242045756836
Para_Comp_728,P728,molar,165.27890804512992
Para_Comp_1090,P1090,molar,301.11104132170414
Dia_Comp_1033,D1033,molar,-47.59838859283798
Para_Comp_1597,P1597,molar,48.52919762499745
Para_Comp_899,P899,molar,240.39974202265594
Para_Comp_107,P107,molar,98.41648368952335
Para_Comp_1065,P1065,molar,388.4569495835097
Dia_Comp_64,D64,molar,-69.07274703510753
Dia_Comp_1069,D1069,molar,-48.04948873080191
Dia_Comp_555,D555,molar,-51.07126013178154
Para_Comp_1524,P1524,molar,55.66829327236262
Para_Comp_1323,P1323,molar,142.966081128542
Para_Comp_1380,P1380,molar,20.961002520898916
Dia_Comp_745,D745,molar,-14.685344834752478
Para_Comp_83,P83,molar,120.13133265982958
Dia_Comp_755,D755,molar,-49.82335864696794
Dia_Comp_1144,D1144,molar,-19.223666283509665
Para_Comp_541,P541,molar,14.434016707140753
Para_Comp_380,P380,molar,386.2670573210351
Para_Comp_1420,P1420,molar,19.851976190203118
Para_Comp_987,P987,molar,39.76881546631051
Para_Comp_1157,P1157,molar,672.3380016078463
Dia_Comp_1124,D1124,molar,-51.308202592660216
Para_Comp_1344,P1344,molar,162.08765811861824
Para_Comp_1262,P1262,molar,158.7832147268793
Dia_Comp_774,D774,molar,-35.662797564957245
Dia_Comp_606,D606,molar,-41.28998180165613
Para_Comp_9,P9,molar,129.30015649308623
Para_Comp_898,P898,molar,686.8535546987982
Para_Comp_891,P891,molar,104.74229751442232
Para_Comp_1511,P1511,molar,59.04739198184283
Para_Comp_1192,P1192,molar,62.87964123367561
Para_Comp_748,P748,molar,128.94591554043075
Dia_Comp_645,D645,molar,-12.116552949904314
Dia_Comp_1094,D1094,molar,-13.285235582110381
Dia_Comp_1021,D1021,molar,-25.1085490788143
Para_Comp_74,P74,molar,724.4636489497535
Para_Comp_928,P928,molar,42.37312196118535
Para_Comp_986,P986,molar,263.88037053397363
Dia_Comp_1204,D1204,molar,-42.017820938989345
Para_Comp_913,P913,molar,347.16228838987087
Dia_Comp_988,D988,molar,-45.11953101279345
Dia_Comp_172,D172,molar,-65.39400855702077
Dia_Comp_58,D58,molar,-49.45429140749265
Para_Comp_1191,P1191,molar,39.32363989774109
Para_Comp_778,P778,molar,99.57786078221349
Dia_Comp_206,D206,molar,-37.78964705646042
Para_Comp_1445,P1445,molar,209.9021211851569
Dia_Comp_156,D156,molar,-69.31253142584863
Dia_Comp_448,D448,molar,-30.40079514847537
Dia_Comp_1127,D1127,molar,-10.331293018616805
Para_Comp_1337,P1337,molar,17.77098584673662
Para_Comp_694,P694,molar,30.684207902480942
Dia_Comp_391,D391,molar,-27.651583835298563
Para_Comp_630,P630,molar,22.28005253970585
Para_Comp_217,P217,molar,69.85983103172231
Para_Comp_318,P318,molar,119.03153289356797
Dia_Comp_1319,D1319,molar,-67.15936783299863
Dia_Comp_746,D746,molar,-31.098227918797406
Dia_Comp_1010,D1010,molar,-73.73434599414941
Dia_Comp_971,D971,molar,-44.167806359314326
Dia_Comp_158,D158,molar,-23.50366996154654
Dia_Comp_376,D376,molar,-9.29094831769806
Para_Comp_523,P523,molar,488.42604871664935
Para_Comp_539,P539,molar,183.40072207020327
Para_Comp_1299,P1299,molar,544.5926591611811
Para_Comp_1451,P1451,molar,510.62272207896683
Dia_Comp_1087,D1087,molar,-35.739119129213336
Para_Comp_530,P530,molar,189.20404679002738
Dia_Comp_1056,D1056,molar,-21.272786891749597
Dia_Comp_785,D785,molar,-25.199401901948825
Para_Comp_1050,P1050,molar,74.53177519456176
Dia_Comp_1386,D1386,molar,-31.248683214912305
Para_Comp_693,P693,molar,176.49221020931347
Para_Comp_579,P579,molar,203.20530660038557
Para_Comp_1286,P1286,molar,41.45546620400827
Dia_Comp_1005,D1005,molar,-32.432440861816296
Para_Comp_1358,P1358,molar,372.21245045054286
Para_Comp_237,P237,molar,80.44248050900799
Dia_Comp_1003,D1003,molar,-41.990277220208405
Para_Comp_431,P431,molar,203.5821242901868
Dia_Comp_652,D652,molar,-33.192755376266575
Dia_Comp_1314,D1314,molar,-24.972019496770628
Para_Comp_200,P200,molar,193.62357501865344
Para_Comp_550,P550,molar,171.9035980827055
Para_Comp_750,P750,molar,357.55438135687535
Dia_Comp_239,D239,molar,-48.462770211087886
Para_Comp_437,P437,molar,105.5958470797418
Para_Comp_991,P991,molar,79.71701642801482
Dia_Comp_930,D930,molar,-34.41386993734784
Dia_Comp_958,D958,molar,-41.98963607294043
Dia_Comp_450,D450,molar,-31.23834873319516
Para_Comp_1064,P1064,molar,340.14218558080927
Para_Comp_1277,P1277,molar,115.73965914402126
Dia_Comp_862,D862,molar,-38.81275788534002
Para_Comp_601,P601,molar,77.44883918868638
Dia_Comp_696,D696,molar,-29.80855757178925
Dia_Comp_1388,D1388,molar,-48.5682270260952
Para_Comp_779,P779,molar,125.04337663789404
Para_Comp_1048,P1048,molar,110.94061343757295
Dia_Comp_72,D72,molar,-37.3019721661636
Dia_Comp_1266,D1266,molar,-47.00358167427694
Dia_Comp_543,D543,molar,-41.29607280714816
Dia_Comp_893,D893,molar,-31.95813871668049
Para_Comp_1129,P1129,molar,35.13325819461096
Dia_Comp_1291,D1291,molar,-22.176451910259537
Para_Comp_344,P344,molar,72.9312553623306
Dia_Comp_908,D908,molar,-51.05050260374396
Para_Comp_874,P874,molar,440.909571454997
Para_Comp_1159,P1159,molar,111.2501795380501
Para_Comp_124,P124,molar,507.91854641398646
Dia_Comp_1082,D1082,molar,-23.60846141076274
Para_Comp_365,P365,molar,95.74955823796958
Dia_Comp_649,D649,molar,-8.720525654313683
Dia_Comp_942,D942,molar,-31.08832495159251
Dia_Comp_956,D956,molar,-52.83286000322496
Dia_Comp_951,D951,molar,-38.37629538248699
Para_Comp_784,P784,molar,133.82549008464395
Para_Comp_352,P352,molar,95.38977716332923
Para_Comp_261,P261,molar,646.7337043626592
Para_Comp_1148,P1148,molar,233.2504938040468
Para_Comp_348,P348,molar,471.8653682126127
Para_Comp_897,P897,molar,87.649895182421
Levitator_Proxy_45,L45,molar,-284.42614438226656
Dia_Comp_1111,D1111,molar,-34.67437732212004
Para_Comp_362,P362,molar,43.09889111807126
Dia_Comp_1166,D1166,molar,-48.4062726590956
Dia_Comp_1316,D1316,molar,-45.98381372612353
Para_Comp_371,P371,molar,62.14314738227021
Para_Comp_1353,P1353,molar,215.22052174544325
Para_Comp_1425,P1425,molar,123.43831775955572
Dia_Comp_800,D800,molar,-8.238127011877555
Dia_Comp_946,D946,molar,-24.785610528065135
Dia_Comp_676,D676,molar,-56.86707645385443
Para_Comp_446,P446,molar,144.351095730361
Para_Comp_863,P863,molar,300.80710727002867
Dia_Comp_1221,D1221,molar,-42.080239340252646
Dia_Comp_363,D363,molar,-57.57778656473144
Para_Comp_1342,P1342,molar,118.34618553927605
Dia_Comp_368,D368,molar,-46.210380758174075
Dia_Comp_736,D736,molar,-42.664680122018076
Para_Comp_576,P576,molar,161.53115919987454
Dia_Comp_526,D526,molar,-34.80510414914878
Dia_Comp_52,D52,molar,-44.72097453661899
Para_Comp_667,P667,molar,50.86385277797389
Para_Comp_1546,P1546,molar,165.93562941050223
Dia_Comp_507,D507,molar,-54.4309988234351
Dia_Comp_992,D992,molar,-50.93091370148119
Dia_Comp_1084,D1084,molar,-44.94567246000268
Para_Comp_1352,P1352,molar,171.81455963581303
Para_Comp_691,P691,molar,119.66646531613229
Para_Comp_360,P360,molar,137.2748005167154
Para_Comp_772,P772,molar,94.72690955039286
Para_Comp_842,P842,molar,19.62494692649567
Dia_Comp_205,D205,molar,-23.018178108591567
Para_Comp_675,P675,molar,158.991350557465
Dia_Comp_467,D467,molar,-49.10949718469868
Para_Comp_1135,P1135,molar,40.53873352418012
Para_Comp_1153,P1153,molar,112.23977115016562
Dia_Comp_362,D362,molar,-40.932687717807646
Dia_Comp_1117,D1117,molar,-18.293103116524318
Para_Comp_1279,P1279,molar,218.6086908657363
Dia_Comp_75,D75,molar,-48.921016086959355
Para_Comp_199,P199,molar,258.4944745764601
Para_Comp_1018,P1018,molar,214.39931613999104
Para_Comp_1360,P1360,molar,203.1569654238723
Para_Comp_233,P233,molar,12.31823035202976
Dia_Comp_182,D182,molar,-25.937415414710607
Dia_Comp_643,D643,molar,-28.717066850303613
Para_Comp_1495,P1495,molar,318.3087775715766
Dia_Comp_567,D567,molar,-51.434080680832736
Para_Comp_1436,P1436,molar,92.90665006238572
Dia_Comp_102,D102,molar,-23.130501226153157
Dia_Comp_1180,D1180,molar,-18.037710451605385
Dia_Comp_24,D24,molar,-47.21106918906105
Para_Comp_17,P17,molar,108.76297287344671
Dia_Comp_1318,D1318,molar,-25.148246102713607
Para_Comp_80,P80,molar,140.2859263668638
Dia_Comp_142,D142,molar,-24.63526570149445
Para_Comp_1119,P1119,molar,42.29122746458181
Dia_Comp_809,D809,molar,-40.44245302846942
Para_Comp_1029,P1029,molar,272.9029765564215
Para_Comp_1565,P1565,molar,187.1232027424302
Para_Comp_785,P785,molar,394.68151476933275
Levitator_Proxy_28,L28,molar,-260.5517696176257
Para_Comp_259,P259,molar,120.56371745724694
Para_Comp_1514,P1514,molar,153.65656901283793
Dia_Comp_511,D511,molar,-39.25140057378171
Levitator_Proxy_13,L13,molar,-214.3200806829544
Dia_Comp_397,D397,molar,-44.36911738056541
Para_Comp_606,P606,molar,91.02218029943761
Para_Comp_1264,P1264,molar,315.8431527124203
Dia_Comp_415,D415,molar,-49.68131342970358
Para_Comp_1134,P1134,molar,26.097052907603814
Levitator_Proxy_42,L42,molar,-209.0995059393744
Para_Comp_1412,P1412,molar,52.45975496487971
Dia_Comp_715,D715,molar,-52.774109826976904
Para_Comp_1467,P1467,molar,324.7181669261923
Para_Comp_658,P658,molar,73.20900086062318
Para_Comp_127,P127,molar,82.4627981646638
Dia_Comp_234,D234,molar,-48.69853011884921
Dia_Comp_776,D776,molar,-42.63135580809375
Dia_Comp_49,D49,molar,-27.61998184196293
Para_Comp_1493,P1493,molar,85.12987650721838
Para_Comp_43,P43,molar,68.64107371001688
Dia_Comp_948,D948,molar,-42.65399394653687
Para_Comp_1062,P1062,molar,74.80684227354294
Dia_Comp_1040,D1040,molar,-23.116475102655237
Dia_Comp_919,D919,molar,-48.593707887414915
Dia_Comp_352,D352,molar,-31.6646286296486
Para_Comp_1531,P1531,molar,380.872699312314
Dia_Comp_642,D642,molar,-36.9469403108514
Para_Comp_954,P954,molar,103.67043176096618
Para_Comp_1126,P1126,molar,112.45006618593096
Dia_Comp_550,D550,molar,-29.53597092242088
Para_Comp_588,P588,molar,198.68756703548584
Dia_Comp_249,D249,molar,-74.57282067397006
Para_Comp_568,P568,molar,77.61932359788605
Dia_Comp_323,D323,molar,-49.71792490449449
Para_Comp_1317,P1317,molar,293.35250043812437
Dia_Comp_145,D145,molar,-37.115530770074265
Para_Comp_477,P477,molar,124.88718742468708
Dia_Comp_731,D731,molar,-57.89961969068915
Dia_Comp_1006,D1006,molar,-31.278409206882216
Dia_Comp_124,D124,molar,-62.63730235903268
Dia_Comp_1372,D1372,molar,-65.0660935432979
Dia_Comp_122,D122,molar,-24.448902006312977
Para_Comp_1042,P1042,molar,53.43447830394481
Para_Comp_876,P876,molar,241.9426858699153
Dia_Comp_280,D280,molar,-40.28780560144371
Dia_Comp_1304,D1304,molar,-30.032611528728662
Dia_Comp_291,D291,molar,-22.361850131771078
Para_Comp_1522,P1522,molar,120.10371659688663
Dia_Comp_1237,D1237,molar,-18.23393043243425
Para_Comp_882,P882,molar,130.7384416366403
Para_Comp_47,P47,molar,251.42202299396268
Dia_Comp_941,D941,molar,-27.27361354347735
Dia_Comp_1280,D1280,molar,-42.498457806986835
Dia_Comp_1255,D1255,molar,-16.758265471953063
Dia_Comp_337,D337,molar,-22.80074940932665
Para_Comp_97,P97,molar,186.97044894024754
Dia_Comp_1189,D1189,molar,-40.81760851481353
Para_Comp_589,P589,molar,57.86463991414427
Dia_Comp_451,D451,molar,-33.36742126098237
Para_Comp_126,P126,molar,36.304150961375484
Para_Comp_214,P214,molar,14.289324297714439
Para_Comp_483,P483,molar,192.40691406236795
Para_Comp_841,P841,molar,76.81915926064691
Para_Comp_1468,P1468,molar,10.308796385420179
Para_Comp_547,P547,molar,658.6000573502428
Para_Comp_306,P306,molar,323.96067881890843
Dia_Comp_167,D167,molar,-59.47962921080684
Para_Comp_312,P312,molar,380.61634383416566
Para_Comp_890,P890,molar,128.84400161825948
Para_Comp_254,P254,molar,173.86096248526667
Para_Comp_235,P235,molar,365.61501174361524
Para_Comp_207,P207,molar,74.09708463803032
Para_Comp_1472,P1472,molar,51.930832730857084
Para_Comp_347,P347,molar,436.8648317755957
Para_Comp_1099,P1099,molar,321.85095883324067
Para_Comp_448,P448,molar,44.25924103788376
Para_Comp_41,P41,molar,147.86340862155436
Para_Comp_571,P571,molar,101.99966998982002
Para_Comp_902,P902,molar,103.1635957477219
Levitator_Proxy_24,L24,molar,-231.2673114899649
Para_Comp_1383,P1383,molar,38.06422011377376
Dia_Comp_422,D422,molar,-40.15101773113012
Dia_Comp_845,D845,molar,-61.52618055235466
Para_Comp_1419,P1419,molar,135.65606613757768
Para_Comp_1461,P1461,molar,309.4879700032268
Dia_Comp_492,D492,molar,-57.68525186408319
Para_Comp_633,P633,molar,18.967356664683024
Para_Comp_268,P268,molar,182.60040534253008
Dia_Comp_77,D77,molar,-25.805952599782522
Para_Comp_1479,P1479,molar,93.1231514290104
Para_Comp_1492,P1492,molar,298.49027912261477
Dia_Comp_656,D656,molar,-25.22366784321631
Dia_Comp_1354,D1354,molar,-39.68995007256989
Para_Comp_7,P7,molar,815.4921461571377
Dia_Comp_222,D222,molar,-31.55186800587324
Dia_Comp_775,D775,molar,-23.03988942013676
Para_Comp_1060,P1060,molar,20.647199053467197
Para_Comp_1410,P1410,molar,72.9550787812943
Dia_Comp_1380,D1380,molar,-21.317646792109276
Para_Comp_356,P356,molar,96.5931760228506
Para_Comp_481,P481,molar,229.64376271858637
Para_Comp_294,P294,molar,232.44606305969424
Dia_Comp_1036,D1036,molar,-41.23395229411497
Dia_Comp_525,D525,molar,-37.4787608615691
Para_Comp_272,P272,molar,127.10395693778383
Dia_Comp_530,D530,molar,-46.23105246088438
Para_Comp_151,P151,molar,169.3661462050837
Dia_Comp_385,D385,molar,-31.626861557607825
Para_Comp_726,P726,molar,242.61540386657487
Dia_Comp_682,D682,molar,-57.80722614009684
Para_Comp_1144,P1144,molar,23.732085641434004
Para_Comp_996,P996,molar,46.39862824291636
Para_Comp_872,P872,molar,182.51828643201634
Dia_Comp_586,D586,molar,-30.743187946589067
Dia_Comp_569,D569,molar,-55.5875120314325
Dia_Comp_1270,D1270,molar,-45.34727129789911
Para_Comp_555,P555,molar,72.91013704681475
Para_Comp_1202,P1202,molar,197.34542720883556
Para_Comp_1550,P1550,molar,21.436524299966145
Para_Comp_1382,P1382,molar,135.59327334155512
Dia_Comp_1391,D1391,molar,-50.94515532534055
Para_Comp_1072,P1072,molar,187.15448293959233
Para_Comp_973,P973,molar,111.77247792956629
Para_Comp_763,P763,molar,132.00724947310243
Para_Comp_285,P285,molar,161.43552040389417
Dia_Comp_967,D967,molar,-40.94451828304917
Para_Comp_1082,P1082,molar,204.77053819742218
Dia_Comp_399,D399,molar,-17.709468746101912
Dia_Comp_1058,D1058,molar,-58.6977773512634
Para_Comp_551,P551,molar,158.50572190491653
Para_Comp_1034,P1034,molar,15.8096316095502
Dia_Comp_514,D514,molar,-28.719145047218422
Dia_Comp_890,D890,molar,-50.51191614460652
Para_Comp_939,P939,molar,115.16593848252857
Dia_Comp_396,D396,molar,-20.824971304644702
Dia_Comp_374,D374,molar,-47.39352063261032
Dia_Comp_392,D392,molar,-51.6061146937715
Dia_Comp_979,D979,molar,-52.44741498554414
Para_Comp_23,P23,molar,296.94572553328584
Dia_Comp_969,D969,molar,-21.5661010846967
Para_Comp_39,P39,molar,234.42330572034845
Para_Comp_1474,P1474,molar,84.5391382733974
Para_Comp_1014,P1014,molar,51.96269838188018
Dia_Comp_412,D412,molar,-27.07745060208503
Dia_Comp_1208,D1208,molar,-55.12956761444982
Dia_Comp_238,D238,molar,-28.743688558067902
Para_Comp_945,P945,molar,299.92870986235204
Para_Comp_1405,P1405,molar,559.8881261647077
Para_Comp_1228,P1228,molar,116.74435860047014
Para_Comp_476,P476,molar,12.370355983807105
Para_Comp_358,P358,molar,82.21924801389946
Para_Comp_1418,P1418,molar,109.13711021035502
Dia_Comp_1348,D1348,molar,-26.210498257235287
Para_Comp_1211,P1211,molar,212.4323604578084
Para_Comp_309,P309,molar,124.20498247999485
Dia_Comp_1130,D1130,molar,-29.148063769072316
Dia_Comp_938,D938,molar,-51.752006609850646
Para_Comp_839,P839,molar,70.22755622562988
Para_Comp_500,P500,molar,33.331855127501214
Para_Comp_417,P417,molar,303.353223785806
Dia_Comp_770,D770,molar,-40.8926132787978
Para_Comp_634,P634,molar,98.87935637076743
Para_Comp_1190,P1190,molar,179.24127996345266
Para_Comp_1476,P1476,molar,316.778345347252
Para_Comp_977,P977,molar,400.30592144413043
Para_Comp_596,P596,molar,55.14134270788315
Para_Comp_313,P313,molar,126.56816385400131
Para_Comp_405,P405,molar,488.43240056119834
Dia_Comp_994,D994,molar,-46.9626435952663
Para_Comp_218,P218,molar,72.34758134347024
Dia_Comp_545,D545,molar,-37.10980987728986
Dia_Comp_1182,D1182,molar,-50.07745941656166
Para_Comp_1348,P1348,molar,87.72161336680966
Dia_Comp_964,D964,molar,-33.71998776612608
Dia_Comp_1361,D1361,molar,-22.417414797156408
Dia_Comp_1275,D1275,molar,-57.038833569144415
Dia_Comp_1305,D1305,molar,-36.48884213018317
Para_Comp_886,P886,molar,80.38695817540145
Para_Comp_1245,P1245,molar,81.34434344179441
Para_Comp_1130,P1130,molar,135.5651600550275
Dia_Comp_566,D566,molar,-59.87243532320055
Dia_Comp_619,D619,molar,-37.73679763256639
Dia_Comp_1330,D1330,molar,-71.32400962560418
Dia_Comp_347,D347,molar,-35.37250622867657
Dia_Comp_88,D88,molar,-26.04781308630723
Dia_Comp_240,D240,molar,-38.45987621706481
Dia_Comp_472,D472,molar,-29.67868733345538
Dia_Comp_223,D223,molar,-18.58806431736943
Dia_Comp_818,D818,molar,-17.032396193478174
Dia_Comp_1139,D1139,molar,-38.89977841809248
Para_Comp_806,P806,molar,54.93699311563533
Para_Comp_321,P321,molar,187.6259099498423
Para_Comp_983,P983,molar,15.204066282498449
Dia_Comp_407,D407,molar,-35.01844354262633
Dia_Comp_134,D134,molar,-31.25547846307643
Para_Comp_626,P626,molar,54.83960563036714
Para_Comp_698,P698,molar,83.70140390546688
Para_Comp_1069,P1069,molar,156.61847300805627
Dia_Comp_848,D848,molar,-41.295471276483724
Dia_Comp_325,D325,molar,-53.063117782242344
Para_Comp_657,P657,molar,169.1091884442356
Dia_Comp_521,D521,molar,-60.48361414571599
Dia_Comp_1365,D1365,molar,-46.48241601517135
Para_Comp_896,P896,molar,84.93944765475214
Dia_Comp_303,D303,molar,-45.072996785090545
Dia_Comp_572,D572,molar,-37.654652667500244
Para_Comp_1413,P1413,molar,146.7297484372285
Para_Comp_1321,P1321,molar,21.491075866030055
Dia_Comp_139,D139,molar,-38.51778349943396
Para_Comp_835,P835,molar,158.87957681545032
Para_Comp_787,P787,molar,123.7710949230571
Dia_Comp_3,D3,molar,-42.65984676348226
Para_Comp_1261,P1261,molar,27.065575577465086
Dia_Comp_490,D490,molar,-45.68649720531762
Para_Comp_1429,P1429,molar,98.08395212874241
Dia_Comp_1399,D1399,molar,-29.433040180055645
Dia_Comp_327,D327,molar,-31.93694585092396
Para_Comp_960,P960,molar,16.138959506113306
Para_Comp_1094,P1094,molar,14.136652436139684
Para_Comp_513,P513,molar,20.632256212630672
Para_Comp_572,P572,molar,127.48541503885848
Para_Comp_1470,P1470,molar,14.264205204983636
Para_Comp_271,P271,molar,60.2709395510469
Para_Comp_1154,P1154,molar,35.655476993557414
Dia_Comp_589,D589,molar,-40.74082565863554
Para_Comp_1296,P1296,molar,28.748027422799193
Para_Comp_145,P145,molar,184.35851905436633
Para_Comp_906,P906,molar,218.12123252144403
Para_Comp_953,P953,molar,34.577433891370816
Para_Comp_861,P861,molar,227.5727061173653
Dia_Comp_583,D583,molar,-52.89276458266316
Para_Comp_298,P298,molar,22.75426635096205
Dia_Comp_1238,D1238,molar,-22.87890497660781
Para_Comp_122,P122,molar,215.38740971978237
Para_Comp_343,P343,molar,102.77135552842972
Para_Comp_1485,P1485,molar,263.5826180456904
Para_Comp_1036,P1036,molar,98.4700102069959
Para_Comp_131,P131,molar,37.6833424114011
Para_Comp_133,P133,molar,115.10909592388695
Para_Comp_421,P421,molar,559.606633049465
Levitator_Proxy_6,L6,molar,-257.28775278630656
Para_Comp_788,P788,molar,39.35816252833057
Dia_Comp_305,D305,molar,-42.29303013808361
Para_Comp_725,P725,molar,391.23073298807867
Para_Comp_598,P598,molar,176.31908012648455
Dia_Comp_489,D489,molar,-25.077188451087412
Dia_Comp_675,D675,molar,-25.913110206182477
Para_Comp_1272,P1272,molar,126.03742439737103
Para_Comp_156,P156,molar,311.04943087924653
Para_Comp_1150,P1150,molar,1045.0526665598834
Dia_Comp_413,D413,molar,-36.40950220752723
Para_Comp_1087,P1087,molar,307.3429254276516
Dia_Comp_641,D641,molar,-48.93933077333065
Dia_Comp_913,D913,molar,-38.196641697292456
Para_Comp_1302,P1302,molar,244.45802361935466
Para_Comp_1136,P1136,molar,81.80324709990504
Para_Comp_160,P160,molar,92.98421478276401
Dia_Comp_1098,D1098,molar,-44.71228065670311
Dia_Comp_1022,D1022,molar,-15.826555809522553
Dia_Comp_904,D904,molar,-22.49304326004818
Para_Comp_1176,P1176,molar,42.84557617662933
Dia_Comp_677,D677,molar,-46.535004053568414
Para_Comp_629,P629,molar,24.79522343801679
Dia_Comp_997,D997,molar,-40.48153250045115
Para_Comp_42,P42,molar,208.33120635645446
Dia_Comp_70,D70,molar,-35.355447387982
Para_Comp_162,P162,molar,357.5103548732108
Dia_Comp_114,D114,molar,-25.82143049786696
Dia_Comp_1152,D1152,molar,-45.46839620698026
Dia_Comp_1138,D1138,molar,-45.43628644788602
Para_Comp_428,P428,molar,21.86490947127652
Para_Comp_1457,P1457,molar,506.0951055672626
Para_Comp_936,P936,molar,52.89400321574953
Para_Comp_311,P311,molar,24.97395754665761
Para_Comp_1196,P1196,molar,146.13992495016896
Para_Comp_1281,P1281,molar,42.513710433538314
Para_Comp_756,P756,molar,100.44913131090405
Dia_Comp_216,D216,molar,-19.04006930460077
Para_Comp_943,P943,molar,249.27124815699307
Dia_Comp_384,D384,molar,-39.215574245801676
Para_Comp_51,P51,molar,61.872053794759566
Dia_Comp_1322,D1322,molar,-46.92781079801419
Para_Comp_349,P349,molar,242.25560976502825
Dia_Comp_1120,D1120,molar,-39.47990851762959
Para_Comp_1181,P1181,molar,141.43543257605245
Para_Comp_548,P548,molar,91.13824429104126
Para_Comp_71,P71,molar,92.07683998145582
Para_Comp_1083,P1083,molar,51.9409201683289
Dia_Comp_754,D754,molar,-27.128876821225376
Dia_Comp_1251,D1251,molar,-39.77221286288116
Para_Comp_173,P173,molar,175.17489617731417
Dia_Comp_246,D246,molar,-59.06371853081948
Para_Comp_1033,P1033,molar,344.202106662886
Para_Comp_1324,P1324,molar,209.8841784425146
Para_Comp_1120,P1120,molar,31.529360577927598
Para_Comp_1054,P1054,molar,137.22884435135194
Para_Comp_326,P326,molar,78.44844021857666
Dia_Comp_80,D80,molar,-35.269099131080566
Para_Comp_470,P470,molar,178.07997973834557
Para_Comp_1580,P1580,molar,183.13089635098737
Para_Comp_77,P77,molar,95.27340370488693
Para_Comp_395,P395,molar,161.33056068998977
Para_Comp_1027,P1027,molar,154.770768619441
Para_Comp_1505,P1505,molar,211.26918703173862
Dia_Comp_1032,D1032,molar,-62.57458955506421
Dia_Comp_166,D166,molar,-56.457703189815675
Dia_Comp_661,D661,molar,-39.89420238575239
Dia_Comp_819,D819,molar,-30.8719839043359
Dia_Comp_681,D681,molar,-4.651374362828243
Dia_Comp_59,D59,molar,-29.097534981660843
Dia_Comp_419,D419,molar,-30.13893758099543
Dia_Comp_1340,D1340,molar,-43.09786549308524
Para_Comp_1251,P1251,molar,86.3062160320839
Dia_Comp_842,D842,molar,-24.190011526406135
Para_Comp_950,P950,molar,132.5654809563799
Para_Comp_956,P956,molar,541.9946224316178
Para_Comp_1513,P1513,molar,72.67539743725834
Para_Comp_1132,P1132,molar,271.0341260696129
Para_Comp_699,P699,molar,526.094078468939
Levitator_Proxy_25,L25,molar,-240.92569859095425
Para_Comp_974,P974,molar,103.02562200791525
Para_Comp_1389,P1389,molar,99.19097394229861
Para_Comp_1055,P1055,molar,358.09707712692165
Dia_Comp_535,D535,molar,-51.705688975536816
Dia_Comp_697,D697,molar,-16.360392338558604
Dia_Comp_686,D686,molar,-27.664572245405303
Dia_Comp_757,D757,molar,-37.61259988923573
Dia_Comp_873,D873,molar,-64.72756737482248
Para_Comp_941,P941,molar,465.31719298900026
Para_Comp_925,P925,molar,351.0027864429869
Para_Comp_714,P714,molar,111.14177718331284
Dia_Comp_561,D561,molar,-45.901791649694346
Dia_Comp_329,D329,molar,-38.57192380030701
Dia_Comp_488,D488,molar,-54.51604217195962
Para_Comp_688,P688,molar,232.29309729085784
Dia_Comp_237,D237,molar,-46.841668534466045
Para_Comp_821,P821,molar,86.44597487353728
Dia_Comp_756,D756,molar,-58.15452479137216
Dia_Comp_1183,D1183,molar,-68.21377350126822
Dia_Comp_926,D926,molar,-65.34954823054406
Dia_Comp_1284,D1284,molar,-41.0009661638056
Para_Comp_1424,P1424,molar,238.04618701832095
Dia_Comp_1013,D1013,molar,-48.069210925679805
Para_Comp_1021,P1021,molar,113.01300077387481
Para_Comp_221,P221,molar,106.83700204965966
Dia_Comp_93,D93,molar,-39.34998230123308
Para_Comp_946,P946,molar,125.81050131609352
Para_Comp_292,P292,molar,167.52925965309385
Dia_Comp_1313,D1313,molar,-62.5322174063216
Dia_Comp_294,D294,molar,-37.86832881761875
Para_Comp_764,P764,molar,576.9276836900113
Para_Comp_605,P605,molar,714.8959371412524
Para_Comp_1217,P1217,molar,105.65058055041357
Dia_Comp_794,D794,molar,-47.00154205273308
Para_Comp_24,P24,molar,131.0132501184743
Para_Comp_193,P193,molar,10.848208024993829
Para_Comp_1365,P1365,molar,143.02470296406614
Dia_Comp_985,D985,molar,-61.72032956882117
Para_Comp_1011,P1011,molar,424.5677303630308
Para_Comp_602,P602,molar,19.064081010962738
Para_Comp_118,P118,molar,81.01069507662211
Dia_Comp_991,D991,molar,-42.35633085958387
Dia_Comp_33,D33,molar,-68.6417302417071
Para_Comp_1394,P1394,molar,424.8074043640476
Para_Comp_1487,P1487,molar,390.2052396751859
Dia_Comp_714,D714,molar,-33.946527848022974
Para_Comp_1098,P1098,molar,537.6377815436223
Dia_Comp_1213,D1213,molar,-51.758497788571724
Dia_Comp_1027,D1027,molar,-20.317373933484745
Dia_Comp_556,D556,molar,-45.91364734762371
Para_Comp_583,P583,molar,74.2385462190181
Para_Comp_1489,P1489,molar,14.19046176775229
Dia_Comp_1011,D1011,molar,-26.22346151844726
Dia_Comp_438,D438,molar,-54.97238473216825
Dia_Comp_441,D441,molar,-48.00932465467709
Dia_Comp_724,D724,molar,-62.83754112050967
Dia_Comp_892,D892,molar,-24.386255154677524
Para_Comp_1038,P1038,molar,681.9922644280542
Dia_Comp_613,D613,molar,-48.02506487896871
Para_Comp_1369,P1369,molar,18.691892478081922
Para_Comp_1309,P1309,molar,113.01189210873184
Dia_Comp_905,D905,molar,-36.44316466211572
Dia_Comp_1353,D1353,molar,-20.48714077753191
Dia_Comp_340,D340,molar,-56.76735561175731
Para_Comp_1574,P1574,molar,14.297742727981444
Dia_Comp_1167,D1167,molar,-29.161797862808065
Para_Comp_664,P664,molar,297.8512835921807
Para_Comp_561,P561,molar,30.223455242715694
Para_Comp_674,P674,molar,110.08940527678111
Dia_Comp_859,D859,molar,-51.17432651698758
Para_Comp_1534,P1534,molar,297.6192842758424
Para_Comp_379,P379,molar,126.70408667282796
Levitator_Proxy_19,L19,molar,-227.85819820517915
Para_Comp_1095,P1095,molar,75.9533210806681
Dia_Comp_573,D573,molar,-13.44462746065118
Para_Comp_909,P909,molar,63.246970725414826
Para_Comp_1158,P1158,molar,10.027664855514839
Dia_Comp_816,D816,molar,-55.67330811921652
Para_Comp_1532,P1532,molar,221.1969739935462
Para_Comp_1216,P1216,molar,127.83325679250294
Para_Comp_1294,P1294,molar,332.43497252690815
Dia_Comp_1191,D1191,molar,-14.149449215667303
Dia_Comp_4,D4,molar,-42.10459919549472
Levitator_Proxy_15,L15,molar,-202.0609906603483
Dia_Comp_664,D664,molar,-40.28929373637626
Dia_Comp_781,D781,molar,-47.61568002794576
Dia_Comp_651,D651,molar,-34.51178387118886
Levitator_Proxy_16,L16,molar,-323.94434689390386
Dia_Comp_1346,D1346,molar,-28.204679444032497
Para_Comp_1403,P1403,molar,34.79589396617095
Dia_Comp_666,D666,molar,-30.412821958688113
Dia_Comp_250,D250,molar,-33.967874402638444
Para_Comp_1563,P1563,molar,32.31172620558388
Para_Comp_1295,P1295,molar,349.5932559632591
Dia_Comp_921,D921,molar,-19.473300422541666
Para_Comp_158,P158,molar,340.1958034090298
Dia_Comp_55,D55,molar,-44.80148613962822
Dia_Comp_267,D267,molar,-43.707570213208605
Para_Comp_1455,P1455,molar,55.704004207463115
Dia_Comp_318,D318,molar,-77.91868098017909
Para_Comp_1584,P1584,molar,259.11684276134963
Para_Comp_393,P393,molar,23.42626786053296
Dia_Comp_1019,D1019,molar,-37.856135676846804
Dia_Comp_760,D760,molar,-51.48456556647284
Dia_Comp_786,D786,molar,-53.45903418793627
Dia_Comp_71,D71,molar,-45.56021882892526
Dia_Comp_903,D903,molar,-43.03778726707587
Dia_Comp_836,D836,molar,-39.67436523938458
Dia_Comp_343,D343,molar,-53.57631716495414
Para_Comp_412,P412,molar,222.76650681875282
Dia_Comp_783,D783,molar,-63.40904742497703
Dia_Comp_316,D316,molar,-51.38395634565969
Dia_Comp_593,D593,molar,-33.00516666003319
Para_Comp_166,P166,molar,253.53491454259859
Dia_Comp_424,D424,molar,-40.41771564226528
Para_Comp_628,P628,molar,15.027413706836112
Dia_Comp_483,D483,molar,-34.190569584129015
Dia_Comp_1357,D1357,molar,-43.333486760843066
Para_Comp_226,P226,molar,64.23912484378798
Dia_Comp_1236,D1236,molar,-43.35675580183345
Para_Comp_238,P238,molar,19.11597822419037
Para_Comp_123,P123,molar,14.338812267117156
Dia_Comp_1007,D1007,molar,-47.23752884527238
Dia_Comp_508,D508,molar,-36.310270871182325
Para_Comp_507,P507,molar,39.858165965782845
Para_Comp_669,P669,molar,26.185367261483684
Para_Comp_593,P593,molar,434.56936105906254
Dia_Comp_638,D638,molar,-49.13126943477616
Para_Comp_607,P607,molar,102.22476548444415
Para_Comp_889,P889,molar,140.94556522613223
Para_Comp_188,P188,molar,352.15777880247003
Dia_Comp_846,D846,molar,-49.057988721095725
Para_Comp_1125,P1125,molar,182.87233150078774
Dia_Comp_766,D766,molar,-29.34718208928491
Para_Comp_1079,P1079,molar,80.20975476267847
Para_Comp_1084,P1084,molar,206.15855245199973
Para_Comp_855,P855,molar,315.33480669259905
Para_Comp_1373,P1373,molar,195.63233738471462
Dia_Comp_312,D312,molar,-32.987057359962336
Dia_Comp_193,D193,molar,-17.95185501748501
Dia_Comp_1148,D1148,molar,-35.1059036268773
Para_Comp_40,P40,molar,135.38358540741925
Para_Comp_700,P700,molar,34.64967034350585
Dia_Comp_1283,D1283,molar,-27.526504230195666
Dia_Comp_331,D331,molar,-54.91027935790742
Dia_Comp_66,D66,molar,-31.280635750047566
Para_Comp_563,P563,molar,10.464253521182156
Para_Comp_281,P281,molar,57.18290543444626
Para_Comp_1432,P1432,molar,78.62981978004981
Levitator_Proxy_12,L12,molar,-200.039322111676
Dia_Comp_886,D886,molar,-45.58432485038409
Para_Comp_569,P569,molar,145.70132273911065
Para_Comp_1009,P1009,molar,356.26757641598283
Dia_Comp_135,D135,molar,-32.58830863466241
Para_Comp_679,P679,molar,165.79564586709395
Para_Comp_1305,P1305,molar,234.9371384237298
Para_Comp_963,P963,molar,498.87731825835795
Para_Comp_650,P650,molar,107.82634650302488
Dia_Comp_576,D576,molar,-48.89417761587735
Dia_Comp_320,D320,molar,-33.31857051815589
Para_Comp_180,P180,molar,11.270829354722913
Dia_Comp_989,D989,molar,-45.567579994761196
Para_Comp_258,P258,molar,410.4985031346308
Dia_Comp_965,D965,molar,-45.88262925813553
Para_Comp_1108,P1108,molar,50.50463689969527
Para_Comp_990,P990,molar,209.1329683317335
Dia_Comp_427,D427,molar,-50.58430178389561
Para_Comp_262,P262,molar,70.32315667145795
Para_Comp_1247,P1247,molar,67.65433374615134
Para_Comp_480,P480,molar,120.96817180782399
Para_Comp_485,P485,molar,14.691529482581739
Dia_Comp_950,D950,molar,-36.3532526366354
Para_Comp_609,P609,molar,144.2831991867709
Dia_Comp_1024,D1024,molar,-47.24470760442664
Para_Comp_1086,P1086,molar,136.9132311166868
Para_Comp_1059,P1059,molar,292.80759644182194
Dia_Comp_1229,D1229,molar,-64.62897601013192
Para_Comp_1599,P1599,molar,177.9069273049099
Dia_Comp_797,D797,molar,-53.24687447425174
Dia_Comp_28,D28,molar,-61.10898421230496
Dia_Comp_687,D687,molar,-35.20087402268796
Para_Comp_1569,P1569,molar,128.98358569916064
Para_Comp_270,P270,molar,37.88206341272296
Para_Comp_624,P624,molar,28.058356889309593
Levitator_Proxy_14,L14,molar,-323.54567711394867
Para_Comp_222,P222,molar,305.14537799862046
Para_Comp_798,P798,molar,82.11736587905277
Para_Comp_1364,P1364,molar,166.18025141862486
Dia_Comp_207,D207,molar,-66.46744080065203
Para_Comp_265,P265,molar,106.0266871513042
Para_Comp_752,P752,molar,526.0185007218878
Para_Comp_3,P3,molar,181.54618159293568
Para_Comp_1234,P1234,molar,98.62058087598407
Dia_Comp_646,D646,molar,-38.20131049339509
Dia_Comp_132,D132,molar,-32.317289205574944
Dia_Comp_1311,D1311,molar,-56.22528780042843
Dia_Comp_799,D799,molar,-34.849187663152215
Dia_Comp_923,D923,molar,-53.69690813768173
Dia_Comp_463,D463,molar,-30.61855367585713
Dia_Comp_1233,D1233,molar,-50.77183409213406
Dia_Comp_1247,D1247,molar,-53.28203566250474
Para_Comp_12,P12,molar,33.92481083773478
Para_Comp_136,P136,molar,418.0828487927946
Para_Comp_1214,P1214,molar,217.52097364858284
Para_Comp_423,P423,molar,189.1619183349379
Dia_Comp_1269,D1269,molar,-58.579498006420316
Dia_Comp_628,D628,molar,-18.539401009869035
Dia_Comp_844,D844,molar,-44.06999028018628
Dia_Comp_100,D100,molar,-40.322131623246435
Para_Comp_534,P534,molar,408.8147658600858
Para_Comp_1275,P1275,molar,62.692999620825525
Dia_Comp_226,D226,molar,-45.99167240249578
Para_Comp_1497,P1497,molar,817.7690743653401
Levitator_Proxy_27,L27,molar,-308.1747200070607
Dia_Comp_243,D243,molar,-39.208618496762874
Para_Comp_1007,P1007,molar,13.749750977860028
Dia_Comp_584,D584,molar,-49.98843495504963
Levitator_Proxy_34,L34,molar,-237.08675034448714
Para_Comp_742,P742,molar,174.97422493990433
Para_Comp_301,P301,molar,116.83444323264331
Para_Comp_668,P668,molar,110.05792431695612
Dia_Comp_1035,D1035,molar,-4.805645602769822
Para_Comp_690,P690,molar,179.57046924404523
Dia_Comp_1211,D1211,molar,-3.1434624095137167
Para_Comp_1475,P1475,molar,191.34765571477232
Dia_Comp_1044,D1044,molar,-55.628063904489565
Para_Comp_1390,P1390,molar,40.654695734645315
Dia_Comp_1323,D1323,molar,-39.02921629883951
Para_Comp_792,P792,molar,22.738063718241246
Para_Comp_930,P930,molar,23.82347567426895
Para_Comp_1509,P1509,molar,60.25343866958661
Para_Comp_1169,P1169,molar,157.23453522502044
Para_Comp_1088,P1088,molar,10.349226182112309
Dia_Comp_579,D579,molar,-30.062810805153326
Dia_Comp_1135,D1135,molar,-35.24278607175836
Para_Comp_812,P812,molar,436.75422392518595
Dia_Comp_771,D771,molar,-59.30220717109029
Para_Comp_1256,P1256,molar,463.155679280173
Dia_Comp_918,D918,molar,-54.06166791736374
Para_Comp_490,P490,molar,128.07408800716456
Para_Comp_1473,P1473,molar,655.4175131738239
Dia_Comp_373,D373,molar,-37.76949196841034
Dia_Comp_251,D251,molar,-33.20525269566057
Dia_Comp_1107,D1107,molar,-41.78319792148602
Para_Comp_475,P475,molar,161.61801778243085
Dia_Comp_45,D45,molar,-56.209535300183894
Para_Comp_949,P949,molar,116.96468149563256
Para_Comp_1031,P1031,molar,166.61986895382472
Dia_Comp_1293,D1293,molar,-51.5357168510522
Para_Comp_915,P915,molar,91.4246545279766
Para_Comp_574,P574,molar,72.51367666773109
Dia_Comp_204,D204,molar,-37.525369615559796
Dia_Comp_317,D317,molar,-28.430459898809204
Para_Comp_232,P232,molar,284.79213610771376
Dia_Comp_1248,D1248,molar,-28.246703443356843
Para_Comp_264,P264,molar,82.56467322686726
Dia_Comp_1064,D1064,molar,-39.213984638285176
Para_Comp_1145,P1145,molar,150.93970420373319
Levitator_Proxy_23,L23,molar,-249.99728104336435
Dia_Comp_79,D79,molar,-28.480863703434828
Para_Comp_966,P966,molar,420.77651967557256
Para_Comp_484,P484,molar,87.60703697706035
Para_Comp_854,P854,molar,33.81815268944146
Para_Comp_710,P710,molar,197.71924730289788
Para_Comp_1290,P1290,molar,42.20488202042829
Dia_Comp_326,D326,molar,-48.05240043405326
Dia_Comp_1235,D1235,molar,-26.80308484287795
Dia_Comp_1327,D1327,molar,-53.132687441496614
Para_Comp_816,P816,molar,397.28937010478734
Para_Comp_1598,P1598,molar,116.75067817694107
Para_Comp_1005,P1005,molar,99.08058272094883
Para_Comp_1435,P1435,molar,86.01339731191777
Dia_Comp_1115,D1115,molar,-31.516709083876183
Para_Comp_765,P765,molar,66.53070175548532
Dia_Comp_998,D998,molar,-1.0
Dia_Comp_1370,D1370,molar,-16.856099872235884
Para_Comp_108,P108,molar,283.60996238431375
Levitator_Proxy_37,L37,molar,-259.3495876290826
Para_Comp_791,P791,molar,42.48405178069463
Para_Comp_202,P202,molar,14.842667041679185
Para_Comp_850,P850,molar,185.38626449639995
Para_Comp_984,P984,molar,49.888386240713814
Para_Comp_744,P744,molar,82.16341546463244
Para_Comp_1106,P1106,molar,375.4840119051259
Para_Comp_773,P773,molar,29.119327039303005
Dia_Comp_690,D690,molar,-45.45570475853079
Dia_Comp_972,D972,molar,-36.4187329333528
Para_Comp_396,P396,molar,380.5868542728518
Dia_Comp_68,D68,molar,-61.371943549418674
Para_Comp_1553,P1553,molar,84.14972908918807
Dia_Comp_1301,D1301,molar,-47.518789900146885
Dia_Comp_382,D382,molar,-47.38110462142733
Para_Comp_662,P662,molar,39.63713542529801
Para_Comp_1133,P1133,molar,48.48412089360921
Dia_Comp_778,D778,molar,-42.3487933265246
Dia_Comp_83,D83,molar,-39.8947324701721
Dia_Comp_1199,D1199,molar,-51.894332931985126
Dia_Comp_601,D601,molar,-22.91853070809049
Dia_Comp_369,D369,molar,-26.030483308763753
Dia_Comp_558,D558,molar,-36.83892895870201
Dia_Comp_518,D518,molar,-52.150898267084386
Para_Comp_1339,P1339,molar,35.51093683481089
Para_Comp_653,P653,molar,49.99383607472615
Para_Comp_721,P721,molar,11.047807689198265
Dia_Comp_1131,D1131,molar,-38.78290687762215
Dia_Comp_287,D287,molar,-25.50155653537309
Para_Comp_134,P134,molar,38.63425859927345
Para_Comp_1375,P1375,molar,195.22785906811205
Para_Comp_880,P880,molar,142.3320483693565
Para_Comp_195,P195,molar,149.61132563946018
Para_Comp_36,P36,molar,210.91893071822682
Para_Comp_443,P443,molar,111.21055422125013
Para_Comp_1230,P1230,molar,290.172004457479
Dia_Comp_980,D980,molar,-24.9334245216859
Para_Comp_1456,P1456,molar,147.7375236394979
Para_Comp_172,P172,molar,250.83350667198258
Dia_Comp_1297,D1297,molar,-48.740621083487405
Para_Comp_577,P577,molar,236.0233070886268
Para_Comp_1332,P1332,molar,599.5887554162905
Para_Comp_1163,P1163,molar,39.83616163169399
Dia_Comp_405,D405,molar,-28.580394473033856
Para_Comp_407,P407,molar,484.03291764530974
Dia_Comp_634,D634,molar,-28.244133975952117
Para_Comp_1446,P1446,molar,100.46357300004578
Dia_Comp_532,D532,molar,-23.795663059199885
Dia_Comp_1226,D1226,molar,-36.436981029308456
Dia_Comp_282,D282,molar,-32.90092413327906
Dia_Comp_289,D289,molar,-36.494931398298604
Dia_Comp_1051,D1051,molar,-55.46432970044289
Para_Comp_1480,P1480,molar,94.94809390080937
Para_Comp_511,P511,molar,135.64994135707474
Dia_Comp_505,D505,molar,-42.25336902421789
Para_Comp_1444,P1444,molar,356.6385459365924
Levitator_Proxy_10,L10,molar,-216.69648667642218
Dia_Comp_99,D99,molar,-56.171138587250965
Para_Comp_1543,P1543,molar,326.6233586273176
Dia_Comp_874,D874,molar,-54.761067703250504
Para_Comp_1447,P1447,molar,127.38070506443123
Para_Comp_293,P293,molar,106.06937157418255
Para_Comp_368,P368,molar,252.26933421967078
Dia_Comp_837,D837,molar,-22.94529549299619
Dia_Comp_367,D367,molar,-19.331889079355683
Para_Comp_159,P159,molar,318.9029814751451
Dia_Comp_458,D458,molar,-11.718367250478625
Para_Comp_215,P215,molar,16.494504743594447
Para_Comp_79,P79,molar,130.04118657694565
Para_Comp_186,P186,molar,255.1353782120086
Para_Comp_228,P228,molar,334.60667419764235
Dia_Comp_959,D959,molar,-49.33301224894019
Para_Comp_1043,P1043,molar,314.77587478094676
Dia_Comp_105,D105,molar,-31.000617649207808
Dia_Comp_477,D477,molar,-12.243993044618097
Dia_Comp_915,D915,molar,-37.94492588978758
Dia_Comp_740,D740,molar,-26.39837836108772
Dia_Comp_1028,D1028,molar,-23.59104584121484
Dia_Comp_581,D581,molar,-47.426947702550784
Dia_Comp_984,D984,molar,-26.222030416330917
Dia_Comp_1062,D1062,molar,-49.51934106781344
Dia_Comp_719,D719,molar,-33.14170454942404
Dia_Comp_694,D694,molar,-35.57445214729435
Dia_Comp_1057,D1057,molar,-23.975194158774062
Para_Comp_1469,P1469,molar,29.241652202945424
Dia_Comp_263,D263,molar,-45.0363229349345
Dia_Comp_224,D224,molar,-14.880424124602342
Dia_Comp_1329,D1329,molar,-27.899645705603053
Para_Comp_350,P350,molar,229.06953577188017
Dia_Comp_181,D181,molar,-37.43428367320984
Para_Comp_683,P683,molar,653.962145988778
Dia_Comp_435,D435,molar,-39.90354594243979
Para_Comp_489,P489,molar,37.824928506472716
Dia_Comp_1257,D1257,molar,-33.2821859701281
Dia_Comp_198,D198,molar,-40.16592994701174
Para_Comp_864,P864,molar,106.76333598484607
Dia_Comp_1246,D1246,molar,-57.159265008935975
Para_Comp_1407,P1407,molar,56.84534507215624
Para_Comp_1195,P1195,molar,130.24893231318453
Dia_Comp_1000,D1000,molar,-16.580884001048073
Para_Comp_1162,P1162,molar,123.8866353825206
Dia_Comp_898,D898,molar,-48.53526304971389
Dia_Comp_1287,D1287,molar,-29.701058675013506
Para_Comp_1454,P1454,molar,12.18353023304298
Para_Comp_800,P800,molar,84.19930373421379
Dia_Comp_25,D25,molar,-71.15789177234743
Para_Comp_733,P733,molar,273.3882840409042
Dia_Comp_108,D108,molar,-34.100464017144965
Para_Comp_639,P639,molar,275.1699201182623
Para_Comp_433,P433,molar,546.3875904561828
Para_Comp_556,P556,molar,109.96134669197338
Dia_Comp_288,D288,molar,-6.8827894962058025
Dia_Comp_82,D82,molar,-38.20278887254539
Para_Comp_632,P632,molar,51.16101139620627
Levitator_Proxy_22,L22,molar,-300.147310350802
Dia_Comp_1102,D1102,molar,-53.18664042758938
Para_Comp_659,P659,molar,61.81459283892155
Dia_Comp_519,D519,molar,-33.443475640787554
Para_Comp_1117,P1117,molar,93.86902033309181
Dia_Comp_411,D411,molar,-2.920089966770142
Para_Comp_948,P948,molar,188.62518310489472
Para_Comp_727,P727,molar,486.47704067977895
Dia_Comp_90,D90,molar,-57.476288081170416
Dia_Comp_377,D377,molar,-52.37808858062009
Para_Comp_1303,P1303,molar,115.26103025753733
Para_Comp_115,P115,molar,217.97008795369865
Para_Comp_304,P304,molar,12.285382940958957
Dia_Comp_245,D245,molar,-9.14772076418312
Para_Comp_234,P234,molar,119.60698696866497
Dia_Comp_227,D227,molar,-21.85503264876959
Dia_Comp_115,D115,molar,-28.41801193833161
Dia_Comp_585,D585,molar,-62.114646464334214
Dia_Comp_127,D127,molar,-20.046299321210075
Dia_Comp_101,D101,molar,-32.49723736134435
Para_Comp_129,P129,molar,79.96088773753941
Dia_Comp_86,D86,molar,-24.346067007378714
Dia_Comp_1066,D1066,molar,-67.2912141394664
Para_Comp_834,P834,molar,11.099191669797346
Para_Comp_866,P866,molar,10.104614182920374
Para_Comp_969,P969,molar,282.8994375253042
Para_Comp_1177,P1177,molar,41.28240156824374
Dia_Comp_782,D782,molar,-8.75670772691742
Dia_Comp_1129,D1129,molar,-49.616166088666894
Para_Comp_1592,P1592,molar,100.13925113787109
Para_Comp_496,P496,molar,175.5435180224886
Dia_Comp_241,D241,molar,-47.41488054454364
Para_Comp_857,P857,molar,11.47141364871409
Dia_Comp_963,D963,molar,-24.111360211060724
Dia_Comp_293,D293,molar,-24.852596945867923
Para_Comp_938,P938,molar,68.0123789763048
Dia_Comp_503,D503,molar,-31.949292486506657
Dia_Comp_1288,D1288,molar,-34.537659568189824
Dia_Comp_1300,D1300,molar,-42.88524236028502
Dia_Comp_644,D644,molar,-27.619472199632696
Para_Comp_1596,P1596,molar,193.93503350159318
Para_Comp_1039,P1039,molar,26.78558797539853
Para_Comp_1520,P1520,molar,162.8613465247561
Para_Comp_620,P620,molar,124.58972751861393
Para_Comp_753,P753,molar,104.59728324203371
Para_Comp_397,P397,molar,34.872813711799466
Dia_Comp_470,D470,molar,-52.341666665147386
Levitator_Proxy_38,L38,molar,-330.31703436098525
Dia_Comp_1153,D1153,molar,-46.71356548390918
Para_Comp_314,P314,molar,206.38689888597148
Dia_Comp_313,D313,molar,-18.930200453249746
Para_Comp_1388,P1388,molar,98.40759012375324
Dia_Comp_342,D342,molar,-31.61200521798812
Para_Comp_1138,P1138,molar,519.9275137855179
Para_Comp_1128,P1128,molar,207.88962128534487
Dia_Comp_1382,D1382,molar,-14.206247747402891
Dia_Comp_1356,D1356,molar,-38.02313276291874
Dia_Comp_673,D673,molar,-24.411010018203164
Para_Comp_415,P415,molar,88.38779358527101
Para_Comp_1564,P1564,molar,13.358528338383858
Dia_Comp_111,D111,molar,-60.44439324717554
Para_Comp_1166,P1166,molar,67.41816303217006
Dia_Comp_336,D336,molar,-39.810024502389105
Para_Comp_654,P654,molar,19.32698277145974
Para_Comp_1249,P1249,molar,227.51501412027068
Levitator_Proxy_31,L31,molar,-263.1607573895198
Dia_Comp_747,D747,molar,-30.101458184945184
Para_Comp_425,P425,molar,25.565288796664515
Dia_Comp_982,D982,molar,-32.12080892916727
Para_Comp_256,P256,molar,20.884936374822544
Para_Comp_521,P521,molar,226.4772119809469
Dia_Comp_568,D568,molar,-51.13527834228121
Para_Comp_26,P26,molar,253.22898782516418
Para_Comp_793,P793,molar,206.81458007945756
Dia_Comp_315,D315,molar,-51.23055858781751
Dia_Comp_1392,D1392,molar,-63.324073056572416
Dia_Comp_1179,D1179,molar,-48.5492749605615
Dia_Comp_843,D843,molar,-1.0
Dia_Comp_995,D995,molar,-45.86842369616875
Para_Comp_908,P908,molar,372.61211871037074
Para_Comp_1004,P1004,molar,51.55509448123123
Para_Comp_60,P60,molar,575.454975865746
Para_Comp_506,P506,molar,84.40022644584516
Dia_Comp_137,D137,molar,-23.489039928255462
Para_Comp_1438,P1438,molar,119.19029553148935
Para_Comp_116,P116,molar,136.06313292288664
Para_Comp_711,P711,molar,213.9704539600626
Para_Comp_537,P537,molar,24.388650470337705
Para_Comp_528,P528,molar,161.4349583255398
Dia_Comp_931,D931,molar,-38.525228567343184
Dia_Comp_1068,D1068,molar,-21.928020739989776
Dia_Comp_852,D852,molar,-25.542476977826936
Dia_Comp_219,D219,molar,-20.23872753489547
Para_Comp_1486,P1486,molar,43.53077172431611
Dia_Comp_432,D432,molar,-46.34712859506888
Para_Comp_888,P888,molar,311.5734114225478
Para_Comp_1307,P1307,molar,517.5093520266927
Dia_Comp_460,D460,molar,-50.78225652196834
Para_Comp_438,P438,molar,466.2828421199486
Para_Comp_865,P865,molar,139.43304537318184
Para_Comp_1450,P1450,molar,24.8713117202048
Dia_Comp_1121,D1121,molar,-13.3359262738933
Dia_Comp_657,D657,molar,-34.35866135865948
Para_Comp_600,P600,molar,99.94715199252364
Para_Comp_1127,P1127,molar,118.42750110909199
Para_Comp_947,P947,molar,404.94275259264737
Para_Comp_1143,P1143,molar,436.977657428355
Dia_Comp_1164,D1164,molar,-48.17600938947781
Para_Comp_911,P911,molar,43.73141559714023
Dia_Comp_406,D406,molar,-37.751735893815216
Dia_Comp_89,D89,molar,-24.805119120341878
Dia_Comp_1008,D1008,molar,-23.458876683731802
Dia_Comp_338,D338,molar,-48.61920105296259
Para_Comp_1504,P1504,molar,62.19219505697538
Para_Comp_1016,P1016,molar,192.41418131235497
Para_Comp_1252,P1252,molar,164.68902629220835
Dia_Comp_321,D321,molar,-36.82287412844633
Para_Comp_531,P531,molar,269.7988323428165
Para_Comp_369,P369,molar,195.98523740579208
Para_Comp_1585,P1585,molar,90.42437688186601
Para_Comp_907,P907,molar,65.14724597758025
Dia_Comp_1289,D1289,molar,-63.76924320422917
Para_Comp_1053,P1053,molar,468.1779922035558
Dia_Comp_103,D103,molar,-39.838590370458796
Dia_Comp_1378,D1378,molar,-37.634631036980295
Dia_Comp_57,D57,molar,-27.218535146396793
Dia_Comp_814,D814,molar,-51.58914285079002
Dia_Comp_660,D660,molar,-38.49284157421376
Dia_Comp_476,D476,molar,-50.12308421353186
Dia_Comp_700,D700,molar,-13.776531302489683
Dia_Comp_830,D830,molar,-31.581463173214544
Levitator_Proxy_7,L7,molar,-272.47579689047996
Para_Comp_337,P337,molar,88.7457964583059
Dia_Comp_623,D623,molar,-22.396200578148722
Dia_Comp_231,D231,molar,-42.31260593931952
Para_Comp_86,P86,molar,50.41156220534753
Dia_Comp_1321,D1321,molar,-40.97769553547167
Para_Comp_1189,P1189,molar,635.7806593311801
Dia_Comp_1307,D1307,molar,-38.94114159316087
Dia_Comp_452,D452,molar,-69.63208507092406
Dia_Comp_292,D292,molar,-45.38354495186427
Para_Comp_1071,P1071,molar,84.42631010736461
Dia_Comp_125,D125,molar,-20.11687769021119
Para_Comp_1102,P1102,molar,71.5936685242811
Para_Comp_1222,P1222,molar,72.76491021162371
Dia_Comp_98,D98,molar,-68.75572293138924
Dia_Comp_1302,D1302,molar,-52.747472764207906
Para_Comp_971,P971,molar,148.28623504420526
Para_Comp_998,P998,molar,81.17909181368056
Levitator_Proxy_1,L1,molar,-215.40083045161825
Para_Comp_194,P194,molar,157.36790578784948
Para_Comp_843,P843,molar,112.62010497472022
Para_Comp_671,P671,molar,15.650648040265107
Para_Comp_1224,P1224,molar,351.06064232162976
Dia_Comp_813,D813,molar,-38.04405409544564
Dia_Comp_1018,D1018,molar,-37.639288914767256
Dia_Comp_1376,D1376,molar,-32.83227841388018
Dia_Comp_154,D154,molar,-50.61591555510273
Dia_Comp_73,D73,molar,-9.30741640141434
Dia_Comp_1385,D1385,molar,-14.104450737968946
Para_Comp_621,P621,molar,239.36274675928289
Dia_Comp_1042,D1042,molar,-22.64537336487551
Para_Comp_1255,P1255,molar,82.70630098911035
Dia_Comp_1097,D1097,molar,-31.723631794269846
Dia_Comp_499,D499,molar,-24.67650845594328
Dia_Comp_1156,D1156,molar,-53.89473894861243
Para_Comp_367,P367,molar,264.9253454219014
Dia_Comp_940,D940,molar,-21.592964508692937
Dia_Comp_936,D936,molar,-32.764231997185355
Dia_Comp_717,D717,molar,-47.30335721328447
Dia_Comp_468,D468,molar,-20.233554995599842
Para_Comp_324,P324,molar,306.2519122641112
Para_Comp_655,P655,molar,256.28872873358284
Para_Comp_90,P90,molar,31.562322840341263
Para_Comp_1101,P1101,molar,152.10751596428156
Para_Comp_1179,P1179,molar,101.48623130341898
Para_Comp_1263,P1263,molar,234.3757154712101
Para_Comp_955,P955,molar,80.51976461398252
Para_Comp_45,P45,molar,73.94383933451027
Dia_Comp_212,D212,molar,-66.77925029412219
Dia_Comp_160,D160,molar,-28.12576563493733
Para_Comp_100,P100,molar,324.63279690770355
Dia_Comp_211,D211,molar,-31.636690784339805
Para_Comp_1232,P1232,molar,36.77451914115454
Dia_Comp_92,D92,molar,-24.260309195604524
Dia_Comp_183,D183,molar,-46.68311240980321
Para_Comp_768,P768,molar,256.09488547007663
Dia_Comp_1197,D1197,molar,-64.37188082231572
Para_Comp_101,P101,molar,41.07430560499351
Para_Comp_1227,P1227,molar,80.52434653939096
Para_Comp_747,P747,molar,35.854758196865646
Para_Comp_813,P813,molar,37.77722933578899
Dia_Comp_870,D870,molar,-33.6330639882263
Dia_Comp_48,D48,molar,-39.93517342399423
Para_Comp_505,P505,molar,259.7266948582734
Dia_Comp_262,D262,molar,-8.462954334157182
Dia_Comp_945,D945,molar,-47.372769231933994
Dia_Comp_1123,D1123,molar,-65.80226749946624
Para_Comp_1336,P1336,molar,46.07972816587115
Para_Comp_1577,P1577,molar,164.67241672259908
Para_Comp_1100,P1100,molar,78.67385495082523
Dia_Comp_429,D429,molar,-27.807767485594304
Para_Comp_858,P858,molar,227.26863673413828
Dia_Comp_1125,D1125,molar,-45.57645624751143
Dia_Comp_117,D117,molar,-28.016051408053364
Dia_Comp_29,D29,molar,-43.476073801407715
Levitator_Proxy_35,L35,molar,-276.4286502954526
Dia_Comp_46,D46,molar,-39.25877719280465
Dia_Comp_214,D214,molar,-59.959235024455
Para_Comp_1023,P1023,molar,334.27799660874473
Dia_Comp_1239,D1239,molar,-52.804186573124014
Dia_Comp_668,D668,molar,-54.95817127145267
Para_Comp_1003,P1003,molar,48.94029029987656
Para_Comp_62,P62,molar,156.9754866919002
Para_Comp_390,P390,molar,159.75374461512146
Para_Comp_559,P559,molar,150.87259187598897
Para_Comp_1097,P1097,molar,135.73696356100334
Para_Comp_1333,P1333,molar,533.2821994824868
Dia_Comp_788,D788,molar,-43.46164267884891
Dia_Comp_1034,D1034,molar,-54.99482360541728
Para_Comp_388,P388,molar,127.87415314138309
Dia_Comp_1352,D1352,molar,-31.1911927480598
Para_Comp_1182,P1182,molar,341.529209090459
Levitator_Proxy_2,L2,molar,-269.0598568605216
Para_Comp_1178,P1178,molar,43.61297613710635
Para_Comp_567,P567,molar,102.57383725432493
Dia_Comp_1168,D1168,molar,-66.99897242209778
Para_Comp_414,P414,molar,167.04476914035
Dia_Comp_30,D30,molar,-46.67994339260646
Para_Comp_468,P468,molar,23.055117069576262
Levitator_Proxy_20,L20,molar,-318.8606014050372
Para_Comp_823,P823,molar,60.4950907521602
Para_Comp_1012,P1012,molar,301.29182905785296
Para_Comp_878,P878,molar,162.45796038198847
Para_Comp_1314,P1314,molar,79.751635337781
Para_Comp_619,P619,molar,21.638137674068425
Dia_Comp_662,D662,molar,-55.706440075604554
Dia_Comp_706,D706,molar,-27.64986970199007
Dia_Comp_269,D269,molar,-25.677098556361617
Para_Comp_796,P796,molar,26.389624498085375
Para_Comp_612,P612,molar,127.09074640050352
Para_Comp_239,P239,molar,256.90029748307126
Para_Comp_781,P781,molar,21.91971904327434
Para_Comp_735,P735,molar,329.4295655154423
Dia_Comp_9,D9,molar,-41.14226996219278
Para_Comp_103,P103,molar,100.65120716625187
Dia_Comp_221,D221,molar,-72.84144164259362
Dia_Comp_537,D537,molar,-33.11423580274109
Para_Comp_113,P113,molar,318.9349579369223
Para_Comp_1199,P1199,molar,310.4218352986121
Dia_Comp_750,D750,molar,-24.3893688048103
Para_Comp_1378,P1378,molar,83.56306572717656
Para_Comp_1459,P1459,molar,61.061189501494425
Para_Comp_1061,P1061,molar,51.65099867386878
Para_Comp_1572,P1572,molar,55.21615652309923
Dia_Comp_1093,D1093,molar,-37.379814314267605
Dia_Comp_570,D570,molar,-66.2582381287859
Dia_Comp_379,D379,molar,-39.620017143271184
Para_Comp_1503,P1503,molar,156.81927817545696
Para_Comp_1208,P1208,molar,573.6401520462377
Dia_Comp_1253,D1253,molar,-31.81173647361103
Para_Comp_224,P224,molar,21.67227595715
Para_Comp_708,P708,molar,73.65890843551114
Para_Comp_981,P981,molar,56.83761472762371
Dia_Comp_962,D962,molar,-31.027650747146623
Para_Comp_93,P93,molar,83.184653315774
Para_Comp_618,P618,molar,20.70125814886152
Para_Comp_666,P666,molar,152.77070167925802
Para_Comp_959,P959,molar,565.2573774489437
Dia_Comp_713,D713,molar,-27.003329912791713
Para_Comp_644,P644,molar,38.37296090876346
Para_Comp_169,P169,molar,35.99100530319516
Dia_Comp_869,D869,molar,-22.708355557328737
Dia_Comp_858,D858,molar,-34.1342229342203
Para_Comp_419,P419,molar,134.2539466921302
Dia_Comp_1186,D1186,molar,-47.35924320906883
Dia_Comp_258,D258,molar,-45.09752859961806
Para_Comp_525,P525,molar,26.37770739865211
Para_Comp_689,P689,molar,126.90299368459011
Para_Comp_34,P34,molar,49.594426417271364
Para_Comp_1024,P1024,molar,189.3817041342805
Para_Comp_1376,P1376,molar,75.18767861297955
Para_Comp_486,P486,molar,46.99551604287878
Dia_Comp_1277,D1277,molar,-28.55743599254218
Dia_Comp_609,D609,molar,-6.191673199182404
Para_Comp_1415,P1415,molar,11.334943047245435
Para_Comp_1187,P1187,molar,11.12953838408414
Para_Comp_117,P117,molar,109.86297466756223
Dia_Comp_976,D976,molar,-52.09540176451651
Para_Comp_1137,P1137,molar,687.4686907086427
Dia_Comp_1050,D1050,molar,-18.970709021053686
Dia_Comp_286,D286,molar,-37.3267994173259
Para_Comp_967,P967,molar,168.1882364653385
Dia_Comp_1341,D1341,molar,-45.30450664274202
Para_Comp_627,P627,molar,29.03943129130652
Levitator_Proxy_29,L29,molar,-314.73086593483015
Para_Comp_921,P921,molar,116.00356399478837
Para_Comp_76,P76,molar,19.676369910401718
Dia_Comp_932,D932,molar,-53.14265032598984
Dia_Comp_109,D109,molar,-56.758593443806554
Dia_Comp_60,D60,molar,-59.4164476819344
Para_Comp_1146,P1146,molar,307.932544664285
Dia_Comp_838,D838,molar,-28.379331125518327
Dia_Comp_1105,D1105,molar,-28.43272431054449
Para_Comp_786,P786,molar,19.889329515303977
Dia_Comp_512,D512,molar,-42.25689256832537
Dia_Comp_339,D339,molar,-8.702208084633888
Dia_Comp_753,D753,molar,-38.00967618704783
Para_Comp_334,P334,molar,21.567252573141904
Dia_Comp_1,D1,molar,-51.55499310943816
Dia_Comp_50,D50,molar,-43.94809160591468
Dia_Comp_1145,D1145,molar,-66.38373208695029
Para_Comp_1200,P1200,molar,46.86398476847957
Para_Comp_84,P84,molar,312.4196628109447
Para_Comp_916,P916,molar,202.6733177479139
Para_Comp_1006,P1006,molar,301.3308406783511
Dia_Comp_670,D670,molar,-37.773938227352716
Para_Comp_1483,P1483,molar,57.634300390035335
Dia_Comp_266,D266,molar,-54.28475981973831
Dia_Comp_34,D34,molar,-69.37359058903225
Para_Comp_1374,P1374,molar,62.18974949218267
Dia_Comp_1067,D1067,molar,-31.796934084024194
Dia_Comp_914,D914,molar,-43.24298462593042
Para_Comp_549,P549,molar,36.62293170975739
Dia_Comp_186,D186,molar,-34.369326626388286
Para_Comp_802,P802,molar,110.22336683720494
Para_Comp_471,P471,molar,13.181906329006756
Para_Comp_603,P603,molar,169.35185888933012
Para_Comp_1340,P1340,molar,23.540457732652253
Dia_Comp_113,D113,molar,-36.010372599527145
Dia_Comp_230,D230,molar,-27.20048901921801
Para_Comp_803,P803,molar,126.42835933287142
Para_Comp_276,P276,molar,30.296577434276493
Para_Comp_418,P418,molar,193.48473136445546
Para_Comp_751,P751,molar,87.07183151747037
Para_Comp_277,P277,molar,144.02437085164
Para_Comp_706,P706,molar,151.05641786569166
Para_Comp_1268,P1268,molar,197.8715665186047
Para_Comp_464,P464,molar,307.64253096582974
Dia_Comp_894,D894,molar,-45.49158019613937
Para_Comp_1398,P1398,molar,21.146177413666308
Para_Comp_1355,P1355,molar,241.56367402216924
Dia_Comp_177,D177,molar,-41.522104955237175
Para_Comp_933,P933,molar,74.89415498292911
Para_Comp_660,P660,molar,103.57184433464475
Para_Comp_1164,P1164,molar,151.81941299114072
Para_Comp_1426,P1426,molar,246.92946949848988
Dia_Comp_365,D365,molar,-43.518062082481975
Para_Comp_827,P827,molar,156.39062429664378
Dia_Comp_815,D815,molar,-34.765778186156545
Dia_Comp_1351,D1351,molar,-46.32265222760052
Dia_Comp_531,D531,molar,-48.61825450534745
Dia_Comp_359,D359,molar,-46.780404698699314
Para_Comp_359,P359,molar,119.5525483283519
Para_Comp_27,P27,molar,78.41500382758603
Dia_Comp_32,D32,molar,-46.16513640777215
Para_Comp_143,P143,molar,85.56547140903685
Dia_Comp_1161,D1161,molar,-28.89288161107863
